"id","name","country_id","language_id","region_id","data_value","start_date","end_date","publish_status","view_id","page_url","url_directory","meta_title","meta_description","home_page_id","super_app_id","legacy_template_id","is_mobile","space_between_items","show_on_search_engines","create_date","is_deleted"
3178,[OLD] APP-SEVGILILER-GUNU-LP-2026,1,1,1,"{""componentJson"": [{""id"": 6352, ""displayOrder"": 1}, {""id"": 6353, ""displayOrder"": 2}, {""id"": 6354, ""displayOrder"": 3}, {""id"": 6355, ""displayOrder"": 4}, {""id"": 6356, ""displayOrder"": 5}, {""id"": 6357, ""displayOrder"": 6}]}","2026-01-26 08:40:31","2030-02-02 13:01:41",1,2,sevgililer-gunu-hediyesi-nt,/katalog,"","",95675,0,122728,true,false,0,"2026-02-17 21:40:56.449319",false
3179,[OLD] TEST2601,1,1,1,"{""componentJson"": [{""id"": 6358, ""displayOrder"": 1}]}","2026-01-25 18:55:02.662865","2027-01-25 21:49:57",1,2,test2601,/katalog,test,test,0,0,122788,false,false,0,"2026-02-17 21:40:56.546055",false
3180,[OLD] WEB-KADIN-YENI-SEZON-XSIDE,1,1,1,"{""componentJson"": [{""id"": 6359, ""displayOrder"": 1}]}","2026-02-13 12:11:10","2029-12-31 21:00:00",1,2,xside-kadin,/katalog,"","",0,0,124309,false,false,0,"2026-02-17 21:40:56.631701",false
3181,[OLD] APP-KADIN-YENI-SEZON-XSIDE,1,1,1,"{""componentJson"": [{""id"": 6360, ""displayOrder"": 1}]}","2026-02-13 12:11:10","2029-12-31 21:00:00",1,2,xside-kadin-nt,/katalog,"","",0,0,124310,true,false,0,"2026-02-17 21:40:56.709201",false
3182,[OLD] WEB-ERKEK-YENI-SEZON-XSIDE,1,1,1,"{""componentJson"": [{""id"": 6361, ""displayOrder"": 1}]}","2026-02-13 12:11:10","2029-12-31 21:00:00",1,2,xside-erkek,/katalog,"","",0,0,124311,false,false,0,"2026-02-17 21:40:56.796018",false
3183,[OLD] APP-ERKEK-YENI-SEZON-XSIDE,1,1,1,"{""componentJson"": [{""id"": 6362, ""displayOrder"": 1}]}","2026-02-13 12:11:10","2029-12-31 21:00:00",1,2,xside-erkek-nt,/katalog,"","",0,0,124314,true,false,0,"2026-02-17 21:40:56.886362",false
3184,[OLD] WEB-KADIN-YENI-SEZON-XSIDE-DERGIMIZ,1,1,1,"{""componentJson"": [{""id"": 7537, ""status"": true, ""displayOrder"": 1}]}","2026-02-13 12:03:25","2029-12-31 21:00:00",1,2,xside-kadin-dergimiz,/katalog,"","",0,0,0,false,false,1,"2026-02-17 21:40:56.979876",false
3187,[OLD] APP-ERKEK-YENI-SEZON-XSIDE-DERGIMIZ,1,1,1,"{""componentJson"": [{""id"": 7536, ""status"": true, ""displayOrder"": 1}]}","2026-02-13 12:04:44","2029-12-31 21:00:00",1,2,xside-erkek-dergimiz-nt,/katalog,"","",0,1,0,true,false,1,"2026-02-17 21:40:57.271131",false
3186,[OLD] WEB-ERKEK-YENI-SEZON-XSIDE-DERGIMIZ,1,1,1,"{""componentJson"": [{""id"": 7538, ""status"": true, ""displayOrder"": 1}]}","2026-02-13 12:04:19","2029-12-31 21:00:00",1,2,xside-erkek-dergimiz,/katalog,"","",0,0,0,false,false,1,"2026-02-17 21:40:57.182715",false
3185,[OLD] APP-KADIN-YENI-SEZON-XSIDE-DERGIMIZ,1,1,1,"{""componentJson"": [{""id"": 7539, ""status"": true, ""displayOrder"": 1}]}","2026-02-13 12:03:58","2029-12-31 21:00:00",1,2,xside-kadin-dergimiz-nt,/katalog,"","",0,1,0,true,false,1,"2026-02-17 21:40:57.084468",false
2352,[OLD] WEB-DEALZONE-080126,13,13,126,"{""componentJson"": [{""id"": 4544, ""isActive"": true, ""displayOrder"": 1}, {""id"": 8212, ""isActive"": true, ""displayOrder"": 2}, {""id"": 7601, ""isActive"": true, ""displayOrder"": 3}, {""id"": 7292, ""isActive"": true, ""displayOrder"": 4}, {""id"": 7315, ""isActive"": true, ""displayOrder"": 5}, {""id"": 7230, ""isActive"": true, ""displayOrder"": 6}, {""id"": 7236, ""isActive"": true, ""displayOrder"": 7}, {""id"": 4548, ""isActive"": true, ""displayOrder"": 8}, {""id"": 7238, ""isActive"": true, ""displayOrder"": 9}, {""id"": 7239, ""isActive"": true, ""displayOrder"": 10}]}","2026-02-06 05:25:39.573","2036-01-08 08:24:36",1,8,"","","","",87,0,0,false,false,1,"2026-02-17 21:37:46.988541",false
1888,[OLD] APP-DEALZONE-080126,12,2,126,"{""componentJson"": [{""id"": 8213, ""isActive"": true, ""displayOrder"": 1}, {""id"": 7454, ""isActive"": true, ""displayOrder"": 2}, {""id"": 7710, ""isActive"": true, ""displayOrder"": 3}, {""id"": 7235, ""isActive"": true, ""displayOrder"": 4}, {""id"": 3777, ""isActive"": true, ""displayOrder"": 5}, {""id"": 7237, ""isActive"": true, ""displayOrder"": 6}]}","2026-02-06 11:29:45.882","2036-01-09 15:45:29",1,8,"","","","",504,1,0,true,false,1,"2026-02-13 00:03:37.557935",false
4332,SEPETMODAL  WEB,50,2,1,"{""componentJson"": [{""id"": 7434, ""status"": false, ""displayOrder"": 1}]}","2026-03-31 13:04:29.624","2054-03-06 07:13:23.416",1,2,sepet,"","","",0,0,0,false,false,1,"2026-03-31 13:04:08.1409",false
4333,SEPETMODAL  WEB,50,7,1,"{""componentJson"": [{""id"": 7434, ""status"": false, ""displayOrder"": 1}]}","2026-03-31 13:04:40.936","2054-03-06 07:13:23.416",1,2,sepet,"","","",0,0,0,false,false,1,"2026-03-31 13:04:08.175571",false
3838,WEB-WOMEN-230226,12,2,126,"{""componentJson"": [{""id"": 8222, ""isActive"": true, ""displayOrder"": 1}]}","2026-02-23 20:00:15.884","2036-02-23 17:52:14.89",1,8,"","","","",405,0,0,false,false,1,"2026-02-23 06:55:14.208312",false
3188,[OLD] TEST-CAN-TEST,1,1,1,"{""componentJson"": [{""id"": 6367, ""displayOrder"": 1}]}","2025-08-07 12:56:52","2035-08-07 12:56:58",1,8,"","","","",95683,1,108690,true,true,0,"2026-02-17 21:41:05.494053",false
2086,[OLD] APP COMFY AT HOME,8,2,126,"{""componentJson"": [{""id"": 7603, ""status"": true, ""displayOrder"": 1}]}","2026-01-13 06:12:45","2033-12-31 21:00:00",1,2,comfy-at-home-nt,/catalog,"","",0,1,0,true,false,1,"2026-02-17 21:36:39.573801",false
2351,[OLD] APP-DEALZONE-080126,13,13,126,"{""componentJson"": [{""id"": 8213, ""isActive"": true, ""displayOrder"": 1}, {""id"": 7600, ""isActive"": true, ""displayOrder"": 2}, {""id"": 7291, ""isActive"": true, ""displayOrder"": 3}, {""id"": 7314, ""isActive"": true, ""displayOrder"": 4}, {""id"": 7229, ""isActive"": true, ""displayOrder"": 5}, {""id"": 7235, ""isActive"": true, ""displayOrder"": 6}, {""id"": 4542, ""isActive"": true, ""displayOrder"": 7}, {""id"": 7237, ""isActive"": true, ""displayOrder"": 8}]}","2026-02-06 05:25:48.747","2036-01-08 08:24:29",1,8,"","","","",171,1,0,true,false,1,"2026-02-17 21:37:46.580307",false
3209,[OLD] WEB-OKUL-TRENDI-ANASAYFASI,1,1,1,"{""componentJson"": [{""id"": 6100, ""displayOrder"": 1}]}","2025-08-21 09:14:49","2035-08-21 09:15:00",1,8,"","","","",95708,0,109333,false,false,0,"2026-02-17 21:41:13.747358",false
3210,[OLD] APP-OKUL-TRENDI-ANASAYFASI	,1,1,1,"{""componentJson"": [{""id"": 6101, ""displayOrder"": 1}, {""id"": 6503, ""displayOrder"": 2}, {""id"": 6504, ""displayOrder"": 3}, {""id"": 6104, ""displayOrder"": 4}, {""id"": 6505, ""displayOrder"": 5}, {""id"": 6106, ""displayOrder"": 6}, {""id"": 6107, ""displayOrder"": 7}]}","2025-08-28 14:08:17","2035-08-21 09:18:00",1,8,"","","","",95702,1,109335,true,false,0,"2026-02-17 21:41:14.080152",false
3212,[OLD] APP-YILBASI-YENI-YIL-KOLEKSIYONU-ANASAYFASI-2025,1,1,1,"{""componentJson"": [{""id"": 6338, ""displayOrder"": 1}, {""id"": 6339, ""displayOrder"": 2}, {""id"": 6340, ""displayOrder"": 3}]}","2025-11-13 11:55:20","2035-11-21 11:29:00.510035",1,8,yilbasi-yeni-yil-koleksiyonu-nt,/katalog,"","",439,1,115093,true,true,0,"2026-02-17 21:41:14.491292",false
3214,[OLD] APP-TUM-URUNLER-ANASAYFASI-241125,1,1,1,"{""componentJson"": [{""id"": 6520, ""displayOrder"": 1}, {""id"": 6521, ""displayOrder"": 2}, {""id"": 6522, ""displayOrder"": 3}, {""id"": 6523, ""displayOrder"": 4}, {""id"": 6524, ""displayOrder"": 5}, {""id"": 6525, ""displayOrder"": 6}, {""id"": 6526, ""displayOrder"": 7}, {""id"": 6527, ""displayOrder"": 8}, {""id"": 6528, ""displayOrder"": 9}, {""id"": 6529, ""displayOrder"": 10}, {""id"": 6530, ""displayOrder"": 11}, {""id"": 6531, ""displayOrder"": 12}, {""id"": 6532, ""displayOrder"": 13}, {""id"": 6533, ""displayOrder"": 14}, {""id"": 6534, ""displayOrder"": 15}, {""id"": 6535, ""displayOrder"": 16}, {""id"": 5771, ""displayOrder"": 17}]}","2025-12-31 07:11:48","2035-11-24 05:03:37",1,8,"","","","",95680,1,115211,true,false,0,"2026-02-17 21:41:16.106879",false
3215,[OLD] TEST1901-1,1,1,1,"{""componentJson"": [{""id"": 6536, ""displayOrder"": 1}]}","2026-01-18 21:00:00","2036-01-19 08:35:29.710181",1,8,"","","","",95709,0,122211,false,false,0,"2026-02-17 21:41:16.193399",false
3228,[OLD] WEB-HOMEPAGE-DE-010126,25,4,1,"{""componentJson"": [{""id"": 6561, ""displayOrder"": 1}, {""id"": 6562, ""displayOrder"": 2}]}","2026-01-01 08:00:34","2036-01-01 08:00:42.246427",1,8,"","","","",112,0,120145,false,false,0,"2026-02-17 21:41:26.606687",false
3232,[OLD] DEALZONE-080126,25,4,126,"{""componentJson"": [{""id"": 8212, ""isActive"": true, ""displayOrder"": 1}, {""id"": 7774, ""isActive"": true, ""displayOrder"": 2}, {""id"": 7455, ""isActive"": true, ""displayOrder"": 3}, {""id"": 6568, ""isActive"": true, ""displayOrder"": 4}, {""id"": 6569, ""isActive"": true, ""displayOrder"": 5}, {""id"": 6570, ""isActive"": true, ""displayOrder"": 6}]}","2026-02-05 04:54:25.146","2036-01-09 03:17:57",1,8,"","","","",115,0,0,false,false,1,"2026-02-17 21:41:27.227723",false
3246,[OLD] ,25,1,1,"{""componentJson"": [{""id"": 6591, ""displayOrder"": 1}]}","2025-01-01 00:00:22","2075-01-01 00:00:22",1,2,"",/lp,"Yaz Tatili için Elbise, Plaj Giyim ve Aksesuar - LC Waikiki 2016",www.lcwaikiki.com internet satış mağazası. İyi giyinmek herkesin hakkı,0,0,22429,false,false,0,"2026-02-17 21:41:39.003532",false
3247,[OLD] CHRISTMAS,25,4,1,"{""componentJson"": [{""id"": 6592, ""displayOrder"": 1}]}","2025-11-17 10:35:37.02456","2029-12-31 23:00:00",1,2,christmas,/katalog,christmas,christmas,0,0,114337,false,false,0,"2026-02-17 21:41:39.09536",false
3248,[OLD] CHRISTMAS,25,1,1,"{""componentJson"": [{""id"": 6593, ""displayOrder"": 1}]}","2025-11-17 10:36:26.055051","2029-12-31 23:00:00",1,2,christmas,/katalog,christmas,christmas,0,0,114339,false,false,0,"2026-02-17 21:41:39.186676",false
3506,[OLD] WEB-HOMEPAGE-FRTR-111225,27,1,126,"{""componentJson"": [{""id"": 8212, ""isActive"": true, ""displayOrder"": 1}, {""id"": 7774, ""isActive"": true, ""displayOrder"": 2}, {""id"": 7455, ""isActive"": true, ""displayOrder"": 3}, {""id"": 6783, ""isActive"": true, ""displayOrder"": 4}]}","2026-02-04 23:55:16.452","2035-12-09 20:01:29",1,8,"","","","",128,0,0,false,false,1,"2026-02-17 21:43:01.159062",false
1927,[OLD] WEB-DEALZONE-AL,143,21,126,"{""componentJson"": [{""id"": 8075, ""isActive"": true, ""displayOrder"": 1}, {""id"": 8212, ""isActive"": true, ""displayOrder"": 2}, {""id"": 8078, ""isActive"": true, ""displayOrder"": 3}, {""id"": 3846, ""isActive"": true, ""displayOrder"": 4}, {""id"": 3847, ""isActive"": true, ""displayOrder"": 5}, {""id"": 3848, ""isActive"": true, ""displayOrder"": 6}]}","2026-01-29 04:51:23.979","2036-01-29 05:51:28.554",1,8,"","","","",578,0,0,false,false,1,"2026-02-13 00:06:28.334062",false
3194,[OLD] APP-HOME-ANASAYFASI-YENI-SEZON,1,1,1,"{""componentJson"": [{""id"": 8268, ""isActive"": true, ""displayOrder"": 1}, {""id"": 8169, ""isActive"": true, ""displayOrder"": 2}, {""id"": 8050, ""isActive"": true, ""displayOrder"": 3}, {""id"": 6406, ""isActive"": true, ""displayOrder"": 4}, {""id"": 6407, ""isActive"": true, ""displayOrder"": 5}]}","2026-02-16 03:21:50","2035-08-15 05:01:13",1,8,"","","","",95687,1,0,true,false,1,"2026-02-17 21:41:07.829815",false
2299,[OLD] APP COMFY AT HOME,50,7,126,"{""componentJson"": [{""id"": 7603, ""status"": true, ""displayOrder"": 1}]}","2026-01-13 06:19:18","2033-12-31 21:00:00",1,2,comfy-at-home-nt,/catalog,"","",0,1,0,true,false,1,"2026-02-17 21:37:22.628621",false
3192,[OLD] APP-KOZMETIK-ANASAYFA,1,1,1,"{""componentJson"": [{""id"": 7350, ""isActive"": true, ""displayOrder"": 1}, {""id"": 6395, ""isActive"": true, ""displayOrder"": 2}, {""id"": 7876, ""isActive"": true, ""displayOrder"": 3}, {""id"": 7368, ""isActive"": true, ""displayOrder"": 4}, {""id"": 7371, ""isActive"": true, ""displayOrder"": 5}]}","2026-02-16 08:32:51.285","2035-08-08 11:02:20",1,8,"","","","",95689,1,0,true,true,1,"2026-02-17 21:41:07.386771",false
3207,[OLD] WEB-BUYUK-BEDEN-ANASAYFASI,1,1,1,"{""componentJson"": [{""id"": 6491, ""displayOrder"": 1}, {""id"": 6492, ""displayOrder"": 2}, {""id"": 6493, ""displayOrder"": 3}, {""id"": 6494, ""displayOrder"": 4}, {""id"": 6495, ""displayOrder"": 5}, {""id"": 6496, ""displayOrder"": 6}, {""id"": 6497, ""displayOrder"": 7}]}","2025-11-04 06:51:03","2035-08-18 07:58:13",1,8,"","","","",95703,0,109215,false,false,0,"2026-02-17 21:41:13.348518",false
3630,[OLD] APP-DEALZONE-080126,16,10,126,"{""componentJson"": [{""id"": 8213, ""isActive"": true, ""displayOrder"": 1}, {""id"": 7600, ""isActive"": true, ""displayOrder"": 2}, {""id"": 7291, ""isActive"": true, ""displayOrder"": 3}, {""id"": 7314, ""isActive"": true, ""displayOrder"": 4}, {""id"": 7233, ""isActive"": true, ""displayOrder"": 5}, {""id"": 7235, ""isActive"": true, ""displayOrder"": 6}, {""id"": 6973, ""isActive"": true, ""displayOrder"": 7}, {""id"": 7237, ""isActive"": true, ""displayOrder"": 8}]}","2026-02-05 17:26:45.301","2036-01-08 20:42:36",1,8,"","","","",395,1,0,true,false,1,"2026-02-17 21:43:51.531082",false
1925,[OLD] WEB-DEALZONE-ALEN,143,2,126,"{""componentJson"": [{""id"": 8075, ""isActive"": true, ""displayOrder"": 1}, {""id"": 8212, ""isActive"": true, ""displayOrder"": 2}, {""id"": 8078, ""isActive"": true, ""displayOrder"": 3}, {""id"": 3841, ""isActive"": true, ""displayOrder"": 4}, {""id"": 3842, ""isActive"": true, ""displayOrder"": 5}, {""id"": 3843, ""isActive"": true, ""displayOrder"": 6}]}","2026-01-29 04:50:29.281","2036-01-29 05:50:43.723",1,8,"","","","",576,0,0,false,false,1,"2026-02-13 00:06:28.049476",false
3197,[OLD] WEB-ERKEK-COCUK-ANASAYFASI-YENI-SEZON,1,1,1,"{""componentJson"": [{""id"": 8240, ""isActive"": true, ""displayOrder"": 1}, {""id"": 8197, ""isActive"": true, ""displayOrder"": 2}, {""id"": 8047, ""isActive"": true, ""displayOrder"": 3}, {""id"": 6417, ""isActive"": true, ""displayOrder"": 4}, {""id"": 6418, ""isActive"": true, ""displayOrder"": 5}, {""id"": 6419, ""isActive"": true, ""displayOrder"": 6}]}","2026-02-16 03:17:28","2035-08-15 05:01:54",1,8,"","","","",95694,0,0,false,false,1,"2026-02-17 21:41:08.663277",false
3204,[OLD] APP-KADIN-ANASAYFASI-YENI-SEZON,1,1,1,"{""componentJson"": [{""id"": 8238, ""isActive"": true, ""displayOrder"": 1}, {""id"": 8257, ""isActive"": true, ""displayOrder"": 2}, {""id"": 8163, ""isActive"": true, ""displayOrder"": 3}, {""id"": 8040, ""isActive"": true, ""displayOrder"": 4}, {""id"": 7372, ""isActive"": true, ""displayOrder"": 5}, {""id"": 7739, ""isActive"": true, ""displayOrder"": 6}, {""id"": 7873, ""isActive"": true, ""displayOrder"": 7}]}","2026-02-16 03:10:41","2035-08-15 05:00:13",1,8,"","","","",95679,1,0,true,false,1,"2026-02-17 21:41:11.003696",false
3200,[OLD] APP-KIZ-COCUK-ANASAYFASI-YENI-SEZON,1,1,1,"{""componentJson"": [{""id"": 8263, ""isActive"": true, ""displayOrder"": 1}, {""id"": 8175, ""isActive"": true, ""displayOrder"": 2}, {""id"": 8044, ""isActive"": true, ""displayOrder"": 3}, {""id"": 8225, ""isActive"": true, ""displayOrder"": 4}, {""id"": 6433, ""isActive"": true, ""displayOrder"": 5}, {""id"": 6434, ""isActive"": true, ""displayOrder"": 6}]}","2026-02-16 03:22:37","2035-08-15 05:01:54",1,8,"","","","",95685,1,0,true,false,1,"2026-02-17 21:41:09.565539",false
3196,[OLD] APP-BEBEK-ANASAYFASI-YENI- SEZON,1,1,1,"{""componentJson"": [{""id"": 8265, ""isActive"": true, ""displayOrder"": 1}, {""id"": 8179, ""isActive"": true, ""displayOrder"": 2}, {""id"": 8048, ""isActive"": true, ""displayOrder"": 3}, {""id"": 6413, ""isActive"": true, ""displayOrder"": 4}, {""id"": 6414, ""isActive"": true, ""displayOrder"": 5}, {""id"": 7874, ""isActive"": true, ""displayOrder"": 6}]}","2026-02-16 03:22:15","2035-08-15 05:00:15",1,8,"","","","",95686,1,0,true,false,1,"2026-02-17 21:41:08.43624",false
3191,[OLD] WEB-KOZMETIK-ANASAYFA	,1,1,1,"{""componentJson"": [{""id"": 7318, ""isActive"": true, ""displayOrder"": 1}, {""id"": 7363, ""isActive"": true, ""displayOrder"": 2}, {""id"": 7877, ""isActive"": true, ""displayOrder"": 3}, {""id"": 7366, ""isActive"": true, ""displayOrder"": 4}, {""id"": 7367, ""isActive"": true, ""displayOrder"": 5}, {""id"": 7369, ""isActive"": true, ""displayOrder"": 6}, {""id"": 7370, ""isActive"": true, ""displayOrder"": 7}]}","2026-02-16 08:32:39.008","2035-08-10 21:00:21",1,8,"","","","",95699,0,0,false,true,1,"2026-02-17 21:41:06.975606",false
3208,[OLD] APP-BUYUK-BEDEN-ANASAYFASI,1,1,1,"{""componentJson"": [{""id"": 6498, ""displayOrder"": 1}, {""id"": 6499, ""displayOrder"": 2}, {""id"": 6500, ""displayOrder"": 3}, {""id"": 6501, ""displayOrder"": 4}, {""id"": 6502, ""displayOrder"": 5}]}","2025-08-18 09:02:35","2035-08-18 08:07:54",1,8,"","","","",95704,1,109217,true,false,0,"2026-02-17 21:41:13.634398",false
3211,[OLD] YILBASI-YENI-YIL-KOLEKSIYONU-ANASAYFASI-2025,1,1,1,"{""componentJson"": [{""id"": 6333, ""displayOrder"": 1}, {""id"": 6334, ""displayOrder"": 2}, {""id"": 6335, ""displayOrder"": 3}, {""id"": 6336, ""displayOrder"": 4}, {""id"": 6337, ""displayOrder"": 5}]}","2024-11-21 18:23:45","2035-11-21 11:28:00",1,8,yilbasi-yeni-yil-koleksiyonu,/katalog,"","",438,0,115092,false,true,0,"2026-02-17 21:41:14.341595",false
3213,[OLD] WEB-TUM-URUNLER-ANASAYFASI-241125,1,1,1,"{""componentJson"": [{""id"": 6506, ""displayOrder"": 1}, {""id"": 6507, ""displayOrder"": 2}, {""id"": 6508, ""displayOrder"": 3}, {""id"": 6509, ""displayOrder"": 4}, {""id"": 6510, ""displayOrder"": 5}, {""id"": 6511, ""displayOrder"": 6}, {""id"": 6512, ""displayOrder"": 7}, {""id"": 6513, ""displayOrder"": 8}, {""id"": 6514, ""displayOrder"": 9}, {""id"": 6515, ""displayOrder"": 10}, {""id"": 6516, ""displayOrder"": 11}, {""id"": 6517, ""displayOrder"": 12}, {""id"": 6518, ""displayOrder"": 13}, {""id"": 6519, ""displayOrder"": 14}]}","2026-01-22 12:53:44.755543","2035-11-24 05:00:08",1,8,"","","","",95676,0,115203,false,false,0,"2026-02-17 21:41:15.220143",false
3216,[OLD] KIDS-BABY-DE,25,4,1,"{""componentJson"": [{""id"": 6537, ""displayOrder"": 1}, {""id"": 6538, ""displayOrder"": 2}, {""id"": 6539, ""displayOrder"": 3}, {""id"": 6540, ""displayOrder"": 4}, {""id"": 6541, ""displayOrder"": 5}, {""id"": 6542, ""displayOrder"": 6}, {""id"": 6543, ""displayOrder"": 7}]}","2025-09-09 14:24:42.037414","2035-09-09 14:25:20.602323",1,8,"","","","",114,0,24539,false,false,0,"2026-02-17 21:41:25.104134",false
3217,[OLD] KIDS-BABY-DETR,25,1,1,"{""componentJson"": [{""id"": 6544, ""displayOrder"": 1}, {""id"": 6545, ""displayOrder"": 2}, {""id"": 6546, ""displayOrder"": 3}, {""id"": 6547, ""displayOrder"": 4}, {""id"": 6548, ""displayOrder"": 5}, {""id"": 6549, ""displayOrder"": 6}, {""id"": 6550, ""displayOrder"": 7}]}","2025-09-09 14:39:18.333875","2035-09-09 14:39:20.650345",1,8,"","","","",119,0,24543,false,false,0,"2026-02-17 21:41:25.510281",false
2296,[OLD] COMFY AT HOME,50,2,126,"{""componentJson"": [{""id"": 7602, ""status"": true, ""displayOrder"": 1}, {""id"": 7604, ""status"": true, ""displayOrder"": 2}, {""id"": 7605, ""status"": true, ""displayOrder"": 3}, {""id"": 7606, ""status"": true, ""displayOrder"": 4}]}","2026-01-13 06:17:48.655","2029-12-31 21:00:00",1,2,comfy-at-home,/catalog,"","",0,0,0,false,false,1,"2026-02-17 21:37:21.992635",false
3229,[OLD] WEB-HOMEPAGE-DETR-010126,25,1,1,"{""componentJson"": [{""id"": 6563, ""displayOrder"": 1}, {""id"": 6564, ""displayOrder"": 2}]}","2026-01-01 08:00:45","2036-01-01 08:00:57.485423",1,8,"","","","",116,0,120147,false,false,0,"2026-02-17 21:41:26.766168",false
3230,[OLD] APP-HOMEPAGE-DE,25,4,1,"{""componentJson"": [{""id"": 6565, ""displayOrder"": 1}]}","2026-01-07 10:25:25.817474","2036-01-07 10:25:29.707673",1,8,"","","","",508,1,121061,true,false,0,"2026-02-17 21:41:26.864984",false
3231,[OLD] APP-HOMEPAGE-DETR,25,1,1,"{""componentJson"": [{""id"": 6566, ""displayOrder"": 1}]}","2026-01-07 10:30:02.840545","2036-01-07 10:30:29.7053",1,8,"","","","",509,1,121062,true,false,0,"2026-02-17 21:41:26.96301",false
3227,[OLD] WOMEN-DETR-111225,25,1,1,"{""componentJson"": [{""id"": 6560, ""displayOrder"": 1}]}","2026-02-16 10:28:43.009908","2026-02-23 06:58:33.399478",4,8,"","","","",117,0,117792,false,false,0,"2026-02-17 21:41:26.465807",false
3236,[OLD] APP-WOMEN-DE,25,4,1,"{""componentJson"": [{""id"": 6581, ""displayOrder"": 1}]}","2026-02-16 10:27:03.891932","2026-02-23 07:04:30.753816",4,8,"","","","",510,1,121363,true,false,0,"2026-02-17 21:41:28.05064",false
3224,[OLD] BOYS-DETR-111225,25,1,1,"{""componentJson"": [{""id"": 6557, ""displayOrder"": 1}]}","2026-02-17 12:00:08.771963","2026-02-23 10:28:20.552453",4,8,"","","","",299,0,117789,false,false,0,"2026-02-17 21:41:26.178209",false
3219,[OLD] BOYS-DE-111225,25,4,1,"{""componentJson"": [{""id"": 6552, ""displayOrder"": 1}]}","2026-02-17 11:59:23.030385","2026-02-23 10:28:34.95479",4,8,"","","","",296,0,117784,false,false,0,"2026-02-17 21:41:25.693022",false
3226,[OLD] MEN-DETR-111225,25,1,1,"{""componentJson"": [{""id"": 6559, ""displayOrder"": 1}]}","2026-02-17 11:10:16.321888","2026-02-23 12:26:34.897414",4,8,"","","","",118,0,117791,false,false,0,"2026-02-17 21:41:26.370217",false
3221,[OLD] MEN-DE-111225,25,4,1,"{""componentJson"": [{""id"": 6554, ""displayOrder"": 1}]}","2026-02-17 11:08:06.890078","2026-02-23 12:29:26.226225",4,8,"","","","",113,0,117786,false,false,0,"2026-02-17 21:41:25.904978",false
3218,[OLD] BABY-DE-111225,25,4,1,"{""componentJson"": [{""id"": 6551, ""displayOrder"": 1}]}","2026-02-17 07:38:00.733173","2026-02-23 12:49:22.377028",4,8,"","","","",297,0,117783,false,false,0,"2026-02-17 21:41:25.601539",false
3223,[OLD] BABY-DETR-111225,25,1,1,"{""componentJson"": [{""id"": 6556, ""displayOrder"": 1}]}","2026-02-17 07:39:43.775458","2026-02-23 12:49:29.680087",4,8,"","","","",300,0,117788,false,false,0,"2026-02-17 21:41:26.085247",false
3220,[OLD] GIRLS-DE-111225,25,4,1,"{""componentJson"": [{""id"": 6553, ""displayOrder"": 1}]}","2026-02-16 10:27:24","2026-02-23 13:36:59.777668",4,8,"","","","",295,0,117785,false,false,0,"2026-02-17 21:41:25.797769",false
3225,[OLD] GIRLS-DETR-111225,25,1,1,"{""componentJson"": [{""id"": 6558, ""displayOrder"": 1}]}","2026-02-16 10:28:53","2026-02-23 13:37:19.161341",4,8,"","","","",298,0,117790,false,false,0,"2026-02-17 21:41:26.281378",false
3238,[OLD] APP-GIRLS-DE,25,4,1,"{""componentJson"": [{""id"": 6583, ""displayOrder"": 1}]}","2026-02-16 10:26:57","2026-02-23 13:46:11.49706",4,8,"","","","",512,1,121365,true,false,0,"2026-02-17 21:41:28.285705",false
3237,[OLD] APP-MEN-DE,25,4,1,"{""componentJson"": [{""id"": 6582, ""displayOrder"": 1}]}","2026-02-17 11:08:13.138925","2026-02-23 13:46:22.24138",4,8,"","","","",511,1,121364,true,false,0,"2026-02-17 21:41:28.169314",false
2416,[OLD] COMFY AT HOME,13,13,126,"{""componentJson"": [{""id"": 7602, ""status"": true, ""displayOrder"": 1}, {""id"": 7604, ""status"": true, ""displayOrder"": 2}, {""id"": 7605, ""status"": true, ""displayOrder"": 3}, {""id"": 7606, ""status"": true, ""displayOrder"": 4}]}","2026-01-13 13:03:28.618","2029-12-31 21:00:00",1,2,comfy-at-home,/کەتەلۆگ,"","",0,0,0,false,false,1,"2026-02-17 21:38:06.35859",false
3532,[OLD] APP-DEALZONE-080126,9,3,126,"{""componentJson"": [{""id"": 8213, ""isActive"": true, ""displayOrder"": 1}, {""id"": 7773, ""isActive"": true, ""displayOrder"": 2}, {""id"": 7454, ""isActive"": true, ""displayOrder"": 3}, {""id"": 7235, ""isActive"": true, ""displayOrder"": 4}, {""id"": 7237, ""isActive"": true, ""displayOrder"": 5}]}","2026-02-06 05:30:36.719","2036-01-09 11:48:57",1,8,"","","","",507,1,0,true,false,1,"2026-02-17 21:43:09.73937",false
2692,[OLD] APP COMFY AT HOME,125,9,126,"{""componentJson"": [{""id"": 7603, ""status"": true, ""displayOrder"": 1}]}","2026-01-20 11:50:00.545","2029-12-31 21:00:00",1,2,comfy-at-home-nt,/katalog,"","",0,1,0,true,false,1,"2026-02-17 21:39:08.315112",false
3534,[OLD] APP-HOME-RU,9,3,1,"{""componentJson"": [{""id"": 6819, ""displayOrder"": 1}]}","2026-02-06 10:17:03.102303","2026-04-13 07:09:19.221655",4,8,"","","","",583,1,123917,true,false,0,"2026-02-17 21:43:10.135051",false
3249,[OLD] WINTER LP,25,4,1,"{""componentJson"": [{""id"": 6594, ""displayOrder"": 1}, {""id"": 6595, ""displayOrder"": 2}]}","2025-12-04 05:03:37","2029-12-31 23:00:00",1,2,winter-lp,/katalog,Winter LP,Winter LP,0,0,117022,false,false,0,"2026-02-17 21:41:39.328587",false
3516,[OLD] HP-MOBILE-RU-EN,9,2,1,"{""componentJson"": [{""id"": 6793, ""displayOrder"": 1}]}","2025-09-16 13:28:08.988315","2035-09-16 13:28:48.608976",1,8,"","","","",174,1,25077,true,false,0,"2026-02-17 21:43:08.053374",false
3517,[OLD] HP-ENG-RU,9,2,1,"{""componentJson"": [{""id"": 6794, ""displayOrder"": 1}]}","2025-09-16 13:31:13.578155","2035-09-16 13:31:48.611445",1,8,"","","","",175,0,25082,false,false,0,"2026-02-17 21:43:08.162434",false
3518,[OLD] RU-HOMEPAGE-WEB-RU,9,3,1,"{""componentJson"": [{""id"": 6795, ""displayOrder"": 1}]}","2025-12-03 05:43:31.71643","2035-11-13 09:49:29",1,8,"","","","",373,0,113893,false,false,0,"2026-02-17 21:43:08.297827",false
3519,[OLD] RU-HOMEPAGE-MOBILE-RU,9,3,1,"{""componentJson"": [{""id"": 6796, ""displayOrder"": 1}]}","2025-12-03 06:42:34","2035-12-03 05:50:08",1,8,"","","","",386,1,116837,true,false,0,"2026-02-17 21:43:08.452068",false
3527,[OLD] APP-ERKEKCOCUK-RU-081225,9,3,1,"{""componentJson"": [{""id"": 7900, ""isActive"": true, ""displayOrder"": 1}]}","2026-02-17 03:19:11.462","2026-04-28 05:47:52.213248",4,8,"","","","",486,1,0,true,false,1,"2026-02-17 21:43:09.131153",false
3531,[OLD] HOMEPAGE-RU-010126,9,3,1,"{""componentJson"": [{""id"": 6809, ""displayOrder"": 1}, {""id"": 6810, ""displayOrder"": 2}]}","2026-01-01 06:00:26","2036-01-01 06:02:57.51526",1,8,"","","","",480,0,120150,false,false,0,"2026-02-17 21:43:09.557026",false
3537,[OLD] WINTER LP,9,3,1,"{""componentJson"": [{""id"": 6824, ""displayOrder"": 1}, {""id"": 6825, ""displayOrder"": 2}]}","2025-12-08 07:06:32.158005","2029-12-31 21:00:00",1,2,winter-lp,/katalog,Winter LP,Winter LP,0,0,117341,false,false,0,"2026-02-17 21:43:17.119277",false
3520,[OLD] WOMEN-RU,9,3,1,"{""componentJson"": [{""id"": 6797, ""displayOrder"": 1}]}","2026-02-16 08:25:17.64357","2026-02-23 07:00:04.33711",4,8,"","","","",482,0,117118,false,false,0,"2026-02-17 21:43:08.537248",false
3245,[OLD] APP-WOMEN-DETR,25,1,1,"{""componentJson"": [{""id"": 6590, ""displayOrder"": 1}]}","2026-02-16 10:28:12.938825","2026-02-23 07:04:39.005383",4,8,"","","","",515,1,121372,true,false,0,"2026-02-17 21:41:29.036784",false
3521,[OLD] APP-WOMEN-RU,9,3,1,"{""componentJson"": [{""id"": 6798, ""displayOrder"": 1}]}","2026-02-16 08:25:08.695255","2026-02-23 07:05:59.691654",4,8,"","","","",483,1,117119,true,false,0,"2026-02-17 21:43:08.623283",false
3242,[OLD] APP-BOYS-DETR,25,1,1,"{""componentJson"": [{""id"": 6587, ""displayOrder"": 1}]}","2026-02-17 12:00:13.051421","2026-02-23 10:22:12.884763",4,8,"","","","",518,1,121369,true,false,0,"2026-02-17 21:41:28.721332",false
3239,[OLD] APP-BOYS-DE,25,4,1,"{""componentJson"": [{""id"": 6584, ""displayOrder"": 1}]}","2026-02-17 11:59:30.44239","2026-02-23 10:22:24.737428",4,8,"","","","",513,1,121366,true,false,0,"2026-02-17 21:41:28.403189",false
3526,[OLD] ERKEKCOCUK-RU-081225,9,3,1,"{""componentJson"": [{""id"": 6803, ""displayOrder"": 1}]}","2026-02-17 03:19:16.382595","2026-02-23 10:25:35.013302",4,8,"","","","",490,0,117124,false,false,0,"2026-02-17 21:43:09.048572",false
3523,[OLD] MEN-RU,9,3,1,"{""componentJson"": [{""id"": 6800, ""displayOrder"": 1}]}","2026-02-17 09:27:15.154417","2026-02-23 12:43:24.151996",4,8,"","","","",488,0,117121,false,false,0,"2026-02-17 21:43:08.790951",false
3528,[OLD] BEBEK-RU-081225,9,3,1,"{""componentJson"": [{""id"": 6805, ""displayOrder"": 1}]}","2026-02-17 05:47:46.437556","2026-02-23 12:52:03.50734",4,8,"","","","",491,0,117126,false,false,0,"2026-02-17 21:43:09.215372",false
3240,[OLD] APP-BABY-DE,25,4,1,"{""componentJson"": [{""id"": 6585, ""displayOrder"": 1}]}","2026-02-17 07:38:09.190443","2026-02-23 12:53:56.655175",4,8,"","","","",514,1,121367,true,false,0,"2026-02-17 21:41:28.507438",false
3241,[OLD] APP-BABY-DETR,25,1,1,"{""componentJson"": [{""id"": 6586, ""displayOrder"": 1}]}","2026-02-17 07:39:37.373306","2026-02-23 12:54:02.094584",4,8,"","","","",519,1,121368,true,false,0,"2026-02-17 21:41:28.630978",false
3529,[OLD] APP-BEBEK-RU-081225,9,3,1,"{""componentJson"": [{""id"": 6806, ""displayOrder"": 1}]}","2026-02-17 05:47:41.397889","2026-02-23 12:56:30.242091",4,8,"","","","",487,1,117127,true,false,0,"2026-02-17 21:43:09.298368",false
3524,[OLD] KIZCOCUK-RU-081225,9,3,1,"{""componentJson"": [{""id"": 6801, ""displayOrder"": 1}]}","2026-02-16 08:22:49","2026-02-23 13:39:53.31821",4,8,"","","","",489,0,117122,false,false,0,"2026-02-17 21:43:08.880978",false
3243,[OLD] APP-GIRLS-DETR,25,1,1,"{""componentJson"": [{""id"": 6588, ""displayOrder"": 1}]}","2026-02-16 10:28:19","2026-02-23 13:46:21.64752",4,8,"","","","",517,1,121370,true,false,0,"2026-02-17 21:41:28.829142",false
3244,[OLD] APP-MEN-DETR,25,1,1,"{""componentJson"": [{""id"": 6589, ""displayOrder"": 1}]}","2026-02-17 11:10:12.183632","2026-02-23 13:46:30.129713",4,8,"","","","",516,1,121371,true,false,0,"2026-02-17 21:41:28.9456",false
3525,[OLD] APP-KIZCOCUK-RU-081225,9,3,1,"{""componentJson"": [{""id"": 6802, ""displayOrder"": 1}]}","2026-02-16 08:22:42","2026-02-23 13:48:49.574818",4,8,"","","","",485,1,117123,true,false,0,"2026-02-17 21:43:08.964344",false
3522,[OLD] APP-MEN-RU,9,3,1,"{""componentJson"": [{""id"": 6799, ""displayOrder"": 1}]}","2026-02-17 09:27:07.993383","2026-02-23 13:50:03.330022",4,8,"","","","",484,1,117120,true,false,0,"2026-02-17 21:43:08.70532",false
3250,[OLD] WINTER LP,25,1,1,"{""componentJson"": [{""id"": 6596, ""displayOrder"": 1}, {""id"": 6597, ""displayOrder"": 2}]}","2025-12-04 05:04:05","2029-12-31 23:00:00",1,2,winter-lp,/katalog,Winter LP,Winter LP,0,0,117023,false,false,0,"2026-02-17 21:41:39.490071",false
3530,[OLD] APP-HOMEPAGE-RU-010126,9,3,1,"{""componentJson"": [{""id"": 6807, ""displayOrder"": 1}, {""id"": 6808, ""displayOrder"": 2}]}","2026-01-01 06:00:32","2036-01-01 06:02:59.485899",1,8,"","","","",481,1,120149,true,false,0,"2026-02-17 21:43:09.4272",false
3536,[OLD] WINTER LP APP,9,3,1,"{""componentJson"": [{""id"": 6822, ""displayOrder"": 1}, {""id"": 6823, ""displayOrder"": 2}]}","2025-12-08 07:06:23.905125","2029-12-31 21:00:00",1,2,winter-lp-nt,/katalog,Winter LP App,Winter LP App,0,0,117340,true,false,0,"2026-02-17 21:43:16.990014",false
2415,[OLD] APP COMFY AT HOME,13,13,126,"{""componentJson"": [{""id"": 7603, ""status"": true, ""displayOrder"": 1}]}","2026-01-13 13:03:25","2029-12-31 21:00:00",1,2,comfy-at-home-nt,/کەتەلۆگ,"","",0,1,0,true,false,1,"2026-02-17 21:38:06.016295",false
2412,[OLD] APP COMFY AT HOME,13,2,126,"{""componentJson"": [{""id"": 7603, ""status"": true, ""displayOrder"": 1}]}","2026-01-13 07:20:40","2029-12-31 21:00:00",1,2,comfy-at-home-nt,/catalog,"","",0,1,0,true,false,1,"2026-02-17 21:38:05.274092",false
2411,[OLD] COMFY AT HOME,13,2,126,"{""componentJson"": [{""id"": 7602, ""status"": true, ""displayOrder"": 1}, {""id"": 7604, ""status"": true, ""displayOrder"": 2}, {""id"": 7605, ""status"": true, ""displayOrder"": 3}, {""id"": 7606, ""status"": true, ""displayOrder"": 4}]}","2026-01-13 07:20:28.512","2029-12-31 21:00:00",1,2,comfy-at-home,/catalog,"","",0,0,0,false,false,1,"2026-02-17 21:38:05.071337",false
3535,[OLD] WEB-HOME-RU,9,3,1,"{""componentJson"": [{""id"": 6820, ""displayOrder"": 1}, {""id"": 6821, ""displayOrder"": 2}]}","2026-02-06 10:17:11.524931","2026-04-13 07:09:11.950386",4,8,"","","","",584,0,123918,false,false,0,"2026-02-17 21:43:10.266994",false
4393,SEPETMODAL  WEB,125,9,17,"{""componentJson"": [{""id"": 7434, ""isActive"": false, ""displayOrder"": 1}]}","2026-05-18 13:11:24.293","2054-03-06 06:13:23.416",1,2,sepet,"","","",0,0,0,false,false,1,"2026-05-18 13:09:00.828909",false
4392,SEPETMODAL  WEB,125,2,17,"{""componentJson"": [{""id"": 7434, ""isActive"": false, ""displayOrder"": 1}]}","2026-05-18 13:11:38.566","2054-03-06 06:13:23.416",1,2,sepet,"","","",0,0,0,false,false,1,"2026-05-18 13:09:00.798227",false
3202,[OLD] APP-ERKEK-ANASAYFASI-YENI-SEZON,1,1,1,"{""componentJson"": [{""id"": 8109, ""isActive"": true, ""displayOrder"": 1}, {""id"": 8261, ""isActive"": true, ""displayOrder"": 2}, {""id"": 8167, ""isActive"": true, ""displayOrder"": 3}, {""id"": 8112, ""isActive"": true, ""displayOrder"": 4}, {""id"": 7380, ""isActive"": true, ""displayOrder"": 5}, {""id"": 7582, ""isActive"": true, ""displayOrder"": 6}, {""id"": 7583, ""isActive"": true, ""displayOrder"": 7}]}","2026-02-16 04:12:04","2035-08-15 05:00:54",1,8,"","","","",95681,1,0,true,false,1,"2026-02-17 21:41:10.313647",false
3199,[OLD] WEB-KIZ-COCUK-ANASAYFASI-YENI-SEZON,1,1,1,"{""componentJson"": [{""id"": 8264, ""isActive"": true, ""displayOrder"": 1}, {""id"": 8174, ""isActive"": true, ""displayOrder"": 2}, {""id"": 8045, ""isActive"": true, ""displayOrder"": 3}, {""id"": 8224, ""isActive"": true, ""displayOrder"": 4}, {""id"": 6427, ""isActive"": true, ""displayOrder"": 5}, {""id"": 6428, ""isActive"": true, ""displayOrder"": 6}, {""id"": 6429, ""isActive"": true, ""displayOrder"": 7}]}","2026-02-16 03:18:37","2035-08-15 05:01:15",1,8,"","","","",95695,0,0,false,false,1,"2026-02-17 21:41:09.258834",false
3251,[OLD] Halloween-Licensed-Products,38,2,1,"{""componentJson"": [{""id"": 4233, ""displayOrder"": 1}]}","2025-01-01 00:00:22","2075-01-01 00:00:22",1,2,Halloween-Licensed-Products,/catalog,"",Halloween-Licensed-Products,0,0,22431,false,false,0,"2026-02-17 21:41:49.413568",false
3252,[OLD] Halloween-Licensed-Products,38,2,1,"{""componentJson"": [{""id"": 4233, ""displayOrder"": 1}]}","2025-01-01 00:00:22","2075-01-01 00:00:22",1,2,Halloween-Licensed-Products,/catalog,"",Halloween-Licensed-Products,0,0,22432,false,false,0,"2026-02-17 21:41:49.615631",false
3253,[OLD] christmas-lp-2021-roen-r,38,2,1,"{""componentJson"": [{""id"": 4242, ""displayOrder"": 1}]}","2025-01-01 00:00:22","2075-01-01 00:00:22",1,2,christmas-lp-2021-roen-r,/catalog,"",christmaslp2021roen,0,0,22433,false,false,0,"2026-02-17 21:41:49.696658",false
3254,[OLD] christmas-lp-2021-bgen,38,2,1,"{""componentJson"": [{""id"": 4244, ""displayOrder"": 1}]}","2025-01-01 00:00:22","2075-01-01 00:00:22",1,2,christmas-lp-2021-bgen,/catalog,"",christmas lp 2021 bgen,0,0,22434,false,false,0,"2026-02-17 21:41:49.773835",false
3255,[OLD] licenced-roen,38,2,1,"{""componentJson"": [{""id"": 4247, ""displayOrder"": 1}]}","2025-01-01 00:00:22","2075-01-01 00:00:22",1,2,licenced-roen,/catalog,"",lisenced romanian english version,0,0,22435,false,false,0,"2026-02-17 21:41:49.859817",false
3256,[OLD] licenced-bgen,38,2,1,"{""componentJson"": [{""id"": 4248, ""displayOrder"": 1}]}","2025-01-01 00:00:22","2075-01-01 00:00:22",1,2,licenced-bgen,/catalog,"",licensed bulgarian english version,0,0,22436,false,false,0,"2026-02-17 21:41:49.93673",false
3257,[OLD] kids-and-babies-bgen-,38,2,1,"{""componentJson"": [{""id"": 4250, ""displayOrder"": 1}]}","2025-01-01 00:00:22","2075-01-01 00:00:22",1,2,kids-and-babies-bgen-,/catalog,"",kids and babies lcwaikiki trend bulgarian english version,0,0,22437,false,false,0,"2026-02-17 21:41:50.016433",false
3258,[OLD] kids-and-babies-roen,38,2,1,"{""componentJson"": [{""id"": 4252, ""displayOrder"": 1}]}","2025-01-01 00:00:22","2075-01-01 00:00:22",1,2,kids-and-babies-roen,/catalog,"",kids and babies lcwaikiki trend romanian english version,0,0,22438,false,false,0,"2026-02-17 21:41:50.097907",false
3259,[OLD] outdoor-roen-22,38,2,1,"{""componentJson"": [{""id"": 4253, ""displayOrder"": 1}]}","2025-01-01 00:00:22","2075-01-01 00:00:22",1,2,outdoor-roen-22,/catalog,"",outdoor trend lcwaikiki ,0,0,22439,false,false,0,"2026-02-17 21:41:50.191514",false
3260,[OLD] outdoor-bgen-22,38,2,1,"{""componentJson"": [{""id"": 4255, ""displayOrder"": 1}]}","2025-01-01 00:00:22","2075-01-01 00:00:22",1,2,outdoor-bgen-22,/catalog,"",outdoor trend lcwaikiki ,0,0,22440,false,false,0,"2026-02-17 21:41:50.286787",false
3261,[OLD] back-to-college-roen,38,2,1,"{""componentJson"": [{""id"": 4258, ""displayOrder"": 1}]}","2025-01-01 00:00:22","2075-01-01 00:00:22",1,2,back-to-college-roen,/catalog,"",back to college lcwaikiki romania 2022  ,0,0,22441,false,false,0,"2026-02-17 21:41:50.370178",false
3262,[OLD] back-to-college-bgen,38,2,1,"{""componentJson"": [{""id"": 4259, ""displayOrder"": 1}]}","2025-01-01 00:00:22","2075-01-01 00:00:22",1,2,back-to-college-bgen,/catalog,"",back to college lcwaikiki bulgaria 2022  ,0,0,22442,false,false,0,"2026-02-17 21:41:50.449943",false
3263,[OLD] back-to-work-roen,38,2,1,"{""componentJson"": [{""id"": 4261, ""displayOrder"": 1}]}","2025-01-01 00:00:22","2075-01-01 00:00:22",1,2,back-to-work-roen,/catalog,"",Back To Work | LC Waikiki Romanian English,0,0,22443,false,false,0,"2026-02-17 21:41:50.566126",false
3264,[OLD] back-to-work-roen,38,2,1,"{""componentJson"": [{""id"": 4261, ""displayOrder"": 1}]}","2025-01-01 00:00:22","2075-01-01 00:00:22",1,2,back-to-work-roen,/catalog,"",Back To Work | LC Waikiki Romanian English,0,0,22444,false,false,0,"2026-02-17 21:41:50.656692",false
3265,[OLD] back-to-work-roen,38,2,1,"{""componentJson"": [{""id"": 4261, ""displayOrder"": 1}]}","2025-01-01 00:00:22","2075-01-01 00:00:22",1,2,back-to-work-roen,/catalog,"",Back To Work | LC Waikiki Romanian English,0,0,22445,false,false,0,"2026-02-17 21:41:50.752587",false
3266,[OLD] back-to-work-bgen,38,2,1,"{""componentJson"": [{""id"": 4262, ""displayOrder"": 1}]}","2025-01-01 00:00:22","2075-01-01 00:00:22",1,2,back-to-work-bgen,/catalog,"",Back To Work | LC Waikiki Bulgarian English,0,0,22446,false,false,0,"2026-02-17 21:41:50.835727",false
3267,[OLD] halloween-roen,38,2,1,"{""componentJson"": [{""id"": 4265, ""displayOrder"": 1}]}","2025-01-01 00:00:22","2075-01-01 00:00:22",1,2,halloween-roen,/catalog,"",Halloween LC Waikiki Romaian 2022 ,0,0,22447,false,false,0,"2026-02-17 21:41:50.929902",false
3268,[OLD] halloween-bgen,38,2,1,"{""componentJson"": [{""id"": 4266, ""displayOrder"": 1}]}","2025-01-01 00:00:22","2075-01-01 00:00:22",1,2,halloween-bgen,/catalog,"",Halloween LC Waikiki Bulgaria 2022  ,0,0,22448,false,false,0,"2026-02-17 21:41:51.004695",false
3269,[OLD] christmas-shop,38,2,1,"{""componentJson"": [{""id"": 4268, ""displayOrder"": 1}]}","2025-01-01 00:00:22","2075-01-01 00:00:22",1,2,christmas-shop,/catalog,"",Christmas Shop Romania ,0,0,22449,false,false,0,"2026-02-17 21:41:51.081044",false
3270,[OLD] christmas-shop,38,2,1,"{""componentJson"": [{""id"": 4268, ""displayOrder"": 1}]}","2025-01-01 00:00:22","2075-01-01 00:00:22",1,2,christmas-shop,/catalog,"","Get great Christmas gifts and amazing discounts for 2023. LC Waikiki has a wide selection of Xmas gifts for men, women, and kids for you to choose from.",0,0,22450,false,false,0,"2026-02-17 21:41:51.157471",false
3271,[OLD] christmas-shop,38,2,1,"{""componentJson"": [{""id"": 4269, ""displayOrder"": 1}]}","2025-01-01 00:00:22","2075-01-01 00:00:22",1,2,christmas-shop,/catalog,"",Christmas Shop Bulgaria ,0,0,22451,false,false,0,"2026-02-17 21:41:51.230691",false
3272,[OLD] winter-white,38,2,1,"{""componentJson"": [{""id"": 4271, ""displayOrder"": 1}]}","2025-01-01 00:00:22","2075-01-01 00:00:22",1,2,winter-white,/catalog,"",Winter White Russia 2022  ,0,0,22452,false,false,0,"2026-02-17 21:41:51.307076",false
3273,[OLD] winter-white,38,2,1,"{""componentJson"": [{""id"": 4272, ""displayOrder"": 1}]}","2025-01-01 00:00:22","2075-01-01 00:00:22",1,2,winter-white,/catalog,"",Winter White Bulgaria 2022  ,0,0,22453,false,false,0,"2026-02-17 21:41:51.378262",false
3274,[OLD] christmas-family-gifts,38,2,1,"{""componentJson"": [{""id"": 4274, ""displayOrder"": 1}]}","2025-01-01 00:00:22","2075-01-01 00:00:22",1,2,christmas-family-gifts,/catalog,"",Christmas Family Gifts Romania ,0,0,22454,false,false,0,"2026-02-17 21:41:51.447707",false
3275,[OLD] christmas-family-gifts,38,2,1,"{""componentJson"": [{""id"": 4275, ""displayOrder"": 1}]}","2025-01-01 00:00:22","2075-01-01 00:00:22",1,2,christmas-family-gifts,/catalog,"",Christmas Family Gifts Bulgaria  ,0,0,22455,false,false,0,"2026-02-17 21:41:51.516442",false
3276,[OLD] sibling-style ,38,2,1,"{""componentJson"": [{""id"": 4277, ""displayOrder"": 1}]}","2025-01-01 00:00:22","2075-01-01 00:00:22",1,2,sibling-style ,/catalog,"",SIBLING STYLE Special Picks for Kids & Baby,0,0,22456,false,false,0,"2026-02-17 21:41:51.590746",false
3277,[OLD] sibling-style,38,2,1,"{""componentJson"": [{""id"": 4277, ""displayOrder"": 1}]}","2025-01-01 00:00:22","2075-01-01 00:00:22",1,2,sibling-style,/catalog,"",SIBLING STYLE Special Picks for Kids & Baby,0,0,22457,false,false,0,"2026-02-17 21:41:51.663532",false
3278,[OLD] deneme-lp-test,38,2,1,"{""componentJson"": [{""id"": 4278, ""displayOrder"": 1}]}","2025-01-01 00:00:22","2075-01-01 00:00:22",1,2,deneme-lp-test,/catalog,"","",0,0,22458,false,false,0,"2026-02-17 21:41:51.751611",false
3279,[OLD] valentines-day,38,2,1,"{""componentJson"": [{""id"": 4279, ""displayOrder"": 1}]}","2025-01-01 00:00:22","2075-01-01 00:00:22",1,2,valentines-day,/catalog,"",VALENTINE'S DAY,0,0,22459,false,false,0,"2026-02-17 21:41:51.833054",false
3280,[OLD] valentines-day,38,2,1,"{""componentJson"": [{""id"": 4280, ""displayOrder"": 1}]}","2025-01-01 00:00:22","2075-01-01 00:00:22",1,2,valentines-day,/catalog,"",VALENTINE'S DAY,0,0,22460,false,false,0,"2026-02-17 21:41:51.91332",false
3281,[OLD] new-season-women,38,2,1,"{""componentJson"": [{""id"": 4282, ""displayOrder"": 1}]}","2025-01-01 00:00:22","2075-01-01 00:00:22",1,2,new-season-women,/catalog,"","Discover the latest trends with the new season products of our women's clothing collection. Shop the newest women's tops, bottoms, dresses and more.",0,0,22461,false,false,0,"2026-02-17 21:41:51.990933",false
3282,[OLD] new-season-women,38,2,1,"{""componentJson"": [{""id"": 4284, ""displayOrder"": 1}]}","2025-01-01 00:00:22","2075-01-01 00:00:22",1,2,new-season-women,/catalog,"","Discover the latest trends with the new season products of our women's clothing collection. Shop the newest women's tops, bottoms, dresses and more.",0,0,22462,false,false,0,"2026-02-17 21:41:52.069354",false
3283,[OLD] deneme-lp-test-en,38,2,1,"{""componentJson"": [{""id"": 4285, ""displayOrder"": 1}]}","2025-01-01 00:00:22","2075-01-01 00:00:22",1,2,deneme-lp-test-en,/catalog,"",deneme-lp-test,0,0,22463,false,false,0,"2026-02-17 21:41:52.149637",false
3284,[OLD] denim-woman-trend,38,2,1,"{""componentJson"": [{""id"": 4288, ""displayOrder"": 1}]}","2025-01-01 00:00:22","2075-01-01 00:00:22",1,2,denim-woman-trend,/catalog,"",Denim Woman Trend,0,0,22464,false,false,0,"2026-02-17 21:41:52.237303",false
3285,[OLD] denim-woman-trend,38,2,1,"{""componentJson"": [{""id"": 4288, ""displayOrder"": 1}]}","2025-01-01 00:00:22","2075-01-01 00:00:22",1,2,denim-woman-trend,/catalog,"",Denim Woman Trend,0,0,22465,false,false,0,"2026-02-17 21:41:52.336111",false
3286,[OLD] denim-man-trend,38,2,1,"{""componentJson"": [{""id"": 4289, ""displayOrder"": 1}]}","2025-01-01 00:00:22","2075-01-01 00:00:22",1,2,denim-man-trend,/catalog,"",Denim Man Trend,0,0,22466,false,false,0,"2026-02-17 21:41:52.405937",false
3287,[OLD] hot-summer,38,2,1,"{""componentJson"": [{""id"": 4291, ""displayOrder"": 1}]}","2025-01-01 00:00:22","2075-01-01 00:00:22",1,2,hot-summer,/catalog,"",HOT SUMMER,0,0,22467,false,false,0,"2026-02-17 21:41:52.48787",false
3288,[OLD] back-to-school,38,2,1,"{""componentJson"": [{""id"": 4293, ""displayOrder"": 1}]}","2025-01-01 00:00:22","2075-01-01 00:00:22",1,2,back-to-school,/catalog,"",BACK TO SCHOOL,0,0,22468,false,false,0,"2026-02-17 21:41:52.569179",false
3289,[OLD] back-to-school,38,2,1,"{""componentJson"": [{""id"": 4294, ""displayOrder"": 1}]}","2025-01-01 00:00:22","2075-01-01 00:00:22",1,2,back-to-school,/catalog,"",BACK TO SCHOOL,0,0,22469,false,false,0,"2026-02-17 21:41:52.644559",false
3290,[OLD] timeless-men,38,2,1,"{""componentJson"": [{""id"": 4297, ""displayOrder"": 1}]}","2025-01-01 00:00:22","2075-01-01 00:00:22",1,2,timeless-men,/catalog,"",Timeless Men,0,0,22470,false,false,0,"2026-02-17 21:41:52.716747",false
3291,[OLD] timeless-women,38,2,1,"{""componentJson"": [{""id"": 4298, ""displayOrder"": 1}]}","2025-01-01 00:00:22","2075-01-01 00:00:22",1,2,timeless-women,/catalog,"",Timeless Women,0,0,22471,false,false,0,"2026-02-17 21:41:52.786862",false
3292,[OLD] timeless-women,38,2,1,"{""componentJson"": [{""id"": 4299, ""displayOrder"": 1}]}","2025-01-01 00:00:22","2075-01-01 00:00:22",1,2,timeless-women,/catalog,"",Timeless Women,0,0,22472,false,false,0,"2026-02-17 21:41:52.871925",false
3293,[OLD] timeless-men,38,2,1,"{""componentJson"": [{""id"": 4300, ""displayOrder"": 1}]}","2025-01-01 00:00:22","2075-01-01 00:00:22",1,2,timeless-men,/catalog,"",Timeless Men,0,0,22473,false,false,0,"2026-02-17 21:41:52.953009",false
3294,[OLD] christmas,38,2,1,"{""componentJson"": [{""id"": 4302, ""displayOrder"": 1}]}","2025-01-01 00:00:22","2075-01-01 00:00:22",1,2,christmas,/catalog,"",CHRISTMAS,0,0,22474,false,false,0,"2026-02-17 21:41:53.033806",false
3295,[OLD] christmas,38,2,1,"{""componentJson"": [{""id"": 4303, ""displayOrder"": 1}]}","2025-01-01 00:00:22","2075-01-01 00:00:22",1,2,christmas,/catalog,"",CHRISTMAS,0,0,22475,false,false,0,"2026-02-17 21:41:53.116301",false
3296,[OLD] women-denim,38,2,1,"{""componentJson"": [{""id"": 4306, ""displayOrder"": 1}]}","2025-01-01 00:00:22","2075-01-01 00:00:22",1,2,women-denim,/catalog,"",Women Denim,0,0,22476,false,false,0,"2026-02-17 21:41:53.218093",false
3297,[OLD] women-denim,38,2,1,"{""componentJson"": [{""id"": 4306, ""displayOrder"": 1}]}","2025-01-01 00:00:22","2075-01-01 00:00:22",1,2,women-denim,/catalog,"",Women Denim,0,0,22477,false,false,0,"2026-02-17 21:41:53.309629",false
3298,[OLD] women-denim,38,2,1,"{""componentJson"": [{""id"": 4306, ""displayOrder"": 1}]}","2025-01-01 00:00:22","2075-01-01 00:00:22",1,2,women-denim,/catalog,"",Women Denim,0,0,22478,false,false,0,"2026-02-17 21:41:53.404391",false
3299,[OLD] denim-women,38,2,1,"{""componentJson"": [{""id"": 4306, ""displayOrder"": 1}]}","2025-01-01 00:00:22","2075-01-01 00:00:22",1,2,denim-women,/catalog,"",Denim Women Trend,0,0,22479,false,false,0,"2026-02-17 21:41:53.478657",false
3300,[OLD] men-denim,38,2,1,"{""componentJson"": [{""id"": 4307, ""displayOrder"": 1}]}","2025-01-01 00:00:22","2075-01-01 00:00:22",1,2,men-denim,/catalog,"",Men Denim,0,0,22480,false,false,0,"2026-02-17 21:41:53.56134",false
3301,[OLD] men-denim,38,2,1,"{""componentJson"": [{""id"": 4307, ""displayOrder"": 1}]}","2025-01-01 00:00:22","2075-01-01 00:00:22",1,2,men-denim,/catalog,"",Men Denim,0,0,22481,false,false,0,"2026-02-17 21:41:53.631298",false
3302,[OLD] denim-women,38,2,1,"{""componentJson"": [{""id"": 4308, ""displayOrder"": 1}]}","2025-01-01 00:00:22","2075-01-01 00:00:22",1,2,denim-women,/catalog,"",Denim Woman Trend,0,0,22482,false,false,0,"2026-02-17 21:41:53.701719",false
3303,[OLD] denim-men,38,2,1,"{""componentJson"": [{""id"": 4309, ""displayOrder"": 1}]}","2025-01-01 00:00:22","2075-01-01 00:00:22",1,2,denim-men,/catalog,"",Denim Men Trend,0,0,22483,false,false,0,"2026-02-17 21:41:53.772067",false
3304,[OLD] hot-summer,38,2,1,"{""componentJson"": [{""id"": 4310, ""displayOrder"": 1}]}","2025-01-01 00:00:22","2075-01-01 00:00:22",1,2,hot-summer,/catalog,"",HOT SUMMER,0,0,22484,false,false,0,"2026-02-17 21:41:53.865525",false
3305,[OLD] back-to-kindergarden,38,2,1,"{""componentJson"": [{""id"": 4312, ""displayOrder"": 1}]}","2025-01-01 00:00:22","2075-01-01 00:00:22",1,2,back-to-kindergarden,/catalog,"",BACK TO KINDERGARDEN,0,0,22485,false,false,0,"2026-02-17 21:41:53.961748",false
3306,[OLD] back-to-kindergarden,38,2,1,"{""componentJson"": [{""id"": 4313, ""displayOrder"": 1}]}","2025-01-01 00:00:22","2075-01-01 00:00:22",1,2,back-to-kindergarden,/catalog,"",BACK TO KINDERGARDEN,0,0,22486,false,false,0,"2026-02-17 21:41:54.043637",false
3307,[OLD] back-to-kindergarden,38,2,1,"{""componentJson"": [{""id"": 4314, ""displayOrder"": 1}]}","2025-01-01 00:00:22","2075-01-01 00:00:22",1,2,back-to-kindergarden,/catalog,"",BACK TO KINDERGARDEN,0,0,22487,false,false,0,"2026-02-17 21:41:54.124455",false
3308,[OLD] back-to-school,38,2,1,"{""componentJson"": [{""id"": 4315, ""displayOrder"": 1}]}","2025-01-01 00:00:22","2075-01-01 00:00:22",1,2,back-to-school,/catalog,"",BACK TO SCHOOL,0,0,22488,false,false,0,"2026-02-17 21:41:54.202591",false
3309,[OLD] back-to-college,38,2,1,"{""componentJson"": [{""id"": 4317, ""displayOrder"": 1}]}","2025-01-01 00:00:22","2075-01-01 00:00:22",1,2,back-to-college,/catalog,"",BACK TO COLLEGE,0,0,22489,false,false,0,"2026-02-17 21:41:54.32371",false
3310,[OLD] back-to-college,38,2,1,"{""componentJson"": [{""id"": 4317, ""displayOrder"": 1}]}","2025-01-01 00:00:22","2075-01-01 00:00:22",1,2,back-to-college,/catalog,"",BACK TO COLLEGE,0,0,22490,false,false,0,"2026-02-17 21:41:54.432132",false
3311,[OLD] back-to-college,38,2,1,"{""componentJson"": [{""id"": 4318, ""displayOrder"": 1}]}","2025-01-01 00:00:22","2075-01-01 00:00:22",1,2,back-to-college,/catalog,"",BACK TO COLLEGE,0,0,22491,false,false,0,"2026-02-17 21:41:54.540662",false
3312,[OLD] back-to-work,38,2,1,"{""componentJson"": [{""id"": 4319, ""displayOrder"": 1}]}","2025-01-01 00:00:22","2075-01-01 00:00:22",1,2,back-to-work,/catalog,"",BACK TO WORK,0,0,22492,false,false,0,"2026-02-17 21:41:54.618197",false
3313,[OLD] back-to-work,38,2,1,"{""componentJson"": [{""id"": 4321, ""displayOrder"": 1}]}","2025-01-01 00:00:22","2075-01-01 00:00:22",1,2,back-to-work,/catalog,"",BACK TO WORK,0,0,22493,false,false,0,"2026-02-17 21:41:54.694377",false
3314,[OLD] back-to-work,38,2,1,"{""componentJson"": [{""id"": 4321, ""displayOrder"": 1}]}","2025-01-01 00:00:22","2075-01-01 00:00:22",1,2,back-to-work,/catalog,"",BACK TO WORK,0,0,22494,false,false,0,"2026-02-17 21:41:54.774742",false
3315,[OLD] noel-christmas-newyear,38,2,1,"{""componentJson"": [{""id"": 4323, ""displayOrder"": 1}]}","2025-01-01 00:00:22","2075-01-01 00:00:22",1,2,noel-christmas-newyear,/catalog,"",Noel Christmas Newyear,0,0,22495,false,false,0,"2026-02-17 21:41:54.85525",false
3316,[OLD] Noel Christmas Newyear,38,2,1,"{""componentJson"": [{""id"": 4323, ""displayOrder"": 1}]}","2025-01-01 00:00:22","2075-01-01 00:00:22",1,2,Noel Christmas Newyear,/catalog,"",Noel Christmas Newyear,0,0,22496,false,false,0,"2026-02-17 21:41:54.939844",false
3317,[OLD] noel-christmas-newyear,38,2,1,"{""componentJson"": [{""id"": 4324, ""displayOrder"": 1}]}","2025-01-01 00:00:22","2075-01-01 00:00:22",1,2,noel-christmas-newyear,/catalog,"",Noel Christmas Newyear,0,0,22497,false,false,0,"2026-02-17 21:41:55.022907",false
3318,[OLD] sale-lp,38,2,1,"{""componentJson"": [{""id"": 4326, ""displayOrder"": 1}]}","2025-01-01 00:00:22","2075-01-01 00:00:22",1,2,sale-lp,/catalog,"",SALE LP,0,0,22498,false,false,0,"2026-02-17 21:41:55.105388",false
3319,[OLD] sale-lp,38,2,1,"{""componentJson"": [{""id"": 4328, ""displayOrder"": 1}]}","2025-01-01 00:00:22","2075-01-01 00:00:22",1,2,sale-lp,/catalog,"",SALE LP,0,0,22499,false,false,0,"2026-02-17 21:41:55.183998",false
3320,[OLD] beach-bg-bu,38,2,1,"{""componentJson"": [{""id"": 4329, ""displayOrder"": 1}]}","2025-01-01 00:00:22","2075-01-01 00:00:22",1,2,beach-bg-bu,/catalog,"",Beach LP,0,0,22500,false,false,0,"2026-02-17 21:41:55.263392",false
3321,[OLD] beach-bg-bu,38,2,1,"{""componentJson"": [{""id"": 4331, ""displayOrder"": 1}]}","2025-01-01 00:00:22","2075-01-01 00:00:22",1,2,beach-bg-bu,/catalog,"",Beach LP,0,0,22501,false,false,0,"2026-02-17 21:41:55.354432",false
3322,[OLD] beach-ck-cu,38,2,1,"{""componentJson"": [{""id"": 4333, ""displayOrder"": 1}]}","2025-01-01 00:00:22","2075-01-01 00:00:22",1,2,beach-ck-cu,/catalog,"",Beach LP,0,0,22502,false,false,0,"2026-02-17 21:41:55.432017",false
3323,[OLD] beach-ck-cu,38,2,1,"{""componentJson"": [{""id"": 4334, ""displayOrder"": 1}]}","2025-01-01 00:00:22","2075-01-01 00:00:22",1,2,beach-ck-cu,/catalog,"",Beach LP,0,0,22503,false,false,0,"2026-02-17 21:41:55.508644",false
3324,[OLD] beach-ck-cu,38,2,1,"{""componentJson"": [{""id"": 4335, ""displayOrder"": 1}]}","2025-01-01 00:00:22","2075-01-01 00:00:22",1,2,beach-ck-cu,/catalog,"",Beach LP,0,0,22504,false,false,0,"2026-02-17 21:41:55.583762",false
3325,[OLD] CHRISTMAS,38,2,1,"{""componentJson"": [{""id"": 6598, ""displayOrder"": 1}]}","2025-11-17 10:47:32.968432","2029-12-31 23:00:00",1,2,christmas-it,/catalog,christmas,christmas,0,0,114345,false,false,0,"2026-02-17 21:41:55.716571",false
3326,[OLD] WINTER LP,38,2,1,"{""componentJson"": [{""id"": 6599, ""displayOrder"": 1}, {""id"": 6600, ""displayOrder"": 2}]}","2025-12-04 05:05:20","2029-12-31 23:00:00",1,2,winter-lp,/catalog,Winter LP,Winter LP,0,0,117026,false,false,0,"2026-02-17 21:41:55.844628",false
3327,[OLD] KIDS-BABY-IT,38,2,1,"{""componentJson"": [{""id"": 6601, ""displayOrder"": 1}, {""id"": 6602, ""displayOrder"": 2}, {""id"": 6603, ""displayOrder"": 3}, {""id"": 6604, ""displayOrder"": 4}, {""id"": 6605, ""displayOrder"": 5}, {""id"": 6606, ""displayOrder"": 6}, {""id"": 6607, ""displayOrder"": 7}]}","2025-09-10 06:37:47.950165","2035-09-09 14:49:38",1,8,"","","","",124,0,24547,false,false,0,"2026-02-17 21:42:02.200127",false
2691,[OLD] COMFY AT HOME,125,2,126,"{""componentJson"": [{""id"": 7602, ""status"": true, ""displayOrder"": 1}, {""id"": 7604, ""status"": true, ""displayOrder"": 2}, {""id"": 7605, ""status"": true, ""displayOrder"": 3}, {""id"": 7606, ""status"": true, ""displayOrder"": 4}]}","2025-12-31 12:56:30.278","2029-12-31 21:00:00",1,2,comfy-at-home,/catalog,"","",0,0,0,false,false,1,"2026-02-17 21:39:08.11506",false
3332,[OLD] WOMEN-ITEN-111225,38,2,1,"{""componentJson"": [{""id"": 6614, ""displayOrder"": 1}]}","2026-02-16 10:43:08.670582","2026-02-23 06:57:59.009615",4,8,"","","","",121,0,117686,false,false,0,"2026-02-17 21:42:02.707943",false
3333,[OLD] BOYS-ITEN-111225-2,38,2,1,"{""componentJson"": [{""id"": 6615, ""displayOrder"": 1}]}","2026-02-17 12:01:20.746518","2026-02-23 10:29:14.008362",4,8,"","","","",293,0,122791,false,false,0,"2026-02-17 21:42:02.792488",false
3331,[OLD] MEN-ITEN-111225,38,2,1,"{""componentJson"": [{""id"": 6613, ""displayOrder"": 1}]}","2026-02-17 10:24:20.951058","2026-02-23 12:27:31.504994",4,8,"","","","",123,0,117685,false,false,0,"2026-02-17 21:42:02.629798",false
3329,[OLD] BABY-ITEN-111225,38,2,1,"{""componentJson"": [{""id"": 6611, ""displayOrder"": 1}]}","2026-02-17 07:40:38.951768","2026-02-23 12:48:32.738638",4,8,"","","","",294,0,117682,false,false,0,"2026-02-17 21:42:02.463328",false
3330,[OLD] GIRLS-ITEN-111225,38,2,1,"{""componentJson"": [{""id"": 6612, ""displayOrder"": 1}]}","2026-02-16 10:43:24","2026-02-23 13:35:59.731472",4,8,"","","","",292,0,117684,false,false,0,"2026-02-17 21:42:02.541657",false
3334,[OLD] KIDS-BABY-BGEN,52,2,1,"{""componentJson"": [{""id"": 6616, ""displayOrder"": 1}, {""id"": 6617, ""displayOrder"": 2}, {""id"": 6618, ""displayOrder"": 3}, {""id"": 6619, ""displayOrder"": 4}, {""id"": 6620, ""displayOrder"": 5}, {""id"": 6621, ""displayOrder"": 6}, {""id"": 6622, ""displayOrder"": 7}]}","2025-09-09 11:48:07.288544","2035-09-09 11:48:20.603283",1,8,"","","","",94,0,24512,false,false,0,"2026-02-17 21:42:12.42505",false
3335,[OLD] KIDS-BABY-BG,52,11,1,"{""componentJson"": [{""id"": 6623, ""displayOrder"": 1}, {""id"": 6624, ""displayOrder"": 2}, {""id"": 6625, ""displayOrder"": 3}, {""id"": 6626, ""displayOrder"": 4}, {""id"": 6627, ""displayOrder"": 5}, {""id"": 6628, ""displayOrder"": 6}, {""id"": 6629, ""displayOrder"": 7}]}","2025-09-09 12:27:39.876836","2035-09-09 12:28:20.628404",1,8,"","","","",99,0,24517,false,false,0,"2026-02-17 21:42:12.775423",false
3336,[OLD] APP-KIDS-BABY-BGEN,52,2,1,"{""componentJson"": [{""id"": 6630, ""displayOrder"": 1}, {""id"": 6631, ""displayOrder"": 2}, {""id"": 6632, ""displayOrder"": 3}, {""id"": 6633, ""displayOrder"": 4}, {""id"": 6634, ""displayOrder"": 5}, {""id"": 6635, ""displayOrder"": 6}, {""id"": 6636, ""displayOrder"": 7}]}","2025-09-12 12:34:59.643412","2035-09-12 12:35:20.606934",1,8,"","","","",155,1,24800,true,false,0,"2026-02-17 21:42:13.202199",false
3337,[OLD] APP-KIDS-BABY-BG,52,11,1,"{""componentJson"": [{""id"": 6637, ""displayOrder"": 1}, {""id"": 6638, ""displayOrder"": 2}, {""id"": 6639, ""displayOrder"": 3}, {""id"": 6640, ""displayOrder"": 4}, {""id"": 6641, ""displayOrder"": 5}, {""id"": 6642, ""displayOrder"": 6}, {""id"": 6643, ""displayOrder"": 7}]}","2025-09-12 12:53:27.512138","2035-09-12 12:53:38.970552",1,8,"","","","",160,1,24805,true,false,0,"2026-02-17 21:42:13.584074",false
3338,[OLD] APP-CHRISTMAS-HOME-BG,52,11,1,"{""componentJson"": [{""id"": 6644, ""displayOrder"": 1}]}","2025-11-28 10:40:27.509206","2035-11-28 10:40:29.704722",1,8,christmas-nt,/katalog,Merry Christmas,Merry Christmas,461,1,116118,true,false,0,"2026-02-17 21:42:13.669267",false
3339,[OLD] APP-CHRISTMAS-HOME-BGEN,52,2,1,"{""componentJson"": [{""id"": 6645, ""displayOrder"": 1}]}","2025-11-28 10:40:49.420402","2035-11-28 10:41:00.500951",1,8,christmas-nt,/catalog,Merry Christmas,Merry Christmas,460,1,116119,true,false,0,"2026-02-17 21:42:13.75095",false
3579,[OLD] COMFY AT HOME,16,15,126,"{""componentJson"": [{""id"": 7602, ""status"": true, ""displayOrder"": 1}, {""id"": 7604, ""status"": true, ""displayOrder"": 2}, {""id"": 7605, ""status"": true, ""displayOrder"": 3}, {""id"": 7606, ""status"": true, ""displayOrder"": 4}]}","2026-01-13 11:19:20.724","2029-12-31 20:00:00",1,2,comfy-at-home,/catalog,"","",0,0,0,false,false,1,"2026-02-17 21:43:37.705475",false
3360,[OLD] APP-HOMEPAGE-BG-010126,52,11,1,"{""componentJson"": [{""id"": 6666, ""displayOrder"": 1}, {""id"": 6667, ""displayOrder"": 2}, {""id"": 6668, ""displayOrder"": 3}]}","2026-01-01 07:00:29","2036-01-01 07:03:42.226007",1,8,"","","","",157,1,120135,true,false,0,"2026-02-17 21:42:15.611443",false
3349,[OLD] WOMEN-BGEN-111225,52,2,1,"{""componentJson"": [{""id"": 6655, ""displayOrder"": 1}]}","2026-02-11 04:54:06","2026-02-23 06:57:36.08254",4,8,"","","","",92,0,117735,false,false,0,"2026-02-17 21:42:14.599577",false
3348,[OLD] APP-WOMEN-BGEN-111225,52,2,1,"{""componentJson"": [{""id"": 6654, ""displayOrder"": 1}]}","2026-02-11 04:53:59","2026-02-23 07:01:10.838814",4,8,"","","","",153,1,117734,true,false,0,"2026-02-17 21:42:14.5023",false
3358,[OLD] APP-WOMEN-BG-111225,52,11,1,"{""componentJson"": [{""id"": 6664, ""displayOrder"": 1}]}","2026-02-11 04:54:35","2026-02-23 07:01:17.302771",4,8,"","","","",158,1,117746,true,false,0,"2026-02-17 21:42:15.354382",false
3342,[OLD] APP-BOYS-BGEN-111225,52,2,1,"{""componentJson"": [{""id"": 6648, ""displayOrder"": 1}]}","2026-02-17 04:14:40.554807","2026-02-23 10:23:52.337026",4,8,"","","","",260,1,117728,true,false,0,"2026-02-17 21:42:13.997382",false
3352,[OLD] APP-BOYS-BG-111225,52,11,1,"{""componentJson"": [{""id"": 6658, ""displayOrder"": 1}]}","2026-02-17 04:15:53.594829","2026-02-23 10:24:16.864647",4,8,"","","","",266,1,117740,true,false,0,"2026-02-17 21:42:14.853833",false
3343,[OLD] BOYS-BGEN-111225,52,2,1,"{""componentJson"": [{""id"": 6649, ""displayOrder"": 1}]}","2026-02-17 04:14:48.068205","2026-02-23 10:29:40.535172",4,8,"","","","",257,0,117729,false,false,0,"2026-02-17 21:42:14.079977",false
3347,[OLD] MEN-BGEN-111225,52,2,1,"{""componentJson"": [{""id"": 6653, ""displayOrder"": 1}]}","2026-02-17 08:35:02.338821","2026-02-23 12:27:05.519824",4,8,"","","","",93,0,117733,false,false,0,"2026-02-17 21:42:14.419184",false
3357,[OLD] MEN-BG-111225,52,11,1,"{""componentJson"": [{""id"": 6663, ""displayOrder"": 1}]}","2026-02-17 08:37:07.293008","2026-02-23 12:32:16.702233",4,8,"","","","",98,0,117745,false,false,0,"2026-02-17 21:42:15.26999",false
3351,[OLD] BABY-BG-111225,52,11,1,"{""componentJson"": [{""id"": 6657, ""displayOrder"": 1}]}","2026-02-17 06:44:09.276827","2026-02-23 12:48:01.38237",4,8,"","","","",264,0,117739,false,false,0,"2026-02-17 21:42:14.770151",false
3341,[OLD] BABY-BGEN-111225,52,2,1,"{""componentJson"": [{""id"": 6647, ""displayOrder"": 1}]}","2026-02-17 06:42:39.094269","2026-02-23 12:48:10.860302",4,8,"","","","",258,0,117727,false,false,0,"2026-02-17 21:42:13.916199",false
3350,[OLD] APP-BABY-BG-111225-2,52,11,1,"{""componentJson"": [{""id"": 6656, ""displayOrder"": 1}]}","2026-02-17 06:44:17.326232","2026-02-23 12:52:49.387136",4,8,"","","","",267,1,117738,true,false,0,"2026-02-17 21:42:14.685444",false
3340,[OLD] APP-BABY-BGEN-111225,52,2,1,"{""componentJson"": [{""id"": 6646, ""displayOrder"": 1}]}","2026-02-17 06:42:31.798014","2026-02-23 12:52:55.7635",4,8,"","","","",261,1,117726,true,false,0,"2026-02-17 21:42:13.83362",false
3355,[OLD] GIRLS-BG-111225,52,11,1,"{""componentJson"": [{""id"": 6661, ""displayOrder"": 1}]}","2026-01-22 07:16:08","2026-02-23 13:35:17.788655",4,8,"","","","",262,0,117743,false,false,0,"2026-02-17 21:42:15.105521",false
3345,[OLD] GIRLS-BGEN-111225,52,2,1,"{""componentJson"": [{""id"": 6651, ""displayOrder"": 1}]}","2026-01-22 07:13:52","2026-02-23 13:35:24.766665",4,8,"","","","",256,0,117731,false,false,0,"2026-02-17 21:42:14.252955",false
3356,[OLD] APP-MEN-BG-111225,52,11,1,"{""componentJson"": [{""id"": 6662, ""displayOrder"": 1}]}","2026-02-17 08:37:03.408765","2026-02-23 13:43:27.483819",4,8,"","","","",159,1,117744,true,false,0,"2026-02-17 21:42:15.186788",false
3346,[OLD] APP-MEN-BGEN-111225,52,2,1,"{""componentJson"": [{""id"": 6652, ""displayOrder"": 1}]}","2026-02-17 08:35:07.782562","2026-02-23 13:43:33.28076",4,8,"","","","",154,1,117732,true,false,0,"2026-02-17 21:42:14.337036",false
3354,[OLD] APP-GIRLS-BG-111225,52,11,1,"{""componentJson"": [{""id"": 6660, ""displayOrder"": 1}]}","2026-01-22 07:16:01","2026-02-23 13:44:41.829818",4,8,"","","","",265,1,117742,true,false,0,"2026-02-17 21:42:15.022744",false
3344,[OLD] APP-GIRLS-BGEN-111225,52,2,1,"{""componentJson"": [{""id"": 6650, ""displayOrder"": 1}]}","2026-01-22 07:13:34","2026-02-23 13:44:52.775167",4,8,"","","","",259,1,117730,true,false,0,"2026-02-17 21:42:14.171808",false
3361,[OLD] WEB-HOMEPAGE-BG-010126,52,11,1,"{""componentJson"": [{""id"": 6669, ""displayOrder"": 1}, {""id"": 6670, ""displayOrder"": 2}, {""id"": 6671, ""displayOrder"": 3}]}","2026-01-01 07:00:43","2036-01-01 07:04:57.495495",1,8,"","","","",96,0,120136,false,false,0,"2026-02-17 21:42:15.790342",false
3362,[OLD] APP-HOMEPAGE-BGEN-010126,52,2,1,"{""componentJson"": [{""id"": 6672, ""displayOrder"": 1}, {""id"": 6673, ""displayOrder"": 2}, {""id"": 6674, ""displayOrder"": 3}]}","2026-01-01 07:00:02","2036-01-01 07:00:42.237776",1,8,"","","","",152,1,120140,true,false,0,"2026-02-17 21:42:15.965576",false
3363,[OLD] WEB-HOMEPAGE-BGEN-010126,52,2,1,"{""componentJson"": [{""id"": 6675, ""displayOrder"": 1}, {""id"": 6676, ""displayOrder"": 2}, {""id"": 6677, ""displayOrder"": 3}]}","2026-01-01 07:00:48","2036-01-01 07:05:36.602716",1,8,"","","","",91,0,120141,false,false,0,"2026-02-17 21:42:16.141482",false
3368,[OLD] Halloween-Licensed-Products,52,2,1,"{""componentJson"": [{""id"": 4233, ""displayOrder"": 1}]}","2025-01-01 00:00:22","2075-01-01 00:00:22",1,2,Halloween-Licensed-Products,/catalog,"",Halloween-Licensed-Products,0,0,22238,false,false,0,"2026-02-17 21:42:29.202872",false
3369,[OLD] Halloween-Licensed-Products,52,2,1,"{""componentJson"": [{""id"": 4233, ""displayOrder"": 1}]}","2025-01-01 00:00:22","2075-01-01 00:00:22",1,2,Halloween-Licensed-Products,/catalog,"",Halloween-Licensed-Products,0,0,22239,false,false,0,"2026-02-17 21:42:29.303526",false
3370,[OLD] Halloween-Licensed-Products,52,11,1,"{""componentJson"": [{""id"": 6694, ""displayOrder"": 1}]}","2025-01-01 00:00:22","2075-01-01 00:00:22",1,2,Halloween-Licensed-Products,/каталог,"",Halloween-Licensed-Products,0,0,22240,false,false,0,"2026-02-17 21:42:29.390068",false
3371,[OLD] christmas-lp-2021-roen-r,52,2,1,"{""componentJson"": [{""id"": 4242, ""displayOrder"": 1}]}","2025-01-01 00:00:22","2075-01-01 00:00:22",1,2,christmas-lp-2021-roen-r,/catalog,"",christmaslp2021roen,0,0,22241,false,false,0,"2026-02-17 21:42:29.470212",false
3372,[OLD] christmas-lp-2021-bg,52,11,1,"{""componentJson"": [{""id"": 6695, ""displayOrder"": 1}]}","2025-01-01 00:00:22","2075-01-01 00:00:22",1,2,christmas-lp-2021-bg,/каталог,"",christmas lp 2021 bulgarian,0,0,22242,false,false,0,"2026-02-17 21:42:29.554862",false
3373,[OLD] christmas-lp-2021-bgen,52,2,1,"{""componentJson"": [{""id"": 4244, ""displayOrder"": 1}]}","2025-01-01 00:00:22","2075-01-01 00:00:22",1,2,christmas-lp-2021-bgen,/catalog,"",christmas lp 2021 bgen,0,0,22243,false,false,0,"2026-02-17 21:42:29.633114",false
3374,[OLD] licenced-roen,52,2,1,"{""componentJson"": [{""id"": 4247, ""displayOrder"": 1}]}","2025-01-01 00:00:22","2075-01-01 00:00:22",1,2,licenced-roen,/catalog,"",lisenced romanian english version,0,0,22244,false,false,0,"2026-02-17 21:42:29.714322",false
3375,[OLD] licenced-bg,52,11,1,"{""componentJson"": [{""id"": 6696, ""displayOrder"": 1}]}","2025-01-01 00:00:22","2075-01-01 00:00:22",1,2,licenced-bg,/каталог,"",licensed bulgarian version,0,0,22245,false,false,0,"2026-02-17 21:42:29.796808",false
3376,[OLD] licenced-bgen,52,2,1,"{""componentJson"": [{""id"": 4248, ""displayOrder"": 1}]}","2025-01-01 00:00:22","2075-01-01 00:00:22",1,2,licenced-bgen,/catalog,"",licensed bulgarian english version,0,0,22246,false,false,0,"2026-02-17 21:42:29.87545",false
3377,[OLD] women-brand-looks-lp,52,11,1,"{""componentJson"": [{""id"": 6697, ""displayOrder"": 1}]}","2025-01-01 00:00:22","2075-01-01 00:00:22",1,2,women-brand-looks-lp,/каталог,"",women brand looks lp bg,0,0,22247,false,false,0,"2026-02-17 21:42:29.97258",false
3378,[OLD] kids-and-babies-bg,52,11,1,"{""componentJson"": [{""id"": 6698, ""displayOrder"": 1}]}","2025-01-01 00:00:22","2075-01-01 00:00:22",1,2,kids-and-babies-bg,/каталог,"",kids and babies lcwaikiki trend bulgarian,0,0,22248,false,false,0,"2026-02-17 21:42:30.057638",false
3379,[OLD] kids-and-babies-bgen-,52,2,1,"{""componentJson"": [{""id"": 4250, ""displayOrder"": 1}]}","2025-01-01 00:00:22","2075-01-01 00:00:22",1,2,kids-and-babies-bgen-,/catalog,"",kids and babies lcwaikiki trend bulgarian english version,0,0,22249,false,false,0,"2026-02-17 21:42:30.150005",false
3380,[OLD] kids-and-babies-roen,52,2,1,"{""componentJson"": [{""id"": 4252, ""displayOrder"": 1}]}","2025-01-01 00:00:22","2075-01-01 00:00:22",1,2,kids-and-babies-roen,/catalog,"",kids and babies lcwaikiki trend romanian english version,0,0,22250,false,false,0,"2026-02-17 21:42:30.231834",false
3381,[OLD] outdoor-roen-22,52,2,1,"{""componentJson"": [{""id"": 4253, ""displayOrder"": 1}]}","2025-01-01 00:00:22","2075-01-01 00:00:22",1,2,outdoor-roen-22,/catalog,"",outdoor trend lcwaikiki ,0,0,22251,false,false,0,"2026-02-17 21:42:30.331635",false
3382,[OLD] outdoor-bg-22-,52,11,1,"{""componentJson"": [{""id"": 6699, ""displayOrder"": 1}]}","2025-01-01 00:00:22","2075-01-01 00:00:22",1,2,outdoor-bg-22-,/каталог,"",outdoor trend lcwaikiki ,0,0,22252,false,false,0,"2026-02-17 21:42:30.422172",false
3383,[OLD] outdoor-bgen-22,52,2,1,"{""componentJson"": [{""id"": 4255, ""displayOrder"": 1}]}","2025-01-01 00:00:22","2075-01-01 00:00:22",1,2,outdoor-bgen-22,/catalog,"",outdoor trend lcwaikiki ,0,0,22253,false,false,0,"2026-02-17 21:42:30.519872",false
3384,[OLD] back-to-college-roen,52,2,1,"{""componentJson"": [{""id"": 4258, ""displayOrder"": 1}]}","2025-01-01 00:00:22","2075-01-01 00:00:22",1,2,back-to-college-roen,/catalog,"",back to college lcwaikiki romania 2022  ,0,0,22254,false,false,0,"2026-02-17 21:42:30.61007",false
3366,[OLD] APP-DEALZONE-080126,52,11,126,"{""componentJson"": [{""id"": 8213, ""isActive"": true, ""displayOrder"": 1}, {""id"": 7773, ""isActive"": true, ""displayOrder"": 2}, {""id"": 7454, ""isActive"": true, ""displayOrder"": 3}, {""id"": 7235, ""isActive"": true, ""displayOrder"": 4}, {""id"": 6667, ""isActive"": true, ""displayOrder"": 5}, {""id"": 7237, ""isActive"": true, ""displayOrder"": 6}]}","2026-02-06 01:05:31.478","2036-01-09 01:42:29",1,8,"","","","",161,1,0,true,false,1,"2026-02-17 21:42:16.890304",false
3193,[OLD] WEB-HOME-ANASAYFASI-YENI-SEZON,1,1,1,"{""componentJson"": [{""id"": 8270, ""isActive"": true, ""displayOrder"": 1}, {""id"": 8168, ""isActive"": true, ""displayOrder"": 2}, {""id"": 8051, ""isActive"": true, ""displayOrder"": 3}, {""id"": 6402, ""isActive"": true, ""displayOrder"": 4}, {""id"": 6403, ""isActive"": true, ""displayOrder"": 5}, {""id"": 6404, ""isActive"": true, ""displayOrder"": 6}]}","2026-02-16 03:21:11","2036-03-24 11:45:08.383",1,8,"","","","",95697,0,0,false,false,1,"2026-02-17 21:41:07.609883",false
3385,[OLD] back-to-college-bg,52,11,1,"{""componentJson"": [{""id"": 6700, ""displayOrder"": 1}]}","2025-01-01 00:00:22","2075-01-01 00:00:22",1,2,back-to-college-bg,/каталог,"",back to college lcwaikiki bulgaria 2022  ,0,0,22255,false,false,0,"2026-02-17 21:42:30.696043",false
3386,[OLD] back-to-college-bgen,52,2,1,"{""componentJson"": [{""id"": 4259, ""displayOrder"": 1}]}","2025-01-01 00:00:22","2075-01-01 00:00:22",1,2,back-to-college-bgen,/catalog,"",back to college lcwaikiki bulgaria 2022  ,0,0,22256,false,false,0,"2026-02-17 21:42:30.777839",false
3387,[OLD] back-to-work-roen,52,2,1,"{""componentJson"": [{""id"": 4261, ""displayOrder"": 1}]}","2025-01-01 00:00:22","2075-01-01 00:00:22",1,2,back-to-work-roen,/catalog,"",Back To Work | LC Waikiki Romanian English,0,0,22257,false,false,0,"2026-02-17 21:42:30.875742",false
3388,[OLD] back-to-work-roen,52,2,1,"{""componentJson"": [{""id"": 4261, ""displayOrder"": 1}]}","2025-01-01 00:00:22","2075-01-01 00:00:22",1,2,back-to-work-roen,/catalog,"",Back To Work | LC Waikiki Romanian English,0,0,22258,false,false,0,"2026-02-17 21:42:30.971278",false
3389,[OLD] back-to-work-roen,52,2,1,"{""componentJson"": [{""id"": 4261, ""displayOrder"": 1}]}","2025-01-01 00:00:22","2075-01-01 00:00:22",1,2,back-to-work-roen,/catalog,"",Back To Work | LC Waikiki Romanian English,0,0,22259,false,false,0,"2026-02-17 21:42:31.06639",false
3390,[OLD] back-to-work-bg,52,11,1,"{""componentJson"": [{""id"": 6701, ""displayOrder"": 1}]}","2025-01-01 00:00:22","2075-01-01 00:00:22",1,2,back-to-work-bg,/каталог,"",Back To Work | LC Waikiki Bulgarian ,0,0,22260,false,false,0,"2026-02-17 21:42:31.157149",false
3391,[OLD] back-to-work-bgen,52,2,1,"{""componentJson"": [{""id"": 4262, ""displayOrder"": 1}]}","2025-01-01 00:00:22","2075-01-01 00:00:22",1,2,back-to-work-bgen,/catalog,"",Back To Work | LC Waikiki Bulgarian English,0,0,22261,false,false,0,"2026-02-17 21:42:31.258568",false
3392,[OLD] black-friday-bg,52,11,1,"{""componentJson"": [{""id"": 6702, ""displayOrder"": 1}]}","2025-01-01 00:00:22","2075-01-01 00:00:22",1,2,black-friday-bg,/каталог,"",Black Friday LC Waikiki Bulgaria 2022  ,0,0,22262,false,false,0,"2026-02-17 21:42:31.354583",false
3393,[OLD] halloween-roen,52,2,1,"{""componentJson"": [{""id"": 4265, ""displayOrder"": 1}]}","2025-01-01 00:00:22","2075-01-01 00:00:22",1,2,halloween-roen,/catalog,"",Halloween LC Waikiki Romaian 2022 ,0,0,22263,false,false,0,"2026-02-17 21:42:31.431877",false
3394,[OLD] halloween-bg,52,11,1,"{""componentJson"": [{""id"": 6703, ""displayOrder"": 1}]}","2025-01-01 00:00:22","2075-01-01 00:00:22",1,2,halloween-bg,/каталог,"",Halloween LC Waikiki Bulgaria 2022  ,0,0,22264,false,false,0,"2026-02-17 21:42:31.517181",false
3395,[OLD] halloween-bgen,52,2,1,"{""componentJson"": [{""id"": 4266, ""displayOrder"": 1}]}","2025-01-01 00:00:22","2075-01-01 00:00:22",1,2,halloween-bgen,/catalog,"",Halloween LC Waikiki Bulgaria 2022  ,0,0,22265,false,false,0,"2026-02-17 21:42:31.594687",false
3396,[OLD] christmas-shop,52,2,1,"{""componentJson"": [{""id"": 4268, ""displayOrder"": 1}]}","2025-01-01 00:00:22","2075-01-01 00:00:22",1,2,christmas-shop,/catalog,"",Christmas Shop Romania ,0,0,22266,false,false,0,"2026-02-17 21:42:31.675392",false
3397,[OLD] christmas-shop,52,2,1,"{""componentJson"": [{""id"": 4268, ""displayOrder"": 1}]}","2025-01-01 00:00:22","2075-01-01 00:00:22",1,2,christmas-shop,/catalog,"","Get great Christmas gifts and amazing discounts for 2023. LC Waikiki has a wide selection of Xmas gifts for men, women, and kids for you to choose from.",0,0,22267,false,false,0,"2026-02-17 21:42:31.754034",false
3398,[OLD] christmas-shop,52,11,1,"{""componentJson"": [{""id"": 6704, ""displayOrder"": 1}]}","2025-01-01 00:00:22","2075-01-01 00:00:22",1,2,christmas-shop,/каталог,"","Get great Christmas gifts and amazing discounts for 2023. LC Waikiki has a wide selection of Xmas gifts for men, women, and kids for you to choose from.",0,0,22268,false,false,0,"2026-02-17 21:42:31.838446",false
3399,[OLD] christmas-shop,52,2,1,"{""componentJson"": [{""id"": 4269, ""displayOrder"": 1}]}","2025-01-01 00:00:22","2075-01-01 00:00:22",1,2,christmas-shop,/catalog,"",Christmas Shop Bulgaria ,0,0,22269,false,false,0,"2026-02-17 21:42:31.917429",false
3400,[OLD] winter-white,52,2,1,"{""componentJson"": [{""id"": 4271, ""displayOrder"": 1}]}","2025-01-01 00:00:22","2075-01-01 00:00:22",1,2,winter-white,/catalog,"",Winter White Russia 2022  ,0,0,22270,false,false,0,"2026-02-17 21:42:31.992258",false
3401,[OLD] winter-white,52,11,1,"{""componentJson"": [{""id"": 6705, ""displayOrder"": 1}]}","2025-01-01 00:00:22","2075-01-01 00:00:22",1,2,winter-white,/каталог,"",Winter White Bulgaria 2022  ,0,0,22271,false,false,0,"2026-02-17 21:42:32.073527",false
3402,[OLD] winter-white,52,2,1,"{""componentJson"": [{""id"": 4272, ""displayOrder"": 1}]}","2025-01-01 00:00:22","2075-01-01 00:00:22",1,2,winter-white,/catalog,"",Winter White Bulgaria 2022  ,0,0,22272,false,false,0,"2026-02-17 21:42:32.151753",false
3403,[OLD] christmas-family-gifts,52,2,1,"{""componentJson"": [{""id"": 4274, ""displayOrder"": 1}]}","2025-01-01 00:00:22","2075-01-01 00:00:22",1,2,christmas-family-gifts,/catalog,"",Christmas Family Gifts Romania ,0,0,22273,false,false,0,"2026-02-17 21:42:32.230082",false
3404,[OLD] christmas-family-gifts,52,11,1,"{""componentJson"": [{""id"": 6706, ""displayOrder"": 1}]}","2025-01-01 00:00:22","2075-01-01 00:00:22",1,2,christmas-family-gifts,/каталог,"",Christmas Family Gifts Bulgaria  ,0,0,22274,false,false,0,"2026-02-17 21:42:32.320023",false
3405,[OLD] christmas-family-gifts,52,2,1,"{""componentJson"": [{""id"": 4275, ""displayOrder"": 1}]}","2025-01-01 00:00:22","2075-01-01 00:00:22",1,2,christmas-family-gifts,/catalog,"",Christmas Family Gifts Bulgaria  ,0,0,22275,false,false,0,"2026-02-17 21:42:32.391952",false
3406,[OLD] sibling-style ,52,2,1,"{""componentJson"": [{""id"": 4277, ""displayOrder"": 1}]}","2025-01-01 00:00:22","2075-01-01 00:00:22",1,2,sibling-style ,/catalog,"",SIBLING STYLE Special Picks for Kids & Baby,0,0,22276,false,false,0,"2026-02-17 21:42:32.472563",false
3407,[OLD] sibling-style,52,2,1,"{""componentJson"": [{""id"": 4277, ""displayOrder"": 1}]}","2025-01-01 00:00:22","2075-01-01 00:00:22",1,2,sibling-style,/catalog,"",SIBLING STYLE Special Picks for Kids & Baby,0,0,22277,false,false,0,"2026-02-17 21:42:32.549403",false
3408,[OLD] sibling-style,52,11,1,"{""componentJson"": [{""id"": 6707, ""displayOrder"": 1}]}","2025-01-01 00:00:22","2075-01-01 00:00:22",1,2,sibling-style,/каталог,"",SIBLING STYLE Special Picks for Kids & Baby,0,0,22278,false,false,0,"2026-02-17 21:42:32.632645",false
3409,[OLD] deneme-lp-test-2,52,11,1,"{""componentJson"": [{""id"": 6708, ""displayOrder"": 1}]}","2025-01-01 00:00:22","2075-01-01 00:00:22",1,2,deneme-lp-test-2,/каталог,"",deneme-lp-test-2,0,0,22279,false,false,0,"2026-02-17 21:42:32.717937",false
3410,[OLD] deneme-lp-test,52,2,1,"{""componentJson"": [{""id"": 4278, ""displayOrder"": 1}]}","2025-01-01 00:00:22","2075-01-01 00:00:22",1,2,deneme-lp-test,/catalog,"","",0,0,22280,false,false,0,"2026-02-17 21:42:32.817471",false
3411,[OLD] valentines-day,52,2,1,"{""componentJson"": [{""id"": 4279, ""displayOrder"": 1}]}","2025-01-01 00:00:22","2075-01-01 00:00:22",1,2,valentines-day,/catalog,"",VALENTINE'S DAY,0,0,22281,false,false,0,"2026-02-17 21:42:32.942985",false
3412,[OLD] valentines-day,52,2,1,"{""componentJson"": [{""id"": 4280, ""displayOrder"": 1}]}","2025-01-01 00:00:22","2075-01-01 00:00:22",1,2,valentines-day,/catalog,"",VALENTINE'S DAY,0,0,22282,false,false,0,"2026-02-17 21:42:33.062765",false
3413,[OLD] valentines-day,52,11,1,"{""componentJson"": [{""id"": 6709, ""displayOrder"": 1}]}","2025-01-01 00:00:22","2075-01-01 00:00:22",1,2,valentines-day,/каталог,"",VALENTINE'S DAY,0,0,22283,false,false,0,"2026-02-17 21:42:33.173267",false
3414,[OLD] new-season-women,52,2,1,"{""componentJson"": [{""id"": 4282, ""displayOrder"": 1}]}","2025-01-01 00:00:22","2075-01-01 00:00:22",1,2,new-season-women,/catalog,"","Discover the latest trends with the new season products of our women's clothing collection. Shop the newest women's tops, bottoms, dresses and more.",0,0,22284,false,false,0,"2026-02-17 21:42:33.279079",false
3415,[OLD] new-season-women,52,11,1,"{""componentJson"": [{""id"": 6710, ""displayOrder"": 1}]}","2025-01-01 00:00:22","2075-01-01 00:00:22",1,2,new-season-women,/каталог,"","Discover the latest trends with the new season products of our women's clothing collection. Shop the newest women's tops, bottoms, dresses and more.
",0,0,22285,false,false,0,"2026-02-17 21:42:33.378866",false
3416,[OLD] new-season-women,52,11,1,"{""componentJson"": [{""id"": 6710, ""displayOrder"": 1}]}","2025-01-01 00:00:22","2075-01-01 00:00:22",1,2,new-season-women,/каталог,"","Discover the latest trends with the new season products of our women's clothing collection. Shop the newest women's tops, bottoms, dresses and more.
",0,0,22286,false,false,0,"2026-02-17 21:42:33.478117",false
3417,[OLD] new-season-women,52,2,1,"{""componentJson"": [{""id"": 4284, ""displayOrder"": 1}]}","2025-01-01 00:00:22","2075-01-01 00:00:22",1,2,new-season-women,/catalog,"","Discover the latest trends with the new season products of our women's clothing collection. Shop the newest women's tops, bottoms, dresses and more.",0,0,22287,false,false,0,"2026-02-17 21:42:33.599043",false
3418,[OLD] deneme-lp-test-en,52,2,1,"{""componentJson"": [{""id"": 4285, ""displayOrder"": 1}]}","2025-01-01 00:00:22","2075-01-01 00:00:22",1,2,deneme-lp-test-en,/catalog,"",deneme-lp-test,0,0,22288,false,false,0,"2026-02-17 21:42:33.701134",false
3419,[OLD] denim-woman-trend,52,2,1,"{""componentJson"": [{""id"": 4288, ""displayOrder"": 1}]}","2025-01-01 00:00:22","2075-01-01 00:00:22",1,2,denim-woman-trend,/catalog,"",Denim Woman Trend,0,0,22289,false,false,0,"2026-02-17 21:42:33.780695",false
3420,[OLD] denim-woman-trend,52,2,1,"{""componentJson"": [{""id"": 4288, ""displayOrder"": 1}]}","2025-01-01 00:00:22","2075-01-01 00:00:22",1,2,denim-woman-trend,/catalog,"",Denim Woman Trend,0,0,22290,false,false,0,"2026-02-17 21:42:33.855942",false
3421,[OLD] denim-man-trend,52,2,1,"{""componentJson"": [{""id"": 4289, ""displayOrder"": 1}]}","2025-01-01 00:00:22","2075-01-01 00:00:22",1,2,denim-man-trend,/catalog,"",Denim Man Trend,0,0,22291,false,false,0,"2026-02-17 21:42:33.93228",false
3422,[OLD] hot-summer,52,2,1,"{""componentJson"": [{""id"": 4291, ""displayOrder"": 1}]}","2025-01-01 00:00:22","2075-01-01 00:00:22",1,2,hot-summer,/catalog,"",HOT SUMMER,0,0,22292,false,false,0,"2026-02-17 21:42:34.019746",false
3423,[OLD] back-to-school,52,2,1,"{""componentJson"": [{""id"": 4293, ""displayOrder"": 1}]}","2025-01-01 00:00:22","2075-01-01 00:00:22",1,2,back-to-school,/catalog,"",BACK TO SCHOOL,0,0,22293,false,false,0,"2026-02-17 21:42:34.100965",false
3424,[OLD] back-to-school,52,11,1,"{""componentJson"": [{""id"": 6711, ""displayOrder"": 1}]}","2025-01-01 00:00:22","2075-01-01 00:00:22",1,2,back-to-school,/каталог,"",BACK TO SCHOOL,0,0,22294,false,false,0,"2026-02-17 21:42:34.184352",false
3425,[OLD] back-to-school,52,2,1,"{""componentJson"": [{""id"": 4294, ""displayOrder"": 1}]}","2025-01-01 00:00:22","2075-01-01 00:00:22",1,2,back-to-school,/catalog,"",BACK TO SCHOOL,0,0,22295,false,false,0,"2026-02-17 21:42:34.263933",false
3426,[OLD] timeless-men,52,2,1,"{""componentJson"": [{""id"": 4297, ""displayOrder"": 1}]}","2025-01-01 00:00:22","2075-01-01 00:00:22",1,2,timeless-men,/catalog,"",Timeless Men,0,0,22296,false,false,0,"2026-02-17 21:42:34.336601",false
3427,[OLD] timeless-women,52,2,1,"{""componentJson"": [{""id"": 4298, ""displayOrder"": 1}]}","2025-01-01 00:00:22","2075-01-01 00:00:22",1,2,timeless-women,/catalog,"",Timeless Women,0,0,22297,false,false,0,"2026-02-17 21:42:34.408788",false
3428,[OLD] timeless-women,52,11,1,"{""componentJson"": [{""id"": 6712, ""displayOrder"": 1}]}","2025-01-01 00:00:22","2075-01-01 00:00:22",1,2,timeless-women,/каталог,"",Timeless Women,0,0,22298,false,false,0,"2026-02-17 21:42:34.492862",false
3429,[OLD] timeless-men,52,11,1,"{""componentJson"": [{""id"": 6713, ""displayOrder"": 1}]}","2025-01-01 00:00:22","2075-01-01 00:00:22",1,2,timeless-men,/каталог,"",Timeless Men,0,0,22299,false,false,0,"2026-02-17 21:42:34.57579",false
3430,[OLD] timeless-women,52,2,1,"{""componentJson"": [{""id"": 4299, ""displayOrder"": 1}]}","2025-01-01 00:00:22","2075-01-01 00:00:22",1,2,timeless-women,/catalog,"",Timeless Women,0,0,22300,false,false,0,"2026-02-17 21:42:34.649659",false
3431,[OLD] timeless-men,52,2,1,"{""componentJson"": [{""id"": 4300, ""displayOrder"": 1}]}","2025-01-01 00:00:22","2075-01-01 00:00:22",1,2,timeless-men,/catalog,"",Timeless Men,0,0,22301,false,false,0,"2026-02-17 21:42:34.721773",false
3432,[OLD] christmas,52,2,1,"{""componentJson"": [{""id"": 4302, ""displayOrder"": 1}]}","2025-01-01 00:00:22","2075-01-01 00:00:22",1,2,christmas,/catalog,"",CHRISTMAS,0,0,22302,false,false,0,"2026-02-17 21:42:34.796254",false
3433,[OLD] christmas,52,11,1,"{""componentJson"": [{""id"": 6714, ""displayOrder"": 1}]}","2025-01-01 00:00:22","2075-01-01 00:00:22",1,2,christmas,/каталог,"",CHRISTMAS,0,0,22303,false,false,0,"2026-02-17 21:42:34.877845",false
3434,[OLD] christmas,52,2,1,"{""componentJson"": [{""id"": 4303, ""displayOrder"": 1}]}","2025-01-01 00:00:22","2075-01-01 00:00:22",1,2,christmas,/catalog,"",CHRISTMAS,0,0,22304,false,false,0,"2026-02-17 21:42:34.952759",false
3435,[OLD] women-denim,52,2,1,"{""componentJson"": [{""id"": 4306, ""displayOrder"": 1}]}","2025-01-01 00:00:22","2075-01-01 00:00:22",1,2,women-denim,/catalog,"",Women Denim,0,0,22305,false,false,0,"2026-02-17 21:42:35.029336",false
3436,[OLD] women-denim,52,2,1,"{""componentJson"": [{""id"": 4306, ""displayOrder"": 1}]}","2025-01-01 00:00:22","2075-01-01 00:00:22",1,2,women-denim,/catalog,"",Women Denim,0,0,22306,false,false,0,"2026-02-17 21:42:35.107356",false
3437,[OLD] women-denim,52,2,1,"{""componentJson"": [{""id"": 4306, ""displayOrder"": 1}]}","2025-01-01 00:00:22","2075-01-01 00:00:22",1,2,women-denim,/catalog,"",Women Denim,0,0,22307,false,false,0,"2026-02-17 21:42:35.183783",false
3438,[OLD] denim-women,52,2,1,"{""componentJson"": [{""id"": 4306, ""displayOrder"": 1}]}","2025-01-01 00:00:22","2075-01-01 00:00:22",1,2,denim-women,/catalog,"",Denim Women Trend,0,0,22308,false,false,0,"2026-02-17 21:42:35.259336",false
3439,[OLD] men-denim,52,2,1,"{""componentJson"": [{""id"": 4307, ""displayOrder"": 1}]}","2025-01-01 00:00:22","2075-01-01 00:00:22",1,2,men-denim,/catalog,"",Men Denim,0,0,22309,false,false,0,"2026-02-17 21:42:35.336564",false
3440,[OLD] men-denim,52,2,1,"{""componentJson"": [{""id"": 4307, ""displayOrder"": 1}]}","2025-01-01 00:00:22","2075-01-01 00:00:22",1,2,men-denim,/catalog,"",Men Denim,0,0,22310,false,false,0,"2026-02-17 21:42:35.413746",false
3441,[OLD] women-denim,52,11,1,"{""componentJson"": [{""id"": 6715, ""displayOrder"": 1}]}","2025-01-01 00:00:22","2075-01-01 00:00:22",1,2,women-denim,/каталог,"",Women Denim,0,0,22311,false,false,0,"2026-02-17 21:42:35.495918",false
3442,[OLD] men-denim,52,11,1,"{""componentJson"": [{""id"": 6716, ""displayOrder"": 1}]}","2025-01-01 00:00:22","2075-01-01 00:00:22",1,2,men-denim,/каталог,"",Men Denim,0,0,22312,false,false,0,"2026-02-17 21:42:35.578228",false
3443,[OLD] denim-women,52,2,1,"{""componentJson"": [{""id"": 4308, ""displayOrder"": 1}]}","2025-01-01 00:00:22","2075-01-01 00:00:22",1,2,denim-women,/catalog,"",Denim Woman Trend,0,0,22313,false,false,0,"2026-02-17 21:42:35.651833",false
3444,[OLD] denim-men,52,2,1,"{""componentJson"": [{""id"": 4309, ""displayOrder"": 1}]}","2025-01-01 00:00:22","2075-01-01 00:00:22",1,2,denim-men,/catalog,"",Denim Men Trend,0,0,22314,false,false,0,"2026-02-17 21:42:35.732326",false
3445,[OLD] hot-summer,52,11,1,"{""componentJson"": [{""id"": 6717, ""displayOrder"": 1}]}","2025-01-01 00:00:22","2075-01-01 00:00:22",1,2,hot-summer,/каталог,"",HOT SUMMER,0,0,22315,false,false,0,"2026-02-17 21:42:35.818708",false
3446,[OLD] hot-summer,52,2,1,"{""componentJson"": [{""id"": 4310, ""displayOrder"": 1}]}","2025-01-01 00:00:22","2075-01-01 00:00:22",1,2,hot-summer,/catalog,"",HOT SUMMER,0,0,22316,false,false,0,"2026-02-17 21:42:35.902851",false
3447,[OLD] back-to-kindergarden,52,2,1,"{""componentJson"": [{""id"": 4312, ""displayOrder"": 1}]}","2025-01-01 00:00:22","2075-01-01 00:00:22",1,2,back-to-kindergarden,/catalog,"",BACK TO KINDERGARDEN,0,0,22317,false,false,0,"2026-02-17 21:42:35.990141",false
3448,[OLD] back-to-kindergarden,52,11,1,"{""componentJson"": [{""id"": 6718, ""displayOrder"": 1}]}","2025-01-01 00:00:22","2075-01-01 00:00:22",1,2,back-to-kindergarden,/каталог,"",BACK TO KINDERGARDEN,0,0,22318,false,false,0,"2026-02-17 21:42:36.077365",false
3449,[OLD] back-to-kindergarden,52,2,1,"{""componentJson"": [{""id"": 4313, ""displayOrder"": 1}]}","2025-01-01 00:00:22","2075-01-01 00:00:22",1,2,back-to-kindergarden,/catalog,"",BACK TO KINDERGARDEN,0,0,22319,false,false,0,"2026-02-17 21:42:36.163839",false
3450,[OLD] back-to-kindergarden,52,2,1,"{""componentJson"": [{""id"": 4314, ""displayOrder"": 1}]}","2025-01-01 00:00:22","2075-01-01 00:00:22",1,2,back-to-kindergarden,/catalog,"",BACK TO KINDERGARDEN,0,0,22320,false,false,0,"2026-02-17 21:42:36.251522",false
3451,[OLD] back-to-school,52,2,1,"{""componentJson"": [{""id"": 4315, ""displayOrder"": 1}]}","2025-01-01 00:00:22","2075-01-01 00:00:22",1,2,back-to-school,/catalog,"",BACK TO SCHOOL,0,0,22321,false,false,0,"2026-02-17 21:42:36.33672",false
3452,[OLD] back-to-college,52,11,1,"{""componentJson"": [{""id"": 6719, ""displayOrder"": 1}]}","2025-01-01 00:00:22","2075-01-01 00:00:22",1,2,back-to-college,/каталог,"",BACK TO COLLEGE,0,0,22322,false,false,0,"2026-02-17 21:42:36.426088",false
3453,[OLD] back-to-college,52,2,1,"{""componentJson"": [{""id"": 4317, ""displayOrder"": 1}]}","2025-01-01 00:00:22","2075-01-01 00:00:22",1,2,back-to-college,/catalog,"",BACK TO COLLEGE,0,0,22323,false,false,0,"2026-02-17 21:42:36.52319",false
3454,[OLD] back-to-college,52,2,1,"{""componentJson"": [{""id"": 4317, ""displayOrder"": 1}]}","2025-01-01 00:00:22","2075-01-01 00:00:22",1,2,back-to-college,/catalog,"",BACK TO COLLEGE,0,0,22324,false,false,0,"2026-02-17 21:42:36.617482",false
3455,[OLD] back-to-college,52,2,1,"{""componentJson"": [{""id"": 4318, ""displayOrder"": 1}]}","2025-01-01 00:00:22","2075-01-01 00:00:22",1,2,back-to-college,/catalog,"",BACK TO COLLEGE,0,0,22325,false,false,0,"2026-02-17 21:42:36.718456",false
3456,[OLD] back-to-work,52,11,1,"{""componentJson"": [{""id"": 6720, ""displayOrder"": 1}]}","2025-01-01 00:00:22","2075-01-01 00:00:22",1,2,back-to-work,/каталог,"",BACK TO WORK,0,0,22326,false,false,0,"2026-02-17 21:42:36.816094",false
3457,[OLD] back-to-work,52,2,1,"{""componentJson"": [{""id"": 4319, ""displayOrder"": 1}]}","2025-01-01 00:00:22","2075-01-01 00:00:22",1,2,back-to-work,/catalog,"",BACK TO WORK,0,0,22327,false,false,0,"2026-02-17 21:42:36.897158",false
3458,[OLD] back-to-work,52,2,1,"{""componentJson"": [{""id"": 4321, ""displayOrder"": 1}]}","2025-01-01 00:00:22","2075-01-01 00:00:22",1,2,back-to-work,/catalog,"",BACK TO WORK,0,0,22328,false,false,0,"2026-02-17 21:42:36.977123",false
3459,[OLD] back-to-work,52,2,1,"{""componentJson"": [{""id"": 4321, ""displayOrder"": 1}]}","2025-01-01 00:00:22","2075-01-01 00:00:22",1,2,back-to-work,/catalog,"",BACK TO WORK,0,0,22329,false,false,0,"2026-02-17 21:42:37.059634",false
3460,[OLD] noel-christmas-newyear,52,2,1,"{""componentJson"": [{""id"": 4323, ""displayOrder"": 1}]}","2025-01-01 00:00:22","2075-01-01 00:00:22",1,2,noel-christmas-newyear,/catalog,"",Noel Christmas Newyear,0,0,22330,false,false,0,"2026-02-17 21:42:37.144311",false
3461,[OLD] Noel Christmas Newyear,52,2,1,"{""componentJson"": [{""id"": 4323, ""displayOrder"": 1}]}","2025-01-01 00:00:22","2075-01-01 00:00:22",1,2,Noel Christmas Newyear,/catalog,"",Noel Christmas Newyear,0,0,22331,false,false,0,"2026-02-17 21:42:37.227393",false
3462,[OLD] koleda-nova-godina-christmas,52,11,1,"{""componentJson"": [{""id"": 6721, ""displayOrder"": 1}]}","2025-01-01 00:00:22","2075-01-01 00:00:22",1,2,koleda-nova-godina-christmas,/каталог,"",Koleda Nova Godina Christmas,0,0,22332,false,false,0,"2026-02-17 21:42:37.318146",false
3463,[OLD] noel-christmas-newyear,52,2,1,"{""componentJson"": [{""id"": 4324, ""displayOrder"": 1}]}","2025-01-01 00:00:22","2075-01-01 00:00:22",1,2,noel-christmas-newyear,/catalog,"",Noel Christmas Newyear,0,0,22333,false,false,0,"2026-02-17 21:42:37.398415",false
3464,[OLD] sale-lp,52,2,1,"{""componentJson"": [{""id"": 4326, ""displayOrder"": 1}]}","2025-01-01 00:00:22","2075-01-01 00:00:22",1,2,sale-lp,/catalog,"",SALE LP,0,0,22334,false,false,0,"2026-02-17 21:42:37.487361",false
3465,[OLD] sale-lp,52,11,1,"{""componentJson"": [{""id"": 6722, ""displayOrder"": 1}]}","2025-01-01 00:00:22","2075-01-01 00:00:22",1,2,sale-lp,/каталог,"",SALE LP,0,0,22335,false,false,0,"2026-02-17 21:42:37.573022",false
3466,[OLD] sale-lp,52,11,1,"{""componentJson"": [{""id"": 6722, ""displayOrder"": 1}]}","2025-01-01 00:00:22","2075-01-01 00:00:22",1,2,sale-lp,/каталог,"",SALE LP,0,0,22336,false,false,0,"2026-02-17 21:42:37.65394",false
3467,[OLD] sale-lp,52,2,1,"{""componentJson"": [{""id"": 4328, ""displayOrder"": 1}]}","2025-01-01 00:00:22","2075-01-01 00:00:22",1,2,sale-lp,/catalog,"",SALE LP,0,0,22337,false,false,0,"2026-02-17 21:42:37.739019",false
3468,[OLD] beach-bg-bu,52,2,1,"{""componentJson"": [{""id"": 4329, ""displayOrder"": 1}]}","2025-01-01 00:00:22","2075-01-01 00:00:22",1,2,beach-bg-bu,/catalog,"",Beach LP,0,0,22338,false,false,0,"2026-02-17 21:42:37.832969",false
3469,[OLD] beach-bg-bu,52,11,1,"{""componentJson"": [{""id"": 6723, ""displayOrder"": 1}]}","2025-01-01 00:00:22","2075-01-01 00:00:22",1,2,beach-bg-bu,/каталог,"",Beach LP,0,0,22339,false,false,0,"2026-02-17 21:42:37.944467",false
3470,[OLD] beach-bg-bu,52,2,1,"{""componentJson"": [{""id"": 4331, ""displayOrder"": 1}]}","2025-01-01 00:00:22","2075-01-01 00:00:22",1,2,beach-bg-bu,/catalog,"",Beach LP,0,0,22340,false,false,0,"2026-02-17 21:42:38.053122",false
3471,[OLD] beach-ck-cu,52,2,1,"{""componentJson"": [{""id"": 4333, ""displayOrder"": 1}]}","2025-01-01 00:00:22","2075-01-01 00:00:22",1,2,beach-ck-cu,/catalog,"",Beach LP,0,0,22341,false,false,0,"2026-02-17 21:42:38.16099",false
3472,[OLD] beach-ck-cu,52,11,1,"{""componentJson"": [{""id"": 6724, ""displayOrder"": 1}]}","2025-01-01 00:00:22","2075-01-01 00:00:22",1,2,beach-ck-cu,/каталог,"",Beach LP,0,0,22342,false,false,0,"2026-02-17 21:42:38.265136",false
3473,[OLD] beach-ck-cu,52,2,1,"{""componentJson"": [{""id"": 4334, ""displayOrder"": 1}]}","2025-01-01 00:00:22","2075-01-01 00:00:22",1,2,beach-ck-cu,/catalog,"",Beach LP,0,0,22343,false,false,0,"2026-02-17 21:42:38.356773",false
3474,[OLD] beach-ck-cu,52,2,1,"{""componentJson"": [{""id"": 4335, ""displayOrder"": 1}]}","2025-01-01 00:00:22","2075-01-01 00:00:22",1,2,beach-ck-cu,/catalog,"",Beach LP,0,0,22344,false,false,0,"2026-02-17 21:42:38.459103",false
3475,[OLD] APP-BEACH-BG-BU-BGEN,52,2,1,"{""componentJson"": [{""id"": 6725, ""displayOrder"": 1}, {""id"": 6726, ""displayOrder"": 2}, {""id"": 6727, ""displayOrder"": 3}]}","2025-07-28 12:16:54.720637","2032-12-31 21:00:00",1,2,beach-bg-bu-nt,/catalog,Beach LP,Beach LP,0,0,22784,true,true,0,"2026-02-17 21:42:38.662764",false
3476,[OLD] APP-BEACH-CK-CU-BGEN,52,2,1,"{""componentJson"": [{""id"": 4051, ""displayOrder"": 1}, {""id"": 4052, ""displayOrder"": 2}, {""id"": 4053, ""displayOrder"": 3}, {""id"": 4054, ""displayOrder"": 4}, {""id"": 4055, ""displayOrder"": 5}]}","2025-07-21 11:43:36.798891","2032-12-31 21:00:00",1,2,beach-ck-cu-nt,/catalog,Beach LP,Beach LP,0,0,22785,true,true,0,"2026-02-17 21:42:38.941871",false
3477,[OLD] WEB-BEACH-CK-CU-BGEN,52,2,1,"{""componentJson"": [{""id"": 6728, ""displayOrder"": 1}]}","2025-07-31 13:43:28.135047","2032-12-31 21:00:00",1,2,beach-ck-cu,/catalog,Beach LP,Beach LP,0,0,22786,false,true,0,"2026-02-17 21:42:39.027688",false
3478,[OLD] WEB-BEACH-BG-BU-BGEN,52,2,1,"{""componentJson"": [{""id"": 6729, ""displayOrder"": 1}]}","2025-07-31 13:42:50.171785","2032-12-31 21:00:00",1,2,beach-bg-bu,/catalog,Beach LP,Beach LP,0,0,22787,false,true,0,"2026-02-17 21:42:39.115056",false
3479,[OLD] WEB-SALE-LP-BGEN,52,2,1,"{""componentJson"": [{""id"": 6730, ""displayOrder"": 1}, {""id"": 6731, ""displayOrder"": 2}]}","2025-07-22 09:58:01.673895","2032-12-31 21:00:00",1,2,sale-lp,/catalog,Sale LP,Sale LP,0,0,22788,false,true,0,"2026-02-17 21:42:39.260202",false
3480,[OLD] APP-SALE-LP-BGEN,52,2,1,"{""componentJson"": [{""id"": 6732, ""displayOrder"": 1}, {""id"": 6733, ""displayOrder"": 2}, {""id"": 6734, ""displayOrder"": 3}, {""id"": 6735, ""displayOrder"": 4}]}","2025-07-22 09:57:46.206796","2032-12-31 21:00:00",1,2,sale-lp-nt,/catalog,Sale LP,Sale LP,0,0,22789,true,true,0,"2026-02-17 21:42:39.50418",false
3481,[OLD] WEB-SALE-LP-BG,52,11,1,"{""componentJson"": [{""id"": 6736, ""displayOrder"": 1}, {""id"": 6737, ""displayOrder"": 2}]}","2025-07-22 09:57:15.225153","2029-12-31 21:00:00",1,2,sale-lp,/katalog,SALE LP,SALE LP,0,0,22790,false,true,0,"2026-02-17 21:42:39.666398",false
3482,[OLD] APP-SALE-LP-BG,52,11,1,"{""componentJson"": [{""id"": 6738, ""displayOrder"": 1}, {""id"": 6739, ""displayOrder"": 2}, {""id"": 6740, ""displayOrder"": 3}, {""id"": 6741, ""displayOrder"": 4}]}","2025-07-22 09:57:00.540671","2029-12-31 21:00:00",1,2,sale-lp-nt,/katalog,SALE LP,SALE LP,0,0,22791,true,true,0,"2026-02-17 21:42:39.922632",false
3483,[OLD] APP-BEACH-LP-BG,52,11,1,"{""componentJson"": [{""id"": 6742, ""displayOrder"": 1}, {""id"": 6743, ""displayOrder"": 2}, {""id"": 6744, ""displayOrder"": 3}]}","2025-07-28 12:20:06.731727","2029-12-31 21:00:00",1,2,beach-bg-bu-nt,/katalog,Beach LP,Beach LP,0,0,22792,true,true,0,"2026-02-17 21:42:40.124592",false
3484,[OLD] WEB-BEACH-LP-BG,52,11,1,"{""componentJson"": [{""id"": 6729, ""displayOrder"": 1}]}","2025-07-31 13:46:27.085687","2029-12-31 21:00:00",1,2,beach-bg-bu,/katalog,Beach LP,Beach LP,0,0,22793,false,true,0,"2026-02-17 21:42:40.203023",false
3485,[OLD] APP-BEACH-LP-CK-BG,52,11,1,"{""componentJson"": [{""id"": 4051, ""displayOrder"": 1}, {""id"": 4052, ""displayOrder"": 2}, {""id"": 4053, ""displayOrder"": 3}, {""id"": 4054, ""displayOrder"": 4}, {""id"": 4055, ""displayOrder"": 5}]}","2025-07-21 11:52:33.515798","2029-12-31 21:00:00",1,2,beach-ck-cu-nt,/katalog,Beach LP,Beach LP,0,0,22794,true,true,0,"2026-02-17 21:42:40.463814",false
3486,[OLD] WEB-BEACH-LP-CK-BG,52,11,1,"{""componentJson"": [{""id"": 6728, ""displayOrder"": 1}]}","2025-10-16 11:37:01.810042","2029-12-31 21:00:00",1,2,beach-ck-cu,/katalog,Beach LP,Beach LP,0,0,22795,false,true,0,"2026-02-17 21:42:40.542132",false
3487,[OLD] DEAL ZONE-2,52,2,1,"{""componentJson"": [{""id"": 6745, ""displayOrder"": 1}]}","2025-10-06 05:24:24.56921","2029-12-31 21:00:00",1,2,deal-zone-nt,/catalog,DEAL ZONE,DEAL ZONE,0,0,25045,true,false,0,"2026-02-17 21:42:40.624796",false
3488,[OLD] DEAL ZONE,52,11,1,"{""componentJson"": [{""id"": 6746, ""displayOrder"": 1}]}","2025-10-06 05:23:46.67618","2033-12-31 21:00:00",1,2,deal-zone-nt,/katalog,DEAL ZONE,DEAL ZONE,0,0,25046,true,false,0,"2026-02-17 21:42:40.70959",false
3489,[OLD] WEB-CHRISTMAS-LP-BGEN,52,2,1,"{""componentJson"": [{""id"": 6747, ""displayOrder"": 1}]}","2025-11-18 09:15:53.944904","2033-12-31 22:00:00",1,2,christmas,/catalog,Merry Christmas,Merry Christmas,0,0,114140,false,false,0,"2026-02-17 21:42:40.811586",false
3490,[OLD] APP-CHRISTMAS-LP-BGEN,52,2,1,"{""componentJson"": [{""id"": 6645, ""displayOrder"": 1}]}","2025-11-18 09:15:48.456177","2029-12-31 22:00:00",1,2,christmas-nt,/catalog,Merry Christmas,Merry Christmas,0,0,114141,true,false,0,"2026-02-17 21:42:40.889207",false
3491,[OLD] WEB-CHRISTMAS-LP-BG,52,11,1,"{""componentJson"": [{""id"": 6748, ""displayOrder"": 1}]}","2025-11-18 09:17:47.226796","2033-12-31 22:00:00",1,2,christmas,/katalog,Merry Christmas,Merry Christmas,0,0,114142,false,false,0,"2026-02-17 21:42:40.981311",false
3492,[OLD] APP-CHRISTMAS-LP-BG,52,11,1,"{""componentJson"": [{""id"": 6644, ""displayOrder"": 1}]}","2025-11-18 09:17:51.528874","2033-12-31 22:00:00",1,2,christmas-nt,/katalog,Merry Christmas,Merry Christmas,0,0,114143,true,false,0,"2026-02-17 21:42:41.054806",false
3493,[OLD] WINTER LP APP,52,2,1,"{""componentJson"": [{""id"": 6749, ""displayOrder"": 1}, {""id"": 6750, ""displayOrder"": 2}]}","2025-12-03 17:32:28","2029-12-31 22:00:00",1,2,winter-lp-nt,/catalog,Winter LP,Winter LP,0,0,116970,true,false,0,"2026-02-17 21:42:41.211567",false
3494,[OLD] WINTER LP,52,2,1,"{""componentJson"": [{""id"": 6751, ""displayOrder"": 1}, {""id"": 6752, ""displayOrder"": 2}]}","2025-12-03 17:32:32","2029-12-31 22:00:00",1,2,winter-lp,/catalog,Winter LP,Winter LP,0,0,116971,false,false,0,"2026-02-17 21:42:41.365365",false
3495,[OLD] WINTER LP APP,52,11,1,"{""componentJson"": [{""id"": 6753, ""displayOrder"": 1}, {""id"": 6754, ""displayOrder"": 2}]}","2025-12-03 17:33:41","2029-12-31 22:00:00",1,2,winter-lp-nt,/katalog,Winter LP App,Winter LP App,0,0,116972,true,false,0,"2026-02-17 21:42:41.504246",false
3496,[OLD] WINTER LP,52,11,1,"{""componentJson"": [{""id"": 6755, ""displayOrder"": 1}, {""id"": 6756, ""displayOrder"": 2}]}","2025-12-03 17:33:42","2029-12-31 22:00:00",1,2,winter-lp,/katalog,Winter LP,Winter LP,0,0,116973,false,false,0,"2026-02-17 21:42:41.659542",false
3497,[OLD] ,27,1,1,"{""componentJson"": [{""id"": 6591, ""displayOrder"": 1}]}","2025-01-01 00:00:22","2075-01-01 00:00:22",1,2,"",/lp,"Yaz Tatili için Elbise, Plaj Giyim ve Aksesuar - LC Waikiki 2016",www.lcwaikiki.com internet satış mağazası. İyi giyinmek herkesin hakkı,0,0,22430,false,false,0,"2026-02-17 21:42:51.855315",false
3498,[OLD] CHRISTMAS,27,1,1,"{""componentJson"": [{""id"": 6757, ""displayOrder"": 1}]}","2025-11-17 10:40:23.621316","2029-12-31 23:00:00",1,2,christmas,/katalog,christmas,christmas,0,0,114341,false,false,0,"2026-02-17 21:42:51.964808",false
3499,[OLD] CHRISTMAS,27,10,1,"{""componentJson"": [{""id"": 6758, ""displayOrder"": 1}]}","2025-11-17 10:42:28.378829","2029-12-31 23:00:00",1,2,christmas,/catalogue,christmas,christmas,0,0,114343,false,false,0,"2026-02-17 21:42:52.046843",false
3500,[OLD] WINTER LP,27,1,1,"{""componentJson"": [{""id"": 6759, ""displayOrder"": 1}, {""id"": 6760, ""displayOrder"": 2}]}","2025-12-04 05:04:33","2029-12-31 23:00:00",1,2,winter-lp,/katalog,Winter LP,Winter LP,0,0,117024,false,false,0,"2026-02-17 21:42:52.171616",false
3501,[OLD] WINTER LP,27,10,1,"{""componentJson"": [{""id"": 6761, ""displayOrder"": 1}, {""id"": 6762, ""displayOrder"": 2}]}","2025-12-04 05:04:56","2029-12-31 23:00:00",1,2,winter-lp,/catalogue,Winter LP,Winter LP,0,0,117025,false,false,0,"2026-02-17 21:42:52.312211",false
3502,[OLD] KIDS-BABY-FRTR,27,1,1,"{""componentJson"": [{""id"": 6763, ""displayOrder"": 1}, {""id"": 6764, ""displayOrder"": 2}, {""id"": 6765, ""displayOrder"": 3}, {""id"": 6766, ""displayOrder"": 4}, {""id"": 6767, ""displayOrder"": 5}, {""id"": 6768, ""displayOrder"": 6}, {""id"": 6769, ""displayOrder"": 7}]}","2025-09-10 06:36:15.278029","2035-09-10 06:02:38",1,8,"","","","",132,0,24596,false,false,0,"2026-02-17 21:43:00.377817",false
3503,[OLD] KIDS-BABY-FR,27,10,1,"{""componentJson"": [{""id"": 6770, ""displayOrder"": 1}, {""id"": 6771, ""displayOrder"": 2}, {""id"": 6772, ""displayOrder"": 3}, {""id"": 6773, ""displayOrder"": 4}, {""id"": 6774, ""displayOrder"": 5}, {""id"": 6775, ""displayOrder"": 6}, {""id"": 6776, ""displayOrder"": 7}]}","2025-09-10 06:34:22.909357","2035-09-10 06:34:38.963998",1,8,"","","","",135,0,24599,false,false,0,"2026-02-17 21:43:00.728981",false
3505,[OLD] WEB-HOMEPAGE-FR-081112,27,10,126,"{""componentJson"": [{""id"": 8212, ""isActive"": true, ""displayOrder"": 1}, {""id"": 7774, ""isActive"": true, ""displayOrder"": 2}, {""id"": 7455, ""isActive"": true, ""displayOrder"": 3}, {""id"": 6780, ""isActive"": true, ""displayOrder"": 4}]}","2026-02-06 01:54:56.195","2035-12-10 22:00:27",1,8,"","","","",126,0,0,false,false,1,"2026-02-17 21:43:00.98436",false
4394,SEPETMODAL MOBILE TEMPLATE,125,2,126,"{""componentJson"": [{""id"": 7384, ""isActive"": true, ""displayOrder"": 1}]}","2026-05-18 11:20:22.677","2054-03-06 03:13:23.416",1,2,sepetmobil,"","","",0,1,0,true,false,1,"2026-05-18 13:18:03.693393",false
3538,[OLD] hot-summer,16,10,1,"{""componentJson"": [{""id"": 6826, ""displayOrder"": 1}]}","2025-01-01 00:00:22","2075-01-01 00:00:22",1,2,hot-summer,/Catalogue,"",HOT SUMMER,0,0,24670,false,false,0,"2026-02-17 21:43:32.470344",false
3539,[OLD] hot-summer,16,15,1,"{""componentJson"": [{""id"": 6827, ""displayOrder"": 1}]}","2025-01-01 00:00:22","2075-01-01 00:00:22",1,2,hot-summer,/catalog,"",HOT SUMMER,0,0,24671,false,false,0,"2026-02-17 21:43:32.561409",false
3540,[OLD] hot-summer,16,2,1,"{""componentJson"": [{""id"": 6828, ""displayOrder"": 1}]}","2025-01-01 00:00:22","2075-01-01 00:00:22",1,2,hot-summer,/catalog,"",HOT SUMMER,0,0,24672,false,false,0,"2026-02-17 21:43:32.653391",false
3541,[OLD] back-to-school,16,10,1,"{""componentJson"": [{""id"": 6829, ""displayOrder"": 1}]}","2025-01-01 00:00:22","2075-01-01 00:00:22",1,2,back-to-school,/Catalogue,"",BACK TO SCHOOL,0,0,24673,false,false,0,"2026-02-17 21:43:32.742377",false
3508,[OLD] BOYS-FRTR-111225,27,1,1,"{""componentJson"": [{""id"": 6785, ""displayOrder"": 1}]}","2026-02-17 12:00:41.985542","2026-02-23 10:28:42.660935",4,8,"","","","",290,0,117794,false,false,0,"2026-02-17 21:43:01.342079",false
3512,[OLD] BOYS-FR-111225,27,10,1,"{""componentJson"": [{""id"": 6789, ""displayOrder"": 1}]}","2026-02-17 12:01:00.629663","2026-02-23 10:28:48.528091",4,8,"","","","",287,0,117802,false,false,0,"2026-02-17 21:43:01.670559",false
3509,[OLD] MEN-FRTR-111225,27,1,1,"{""componentJson"": [{""id"": 6786, ""displayOrder"": 1}]}","2026-02-17 11:11:25.825151","2026-02-23 12:27:40.428014",4,8,"","","","",131,0,117795,false,false,0,"2026-02-17 21:43:01.42421",false
3514,[OLD] MEN-FR-111225,27,10,1,"{""componentJson"": [{""id"": 6791, ""displayOrder"": 1}]}","2026-02-16 12:35:49.530968","2026-02-23 12:35:58.795579",4,8,"","","","",134,0,117805,false,false,0,"2026-02-17 21:43:01.843958",false
3511,[OLD] BABY-FR-111225,27,10,1,"{""componentJson"": [{""id"": 6788, ""displayOrder"": 1}]}","2026-02-17 07:45:10.754316","2026-02-23 12:49:08.607871",4,8,"","","","",288,0,117801,false,false,0,"2026-02-17 21:43:01.588826",false
3507,[OLD] BABY-FRTR-111225,27,1,1,"{""componentJson"": [{""id"": 6784, ""displayOrder"": 1}]}","2026-02-17 07:46:03.293679","2026-02-23 12:49:14.904995",4,8,"","","","",291,0,117793,false,false,0,"2026-02-17 21:43:01.259765",false
3513,[OLD] GIRLS-FR-111225,27,10,1,"{""componentJson"": [{""id"": 6790, ""displayOrder"": 1}]}","2026-02-16 10:40:38","2026-02-23 13:36:33.472021",4,8,"","","","",286,0,117803,false,false,0,"2026-02-17 21:43:01.75407",false
3504,[OLD] GIRLS-FRTR-021225,27,1,1,"{""componentJson"": [{""id"": 6777, ""displayOrder"": 1}]}","2026-02-16 10:42:21","2026-02-23 13:36:41.845477",4,8,"","","","",289,0,115971,false,false,0,"2026-02-17 21:43:00.81258",false
3542,[OLD] back-to-school,16,15,1,"{""componentJson"": [{""id"": 6830, ""displayOrder"": 1}]}","2025-01-01 00:00:22","2075-01-01 00:00:22",1,2,back-to-school,/catalog,"",BACK TO SCHOOL,0,0,24674,false,false,0,"2026-02-17 21:43:32.854774",false
3543,[OLD] back-to-school,16,2,1,"{""componentJson"": [{""id"": 6831, ""displayOrder"": 1}]}","2025-01-01 00:00:22","2075-01-01 00:00:22",1,2,back-to-school,/catalog,"",BACK TO SCHOOL,0,0,24675,false,false,0,"2026-02-17 21:43:32.965382",false
3544,[OLD] back-to-kindergarden,16,10,1,"{""componentJson"": [{""id"": 6832, ""displayOrder"": 1}]}","2025-01-01 00:00:22","2075-01-01 00:00:22",1,2,back-to-kindergarden,/Catalogue,"",BACK TO KINDERGARDEN,0,0,24676,false,false,0,"2026-02-17 21:43:33.082217",false
3545,[OLD] back-to-kindergarden,16,15,1,"{""componentJson"": [{""id"": 6833, ""displayOrder"": 1}]}","2025-01-01 00:00:22","2075-01-01 00:00:22",1,2,back-to-kindergarden,/catalog,"",BACK TO KINDERGARDEN,0,0,24677,false,false,0,"2026-02-17 21:43:33.196962",false
3546,[OLD] back-to-kindergarden,16,2,1,"{""componentJson"": [{""id"": 6834, ""displayOrder"": 1}]}","2025-01-01 00:00:22","2075-01-01 00:00:22",1,2,back-to-kindergarden,/catalog,"",BACK TO KINDERGARDEN,0,0,24678,false,false,0,"2026-02-17 21:43:33.320353",false
3547,[OLD] back-to-college,16,10,1,"{""componentJson"": [{""id"": 6835, ""displayOrder"": 1}]}","2025-01-01 00:00:22","2075-01-01 00:00:22",1,2,back-to-college,/Catalogue,"",BACK TO COLLEGE,0,0,24679,false,false,0,"2026-02-17 21:43:33.448354",false
3548,[OLD] back-to-college,16,15,1,"{""componentJson"": [{""id"": 6836, ""displayOrder"": 1}]}","2025-01-01 00:00:22","2075-01-01 00:00:22",1,2,back-to-college,/catalog,"",BACK TO COLLEGE,0,0,24680,false,false,0,"2026-02-17 21:43:33.584889",false
3549,[OLD] back-to-college,16,2,1,"{""componentJson"": [{""id"": 6837, ""displayOrder"": 1}]}","2025-01-01 00:00:22","2075-01-01 00:00:22",1,2,back-to-college,/catalog,"",BACK TO COLLEGE,0,0,24681,false,false,0,"2026-02-17 21:43:33.722764",false
3550,[OLD] sale-lp,16,10,1,"{""componentJson"": [{""id"": 6838, ""displayOrder"": 1}]}","2025-01-01 00:00:22","2075-01-01 00:00:22",1,2,sale-lp,/Catalogue,"",SALE LP,0,0,24682,false,false,0,"2026-02-17 21:43:33.817884",false
3551,[OLD] sale-lp,16,15,1,"{""componentJson"": [{""id"": 6839, ""displayOrder"": 1}]}","2025-01-01 00:00:22","2075-01-01 00:00:22",1,2,sale-lp,/catalog,"",SALE LP,0,0,24683,false,false,0,"2026-02-17 21:43:33.911421",false
3552,[OLD] sale-lp,16,2,1,"{""componentJson"": [{""id"": 6840, ""displayOrder"": 1}]}","2025-01-01 00:00:22","2075-01-01 00:00:22",1,2,sale-lp,/catalog,"",SALE LP,0,0,24684,false,false,0,"2026-02-17 21:43:34.003097",false
3553,[OLD] modest-ma,16,10,1,"{""componentJson"": [{""id"": 6841, ""displayOrder"": 1}]}","2025-01-01 00:00:22","2075-01-01 00:00:22",1,2,modest-ma,/Catalogue,"",Modest,0,0,24685,false,false,0,"2026-02-17 21:43:34.091929",false
3554,[OLD] modest-ma,16,15,1,"{""componentJson"": [{""id"": 4027, ""displayOrder"": 1}]}","2025-01-01 00:00:22","2075-01-01 00:00:22",1,2,modest-ma,/catalog,"",Modest,0,0,24686,false,false,0,"2026-02-17 21:43:34.169893",false
3555,[OLD] modest-ma,16,2,1,"{""componentJson"": [{""id"": 6842, ""displayOrder"": 1}]}","2025-01-01 00:00:22","2075-01-01 00:00:22",1,2,modest-ma,/catalog,"",Modest,0,0,24687,false,false,0,"2026-02-17 21:43:34.256094",false
3556,[OLD] beach-bg-bu,16,10,1,"{""componentJson"": [{""id"": 6843, ""displayOrder"": 1}]}","2025-01-01 00:00:22","2075-01-01 00:00:22",1,2,beach-bg-bu,/Catalogue,"",Beach LP,0,0,24688,false,false,0,"2026-02-17 21:43:34.345429",false
3557,[OLD] beach-bg-bu,16,15,1,"{""componentJson"": [{""id"": 6844, ""displayOrder"": 1}]}","2025-01-01 00:00:22","2075-01-01 00:00:22",1,2,beach-bg-bu,/catalog,"",Beach LP,0,0,24689,false,false,0,"2026-02-17 21:43:34.433736",false
3558,[OLD] beach-bg-bu,16,2,1,"{""componentJson"": [{""id"": 6845, ""displayOrder"": 1}]}","2025-01-01 00:00:22","2075-01-01 00:00:22",1,2,beach-bg-bu,/catalog,"",Beach LP,0,0,24690,false,false,0,"2026-02-17 21:43:34.526569",false
3559,[OLD] beach-ck-cu,16,10,1,"{""componentJson"": [{""id"": 6846, ""displayOrder"": 1}]}","2025-01-01 00:00:22","2075-01-01 00:00:22",1,2,beach-ck-cu,/Catalogue,"",Beach LP,0,0,24691,false,false,0,"2026-02-17 21:43:34.614598",false
3560,[OLD] beach-ck-cu,16,15,1,"{""componentJson"": [{""id"": 6847, ""displayOrder"": 1}]}","2025-01-01 00:00:22","2075-01-01 00:00:22",1,2,beach-ck-cu,/catalog,"",Beach LP,0,0,24692,false,false,0,"2026-02-17 21:43:34.703185",false
3561,[OLD] beach-ck-cu,16,2,1,"{""componentJson"": [{""id"": 6848, ""displayOrder"": 1}]}","2025-01-01 00:00:22","2075-01-01 00:00:22",1,2,beach-ck-cu,/catalog,"",Beach LP,0,0,24693,false,false,0,"2026-02-17 21:43:34.792271",false
3562,[OLD] WEB-NEWYEAR-LP-MAEN,16,2,1,"{""componentJson"": [{""id"": 6849, ""displayOrder"": 1}]}","2025-11-17 09:11:54.411642","2029-12-31 23:00:00",1,2,newyear,/catalog,Newyear,Newyear,0,0,114298,false,false,0,"2026-02-17 21:43:34.883733",false
3563,[OLD] APP-NEWYEAR-LP-MAEN,16,2,1,"{""componentJson"": [{""id"": 6850, ""displayOrder"": 1}]}","2025-11-17 09:12:20.168205","2029-12-31 23:00:00",1,2,newyear-nt,/catalog,Newyear,Newyear,0,0,114299,true,false,0,"2026-02-17 21:43:34.971375",false
3564,[OLD] APP-NEWYEAR-LP-MAFR,16,10,1,"{""componentJson"": [{""id"": 6851, ""displayOrder"": 1}]}","2025-11-17 09:15:04.416111","2029-12-31 23:00:00",1,2,newyear-nt,/catalogue,Newyear,Newyear,0,0,114302,true,false,0,"2026-02-17 21:43:35.059792",false
3565,[OLD] WEB-NEWYEAR-LP-MAFR,16,10,1,"{""componentJson"": [{""id"": 6852, ""displayOrder"": 1}]}","2025-11-17 09:15:07.167344","2029-12-31 23:00:00",1,2,newyear,/catalogue,Newyear,Newyear,0,0,114303,false,false,0,"2026-02-17 21:43:35.152723",false
3566,[OLD] WEB-NEWYEAR-LP-MAAR,16,15,1,"{""componentJson"": [{""id"": 6853, ""displayOrder"": 1}]}","2025-11-17 09:18:01.077498","2026-11-17 11:18:00",1,2,newyear,/catalog,Newyear,Newyear,0,0,114306,false,false,0,"2026-02-17 21:43:35.241499",false
3567,[OLD] APP-NEWYEAR-LP-MAAR,16,15,1,"{""componentJson"": [{""id"": 6854, ""displayOrder"": 1}]}","2025-11-17 09:18:07.544714","2029-12-31 23:00:00",1,2,newyear-nt,/catalog,Newyear,Newyear,0,0,114307,true,false,0,"2026-02-17 21:43:35.32829",false
3568,[OLD] WINTER LP,16,2,1,"{""componentJson"": [{""id"": 6855, ""displayOrder"": 1}, {""id"": 6856, ""displayOrder"": 2}]}","2025-12-04 11:03:47.580939","2029-12-31 23:00:00",1,2,winter-lp,/catalog,Winter LP,Winter LP,0,0,117041,false,false,0,"2026-02-17 21:43:35.467473",false
3569,[OLD] WINTER LP APP,16,2,1,"{""componentJson"": [{""id"": 6857, ""displayOrder"": 1}, {""id"": 6858, ""displayOrder"": 2}]}","2025-12-04 09:06:21.601225","2029-12-31 23:00:00",1,2,winter-lp-nt,/catalog,Winter LP App,Winter LP App,0,0,117042,true,false,0,"2026-02-17 21:43:35.602761",false
3570,[OLD] WINTER LP APP,16,10,1,"{""componentJson"": [{""id"": 6859, ""displayOrder"": 1}, {""id"": 6860, ""displayOrder"": 2}]}","2025-12-04 09:05:02.24335","2029-12-31 23:00:00",1,2,winter-lp-nt,/catalogue,Winter LP App,Winter LP App,0,0,117043,true,false,0,"2026-02-17 21:43:35.740112",false
3571,[OLD] WINTER LP,16,10,1,"{""componentJson"": [{""id"": 6861, ""displayOrder"": 1}, {""id"": 6862, ""displayOrder"": 2}]}","2025-12-04 09:04:54.04331","2029-12-31 23:00:00",1,2,winter-lp,/catalogue,Winter LP,Winter LP,0,0,117044,false,false,0,"2026-02-17 21:43:35.877688",false
3572,[OLD] WINTER LP APP,16,15,1,"{""componentJson"": [{""id"": 6863, ""displayOrder"": 1}, {""id"": 6864, ""displayOrder"": 2}]}","2025-12-04 09:03:50.189976","2029-12-31 23:00:00",1,2,winter-lp-nt,/catalog,Winter LP App,Winter LP App,0,0,117045,true,false,0,"2026-02-17 21:43:36.017719",false
3573,[OLD] WINTER LP,16,15,1,"{""componentJson"": [{""id"": 6865, ""displayOrder"": 1}, {""id"": 6866, ""displayOrder"": 2}]}","2025-12-04 09:03:52.634916","2026-12-04 07:22:18",1,2,winter-lp,/catalog,Winter LP,Winter LP,0,0,117046,false,false,0,"2026-02-17 21:43:36.159952",false
4395,SEPETMODAL MOBILE TEMPLATE,125,9,126,"{""componentJson"": [{""id"": 7384, ""isActive"": true, ""displayOrder"": 1}]}","2026-05-18 10:20:30.64","2054-03-06 01:13:23.416",1,2,sepetmobil,"","","",0,1,0,true,false,1,"2026-05-18 13:18:03.716449",false
3580,[OLD] RAMADAN LP,16,2,1,"{""componentJson"": [{""id"": 6891, ""displayOrder"": 1}, {""id"": 6892, ""displayOrder"": 2}, {""id"": 6893, ""displayOrder"": 3}]}","2026-02-09 09:11:08.771524","2029-12-31 23:00:00",1,2,ramadan-lp,/catalog,RAMADAN LP,RAMADAN LP,0,0,124072,false,false,0,"2026-02-17 21:43:37.933589",false
3581,[OLD] APP RAMADAN LP,16,2,1,"{""componentJson"": [{""id"": 6894, ""displayOrder"": 1}, {""id"": 6895, ""displayOrder"": 2}, {""id"": 6896, ""displayOrder"": 3}]}","2026-02-09 09:11:21.004774","2029-12-31 23:00:00",1,2,ramadan-lp-nt,/catalog,APP RAMADAN LP,APP RAMADAN LP,0,0,124073,true,false,0,"2026-02-17 21:43:38.14944",false
3582,[OLD] APP RAMADAN LP,16,15,1,"{""componentJson"": [{""id"": 6897, ""displayOrder"": 1}, {""id"": 6898, ""displayOrder"": 2}, {""id"": 6899, ""displayOrder"": 3}]}","2026-02-09 09:11:55.195421","2029-12-31 23:00:00",1,2,ramadan-lp-nt,/catalog,APP RAMADAN LP,APP RAMADAN LP,0,0,124074,true,false,0,"2026-02-17 21:43:38.377696",false
3583,[OLD] RAMADAN LP,16,15,1,"{""componentJson"": [{""id"": 6900, ""displayOrder"": 1}, {""id"": 6901, ""displayOrder"": 2}, {""id"": 6902, ""displayOrder"": 3}]}","2026-02-09 09:12:12.72648","2029-12-31 23:00:00",1,2,ramadan-lp,/catalog,RAMADAN LP,RAMADAN LP,0,0,124075,false,false,0,"2026-02-17 21:43:38.597675",false
3584,[OLD] RAMADAN LP,16,10,1,"{""componentJson"": [{""id"": 6903, ""displayOrder"": 1}, {""id"": 6904, ""displayOrder"": 2}, {""id"": 6905, ""displayOrder"": 3}]}","2026-02-09 09:12:46.312838","2029-12-31 23:00:00",1,2,ramadan-lp,/catalogue,RAMADAN LP,RAMADAN LP,0,0,124076,false,false,0,"2026-02-17 21:43:38.810822",false
3585,[OLD] APP RAMADAN LP,16,10,1,"{""componentJson"": [{""id"": 6906, ""displayOrder"": 1}, {""id"": 6907, ""displayOrder"": 2}, {""id"": 6908, ""displayOrder"": 3}]}","2026-02-09 09:12:59.330274","2029-12-31 23:00:00",1,2,ramadan-lp-nt,/catalogue,APP RAMADAN LP,APP RAMADAN LP,0,0,124077,true,false,0,"2026-02-17 21:43:39.00073",false
3586,[OLD] KIDS-BABY-MAEN,16,2,1,"{""componentJson"": [{""id"": 6909, ""displayOrder"": 1}, {""id"": 6910, ""displayOrder"": 2}, {""id"": 6911, ""displayOrder"": 3}, {""id"": 6912, ""displayOrder"": 4}, {""id"": 6913, ""displayOrder"": 5}, {""id"": 6914, ""displayOrder"": 6}, {""id"": 6915, ""displayOrder"": 7}]}","2025-10-08 06:55:21.420878","2035-09-12 05:02:38",1,8,"","","","",139,0,24726,false,false,0,"2026-02-17 21:43:45.795357",false
3587,[OLD] KIDS-BABY-MAAR,16,15,1,"{""componentJson"": [{""id"": 6916, ""displayOrder"": 1}, {""id"": 6917, ""displayOrder"": 2}, {""id"": 6918, ""displayOrder"": 3}, {""id"": 6919, ""displayOrder"": 4}, {""id"": 6920, ""displayOrder"": 5}, {""id"": 6921, ""displayOrder"": 6}, {""id"": 6922, ""displayOrder"": 7}]}","2025-09-26 12:27:18.657378","2035-09-17 09:23:48",1,8,"","","","",149,0,25121,false,false,0,"2026-02-17 21:43:46.187556",false
3588,[OLD] KIDS-BABY-MAFR,16,10,1,"{""componentJson"": [{""id"": 6923, ""displayOrder"": 1}, {""id"": 6924, ""displayOrder"": 2}, {""id"": 6925, ""displayOrder"": 3}, {""id"": 6926, ""displayOrder"": 4}, {""id"": 6927, ""displayOrder"": 5}, {""id"": 6928, ""displayOrder"": 6}, {""id"": 6929, ""displayOrder"": 7}]}","2025-09-26 12:28:15.559693","2035-09-17 09:52:48",1,8,"","","","",144,0,25128,false,false,0,"2026-02-17 21:43:46.580762",false
3589,[OLD] APP-NEWYEAR-HOME-MAAR,16,15,1,"{""componentJson"": [{""id"": 6854, ""displayOrder"": 1}]}","2025-11-28 10:53:16.602507","2035-11-28 10:53:29.705612",1,8,newyear-nt,/catalog,Newyear,Newyear,470,1,116126,true,false,0,"2026-02-17 21:43:46.655542",false
3578,[OLD] APP COMFY AT HOME,16,15,126,"{""componentJson"": [{""id"": 7603, ""status"": true, ""displayOrder"": 1}]}","2026-01-13 11:19:02","2029-12-31 20:00:00",1,2,comfy-at-home-nt,/catalog,"","",0,1,0,true,false,1,"2026-02-17 21:43:37.384122",false
3577,[OLD] COMFY AT HOME,16,10,126,"{""componentJson"": [{""id"": 7602, ""status"": true, ""displayOrder"": 1}, {""id"": 7604, ""status"": true, ""displayOrder"": 2}, {""id"": 7605, ""status"": true, ""displayOrder"": 3}, {""id"": 7606, ""status"": true, ""displayOrder"": 4}]}","2026-01-13 11:18:17.256","2029-12-31 20:00:00",1,2,comfy-at-home,/catalogue,"","",0,0,0,false,false,1,"2026-02-17 21:43:37.173091",false
3576,[OLD] APP COMFY AT HOME,16,10,126,"{""componentJson"": [{""id"": 7603, ""status"": true, ""displayOrder"": 1}]}","2026-01-13 11:17:55","2029-12-31 20:00:00",1,2,comfy-at-home-nt,/catalogue,"","",0,1,0,true,false,1,"2026-02-17 21:43:36.863473",false
3575,[OLD] COMFY AT HOME,16,2,126,"{""componentJson"": [{""id"": 7602, ""status"": true, ""displayOrder"": 1}, {""id"": 7604, ""status"": true, ""displayOrder"": 2}, {""id"": 7605, ""status"": true, ""displayOrder"": 3}, {""id"": 7606, ""status"": true, ""displayOrder"": 4}]}","2026-01-13 11:15:34.72","2029-12-31 20:00:00",1,2,comfy-at-home,/catalog,"","",0,0,0,false,false,1,"2026-02-17 21:43:36.656154",false
3574,[OLD] APP COMFY AT HOME,16,2,126,"{""componentJson"": [{""id"": 7603, ""status"": true, ""displayOrder"": 1}]}","2026-01-13 11:15:31","2029-12-31 20:00:00",1,2,comfy-at-home-nt,/catalog,"","",0,1,0,true,false,1,"2026-02-17 21:43:36.368419",false
3590,[OLD] APP-NEWYEAR-HOME-MAFR,16,10,1,"{""componentJson"": [{""id"": 6851, ""displayOrder"": 1}]}","2025-11-28 10:53:42.534288","2035-11-28 10:53:45.27557",1,8,newyear-nt,/catalogue,Newyear,Newyear,469,1,116127,true,false,0,"2026-02-17 21:43:46.734137",false
3591,[OLD] APP-NEWYEAR-HOME-MAEN,16,2,1,"{""componentJson"": [{""id"": 6850, ""displayOrder"": 1}]}","2025-11-28 10:54:24.014367","2035-11-28 10:54:29.720754",1,8,newyear-nt,/catalog,Newyear,Newyear,468,1,116128,true,false,0,"2026-02-17 21:43:46.81479",false
3618,[OLD] APP-MEN-MAFR-111225,16,10,1,"{""componentJson"": [{""id"": 6956, ""displayOrder"": 1}]}","2026-02-17 12:15:18.266443","2026-02-24 10:43:21.147559",4,8,"","","","",394,1,117713,true,false,0,"2026-02-17 21:43:49.273486",true
3608,[OLD] APP-MEN-MAAR-111225,16,15,126,"{""componentJson"": [{""id"": 8221, ""isActive"": true, ""displayOrder"": 1}]}","2026-02-16 12:17:43.17","2035-12-10 15:04:29",1,8,"","","","",388,1,0,true,false,1,"2026-02-17 21:43:48.394619",false
3622,[OLD] APP-HOMEPAGE-MAEN-010125,16,2,1,"{""componentJson"": [{""id"": 6960, ""displayOrder"": 1}, {""id"": 6961, ""displayOrder"": 2}, {""id"": 6962, ""displayOrder"": 3}]}","2026-01-09 07:09:21.504824","2036-01-01 07:00:36",1,8,"","","","",220,1,120067,true,false,0,"2026-02-17 21:43:49.724168",false
3621,[OLD] WOMEN-MAFR-111225,16,10,1,"{""componentJson"": [{""id"": 6959, ""displayOrder"": 1}]}","2026-02-17 12:33:16.132712","2026-02-23 06:58:57.976871",4,8,"","","","",142,0,117716,false,false,0,"2026-02-17 21:43:49.533683",false
3601,[OLD] WOMEN-MAEN-111225,16,2,1,"{""componentJson"": [{""id"": 6939, ""displayOrder"": 1}]}","2026-02-17 12:32:16.185331","2026-02-23 06:59:02.970755",4,8,"","","","",137,0,117696,false,false,0,"2026-02-17 21:43:47.674694",false
3610,[OLD] APP-WOMEN-MAAR-111225,16,15,1,"{""componentJson"": [{""id"": 6948, ""displayOrder"": 1}]}","2026-02-17 12:34:04.734165","2026-02-23 07:04:59.594475",4,8,"","","","",387,1,117705,true,false,0,"2026-02-17 21:43:48.572488",false
3620,[OLD] APP-WOMEN-MAFR-111225,16,10,1,"{""componentJson"": [{""id"": 6958, ""displayOrder"": 1}]}","2026-02-17 12:33:11.402185","2026-02-23 07:05:04.478163",4,8,"","","","",393,1,117715,true,false,0,"2026-02-17 21:43:49.44755",false
3600,[OLD] APP-WOMEN-MAEN-111225,16,2,1,"{""componentJson"": [{""id"": 6938, ""displayOrder"": 1}]}","2026-02-17 12:32:26.71481","2026-02-23 07:05:11.611968",4,8,"","","","",399,1,117695,true,false,0,"2026-02-17 21:43:47.586749",false
3594,[OLD] APP-BOYS-MAEN-111225,16,2,1,"{""componentJson"": [{""id"": 6932, ""displayOrder"": 1}]}","2026-02-17 13:02:12.95953","2026-02-23 10:21:12.800825",4,8,"","","","",403,1,117689,true,false,0,"2026-02-17 21:43:47.070058",false
3614,[OLD] APP-BOYS-MAFR-111225,16,10,1,"{""componentJson"": [{""id"": 6952, ""displayOrder"": 1}]}","2026-02-17 13:02:55.709573","2026-02-23 10:21:23.984606",4,8,"","","","",397,1,117709,true,false,0,"2026-02-17 21:43:48.924354",false
3604,[OLD] APP-BOYS-MAAR-111225,16,15,1,"{""componentJson"": [{""id"": 6942, ""displayOrder"": 1}]}","2026-02-17 13:03:40.053155","2026-02-23 10:21:38.031791",4,8,"","","","",390,1,117699,true,false,0,"2026-02-17 21:43:47.976268",false
3595,[OLD] BOYS-MAEN-111225,16,2,1,"{""componentJson"": [{""id"": 6933, ""displayOrder"": 1}]}","2026-02-17 13:02:08.490689","2026-02-23 10:27:27.97583",4,8,"","","","",278,0,117690,false,false,0,"2026-02-17 21:43:47.156738",false
3615,[OLD] BOYS-MAFR-111225,16,10,1,"{""componentJson"": [{""id"": 6953, ""displayOrder"": 1}]}","2026-02-17 13:03:00.654212","2026-02-23 10:27:35.153876",4,8,"","","","",281,0,117710,false,false,0,"2026-02-17 21:43:49.012918",false
3605,[OLD] BOYS-MAAR-111225,16,15,1,"{""componentJson"": [{""id"": 6943, ""displayOrder"": 1}]}","2026-02-17 13:03:42.529473","2026-02-23 10:27:41.454186",4,8,"","","","",284,0,117700,false,false,0,"2026-02-17 21:43:48.080631",false
3599,[OLD] MEN-MAEN-111225,16,2,1,"{""componentJson"": [{""id"": 6937, ""displayOrder"": 1}]}","2026-02-17 12:13:19.434874","2026-02-23 12:25:30.838387",4,8,"","","","",138,0,117694,false,false,0,"2026-02-17 21:43:47.500803",false
3619,[OLD] MEN-MAFR-111225,16,10,1,"{""componentJson"": [{""id"": 6957, ""displayOrder"": 1}]}","2026-02-17 12:15:21.889555","2026-02-23 12:28:10.491254",4,8,"","","","",143,0,117714,false,false,0,"2026-02-17 21:43:49.359523",false
3609,[OLD] MEN-MAAR-111225,16,15,1,"{""componentJson"": [{""id"": 6947, ""displayOrder"": 1}]}","2026-02-17 12:17:49.217145","2026-02-23 12:41:04.463259",4,8,"","","","",148,0,117704,false,false,0,"2026-02-17 21:43:48.487209",false
3603,[OLD] BABY-MAAR-111225,16,15,1,"{""componentJson"": [{""id"": 6941, ""displayOrder"": 1}]}","2026-02-17 09:13:10.734857","2026-02-23 12:50:03.900278",4,8,"","","","",285,0,117698,false,false,0,"2026-02-17 21:43:47.867042",false
3593,[OLD] BABY-MAEN-111225,16,2,1,"{""componentJson"": [{""id"": 6931, ""displayOrder"": 1}]}","2026-02-17 09:10:15.964712","2026-02-23 12:50:16.024294",4,8,"","","","",279,0,117688,false,false,0,"2026-02-17 21:43:46.984729",false
3602,[OLD] APP-BABY-MAAR-111225,16,15,1,"{""componentJson"": [{""id"": 6940, ""displayOrder"": 1}]}","2026-02-17 09:13:18.281353","2026-02-23 12:54:37.673422",4,8,"","","","",391,1,117697,true,false,0,"2026-02-17 21:43:47.764071",false
3612,[OLD] APP-BABY-MAFR-111225,16,10,1,"{""componentJson"": [{""id"": 6950, ""displayOrder"": 1}]}","2026-02-17 09:11:41.323949","2026-02-23 12:54:43.590523",4,8,"","","","",398,1,117707,true,false,0,"2026-02-17 21:43:48.743393",false
3592,[OLD] APP-BABY-MAEN-111225,16,2,1,"{""componentJson"": [{""id"": 6930, ""displayOrder"": 1}]}","2026-02-17 09:10:11.433295","2026-02-23 12:54:48.226667",4,8,"","","","",404,1,117687,true,false,0,"2026-02-17 21:43:46.899829",false
3607,[OLD] GIRLS-MAAR-111225,16,15,1,"{""componentJson"": [{""id"": 6945, ""displayOrder"": 1}]}","2026-02-16 11:12:39","2026-02-23 13:38:07.983621",4,8,"","","","",283,0,117702,false,false,0,"2026-02-17 21:43:48.290652",false
3617,[OLD] GIRLS-MAFR-111225,16,10,1,"{""componentJson"": [{""id"": 6955, ""displayOrder"": 1}]}","2026-02-16 11:14:44","2026-02-23 13:38:13.763015",4,8,"","","","",280,0,117712,false,false,0,"2026-02-17 21:43:49.187078",false
3597,[OLD] GIRLS-MAEN-111225,16,2,1,"{""componentJson"": [{""id"": 6935, ""displayOrder"": 1}]}","2026-02-16 11:10:37","2026-02-23 13:38:20.276665",4,8,"","","","",277,0,117692,false,false,0,"2026-02-17 21:43:47.326619",false
3606,[OLD] APP-GIRLS-MAAR-111225,16,15,1,"{""componentJson"": [{""id"": 6944, ""displayOrder"": 1}]}","2026-02-16 11:12:32","2026-02-23 13:46:56.503056",4,8,"","","","",389,1,117701,true,false,0,"2026-02-17 21:43:48.185366",false
3616,[OLD] APP-GIRLS-MAFR-111225,16,10,1,"{""componentJson"": [{""id"": 6954, ""displayOrder"": 1}]}","2026-02-16 11:14:37","2026-02-23 13:47:03.870137",4,8,"","","","",396,1,117711,true,false,0,"2026-02-17 21:43:49.099522",false
3596,[OLD] APP-GIRLS-MAEN-111225,16,2,1,"{""componentJson"": [{""id"": 6934, ""displayOrder"": 1}]}","2026-02-16 11:10:30","2026-02-23 13:47:11.761533",4,8,"","","","",402,1,117691,true,false,0,"2026-02-17 21:43:47.241082",false
3623,[OLD] WEB-HOMEPAGE-MAEN-010125,16,2,1,"{""componentJson"": [{""id"": 6963, ""displayOrder"": 1}, {""id"": 6964, ""displayOrder"": 2}, {""id"": 6965, ""displayOrder"": 3}]}","2026-01-09 07:09:14.470986","2036-01-01 07:04:42",1,8,"","","","",136,0,120068,false,false,0,"2026-02-17 21:43:49.913736",false
3624,[OLD] APP-HOMEPAGE-MAAR-010125,16,15,1,"{""componentJson"": [{""id"": 6966, ""displayOrder"": 1}, {""id"": 6967, ""displayOrder"": 2}, {""id"": 6968, ""displayOrder"": 3}]}","2026-01-09 07:14:52.484851","2036-01-01 07:01:36",1,8,"","","","",218,1,120071,true,false,0,"2026-02-17 21:43:50.11091",false
3625,[OLD] WEB-HOMEPAGE-010125,16,15,1,"{""componentJson"": [{""id"": 6969, ""displayOrder"": 1}, {""id"": 6970, ""displayOrder"": 2}, {""id"": 6971, ""displayOrder"": 3}]}","2026-01-09 07:15:00.148304","2036-01-01 07:02:59",1,8,"","","","",146,0,120072,false,false,0,"2026-02-17 21:43:50.315188",false
3626,[OLD] APP-HOMEPAGE-010125,16,10,1,"{""componentJson"": [{""id"": 6972, ""displayOrder"": 1}, {""id"": 6973, ""displayOrder"": 2}, {""id"": 6974, ""displayOrder"": 3}]}","2026-01-09 07:16:40.452876","2036-01-01 07:04:29",1,8,"","","","",219,1,120075,true,false,0,"2026-02-17 21:43:50.506172",false
3627,[OLD] WEB-HOMEPAGE-010125,16,10,1,"{""componentJson"": [{""id"": 6975, ""displayOrder"": 1}, {""id"": 6976, ""displayOrder"": 2}, {""id"": 6977, ""displayOrder"": 3}]}","2026-01-09 07:16:36.522922","2036-01-01 07:04:42",1,8,"","","","",141,0,120076,false,false,0,"2026-02-17 21:43:50.696864",false
3633,[OLD] WEB-DEAL-ZONE-080126,16,15,126,"{""componentJson"": [{""id"": 6998, ""isActive"": true, ""displayOrder"": 1}, {""id"": 8212, ""isActive"": true, ""displayOrder"": 2}, {""id"": 7601, ""isActive"": true, ""displayOrder"": 3}, {""id"": 7292, ""isActive"": true, ""displayOrder"": 4}, {""id"": 7315, ""isActive"": true, ""displayOrder"": 5}, {""id"": 7234, ""isActive"": true, ""displayOrder"": 6}, {""id"": 7236, ""isActive"": true, ""displayOrder"": 7}, {""id"": 6970, ""isActive"": true, ""displayOrder"": 8}, {""id"": 7238, ""isActive"": true, ""displayOrder"": 9}, {""id"": 7239, ""isActive"": true, ""displayOrder"": 10}]}","2026-02-05 17:27:08.877","2036-01-08 20:47:29",1,8,"","","","",150,0,0,false,false,1,"2026-02-17 21:43:52.440096",false
3195,[OLD] WEB-BEBEK-ANASAYFASI-YENI-SEZON,1,1,1,"{""componentJson"": [{""id"": 8266, ""isActive"": true, ""displayOrder"": 1}, {""id"": 8178, ""isActive"": true, ""displayOrder"": 2}, {""id"": 8049, ""isActive"": true, ""displayOrder"": 3}, {""id"": 6409, ""isActive"": true, ""displayOrder"": 4}, {""id"": 6410, ""isActive"": true, ""displayOrder"": 5}, {""id"": 7875, ""isActive"": true, ""displayOrder"": 6}]}","2026-02-16 03:19:54","2035-08-15 05:01:54",1,8,"","","","",95696,0,0,false,false,1,"2026-02-17 21:41:08.123305",false
3993,WEB-BABY-230226,13,2,1,"{""componentJson"": [{""id"": 8280, ""isActive"": true, ""displayOrder"": 1}]}","2026-02-23 12:50:48.788","2036-02-23 10:40:53.054",1,8,"","","","",309,0,0,false,false,1,"2026-02-23 12:46:23.256831",false
3640,[OLD] APP-CHRISTMAS,58,2,1,"{""componentJson"": [{""id"": 7011, ""displayOrder"": 1}]}","2025-11-17 10:56:30.224951","2029-12-31 23:00:00",1,2,christmas-nt,/catalog,christmas,christmas,0,0,114350,true,false,0,"2026-02-17 21:45:11.501773",false
3641,[OLD] WEB-CHRISTMAS,58,2,1,"{""componentJson"": [{""id"": 7012, ""displayOrder"": 1}]}","2025-11-17 10:56:32.106951","2029-12-31 23:00:00",1,2,christmas,/catalog,christmas,christmas,0,0,114351,false,false,0,"2026-02-17 21:45:11.588184",false
3642,[OLD] APP-CHRISTMAS,58,17,1,"{""componentJson"": [{""id"": 7013, ""displayOrder"": 1}]}","2025-11-17 10:58:00.963937","2029-12-31 23:00:00",1,2,christmas-nt,/katalog,christmas,christmas,0,0,114353,true,false,0,"2026-02-17 21:45:11.66757",false
3643,[OLD] WEB-CHRISTMAS,58,17,1,"{""componentJson"": [{""id"": 7014, ""displayOrder"": 1}]}","2025-11-17 10:58:02.711165","2029-12-31 23:00:00",1,2,christmas,/katalog,christmas,christmas,0,0,114354,false,false,0,"2026-02-17 21:45:11.75125",false
3644,[OLD] WINTER LP APP,58,2,1,"{""componentJson"": [{""id"": 7015, ""displayOrder"": 1}, {""id"": 7016, ""displayOrder"": 2}]}","2025-12-04 08:55:37.04696","2029-12-31 23:00:00",1,2,winter-lp-nt,/catalog,Winter LP App,Winter LP App,0,0,117033,true,false,0,"2026-02-17 21:45:11.877033",false
3645,[OLD] WINTER LP,58,2,1,"{""componentJson"": [{""id"": 7017, ""displayOrder"": 1}, {""id"": 7018, ""displayOrder"": 2}]}","2025-12-04 08:55:44.074655","2029-12-31 23:00:00",1,2,winter-lp,/catalog,Winter LP,Winter LP,0,0,117034,false,false,0,"2026-02-17 21:45:12.002658",false
3635,[OLD] HOME LP,16,2,1,"{""componentJson"": [{""id"": 7004, ""displayOrder"": 1}, {""id"": 7005, ""displayOrder"": 2}]}","2026-02-09 09:33:20.017372","2026-02-24 09:20:24.695425",4,8,home-lp,/catalog,HOME LP,HOME LP,541,0,121860,false,false,0,"2026-02-17 21:43:52.674249",false
3637,[OLD] HOME LP,16,10,1,"{""componentJson"": [{""id"": 7007, ""displayOrder"": 1}, {""id"": 7008, ""displayOrder"": 2}]}","2026-02-09 09:38:03.444164","2026-02-24 09:20:34.684846",4,8,home-lp,/catalogue,HOME LP,HOME LP,543,0,121862,false,false,0,"2026-02-17 21:43:52.913517",false
3639,[OLD] HOME LP,16,15,1,"{""componentJson"": [{""id"": 7010, ""displayOrder"": 1}, {""id"": 7005, ""displayOrder"": 2}]}","2026-02-09 09:35:53.391867","2026-02-24 09:20:40.116505",4,8,home-lp,/catalog,HOME LP,HOME LP,545,0,121865,false,false,0,"2026-02-17 21:43:53.163316",false
3638,[OLD] APP HOME LP,16,15,1,"{""componentJson"": [{""id"": 7009, ""displayOrder"": 1}]}","2026-02-09 09:35:48.521098","2026-02-24 09:22:54.147516",4,8,home-lp-app,/catalog,APP HOME LP,APP HOME LP,544,1,121863,true,false,0,"2026-02-17 21:43:53.015857",false
3636,[OLD] APP HOME LP,16,10,1,"{""componentJson"": [{""id"": 7006, ""displayOrder"": 1}]}","2026-02-09 09:37:59.162898","2026-02-24 09:22:59.972983",4,8,home-lp-app,/catalogue,APP HOME LP,APP HOME LP,542,1,121861,true,false,0,"2026-02-17 21:43:52.76124",false
3634,[OLD] APP HOME LP,16,2,1,"{""componentJson"": [{""id"": 7003, ""displayOrder"": 1}]}","2026-02-09 09:28:15.945672","2026-02-24 09:23:05.425235",4,8,home-lp-app,/catalog,APP HOME LP,APP HOME LP,540,1,121859,true,false,0,"2026-02-17 21:43:52.5352",false
3646,[OLD] WINTER LP APP,58,17,1,"{""componentJson"": [{""id"": 7019, ""displayOrder"": 1}, {""id"": 7020, ""displayOrder"": 2}]}","2025-12-04 08:56:56.720476","2029-12-31 23:00:00",1,2,winter-lp-nt,/katalog,Winter LP App,Winter LP App,0,0,117035,true,false,0,"2026-02-17 21:45:12.145662",false
3647,[OLD] WINTER LP,58,17,1,"{""componentJson"": [{""id"": 7021, ""displayOrder"": 1}, {""id"": 7022, ""displayOrder"": 2}]}","2025-12-04 08:56:49.997796","2029-12-31 23:00:00",1,2,winter-lp,/katalog,Winter LP,Winter LP,0,0,117036,false,false,0,"2026-02-17 21:45:12.304217",false
3706,[OLD] UK-UK-APP-ANASAYFA,24,5,1,"{""componentJson"": [{""id"": 7099, ""displayOrder"": 1}]}","2025-09-25 10:40:27.765185","2035-09-23 06:33:23",1,8,"","","","",195,1,25330,true,false,0,"2026-02-17 21:46:06.791055",false
3707,[OLD] UK-ANASAYFA-UK,24,5,1,"{""componentJson"": [{""id"": 7100, ""displayOrder"": 1}]}","2025-09-23 06:35:28.199356","2035-09-23 06:36:02.00435",1,8,"","","","",200,0,25331,false,false,0,"2026-02-17 21:46:06.874139",false
3712,[OLD] APP-CHRISTMAS-HOME-UARU,24,3,1,"{""componentJson"": [{""id"": 7090, ""displayOrder"": 1}]}","2025-11-17 09:47:19","2035-11-28 10:59:29.70499",1,8,christmas-nt,/katalog,christmas,christmas,474,1,116131,true,false,0,"2026-02-17 21:46:07.270879",false
3713,[OLD] APP-CHRISTMAS-HOME-UA,24,5,1,"{""componentJson"": [{""id"": 7087, ""displayOrder"": 1}]}","2025-11-28 10:59:45.926962","2035-11-28 11:00:00.504636",1,8,christmas-nt,/katalog,christmas,christmas,473,1,116132,true,false,0,"2026-02-17 21:46:07.341567",false
3715,[OLD] WEB-BABY-111225,24,5,1,"{""componentJson"": [{""id"": 7106, ""displayOrder"": 1}]}","2026-02-17 07:23:16.486853","2026-02-23 12:49:44.029088",4,8,"","","","",206,0,117749,false,false,0,"2026-02-17 21:46:07.505223",false
3714,[OLD] APP-BABY-111225,24,5,1,"{""componentJson"": [{""id"": 7105, ""displayOrder"": 1}]}","2026-02-17 07:23:12.201721","2026-02-23 12:54:18.875528",4,8,"","","","",378,1,117748,true,false,0,"2026-02-17 21:46:07.423335",false
3708,[OLD] WEB-GIRLS-UA-021225,24,5,1,"{""componentJson"": [{""id"": 7101, ""displayOrder"": 1}]}","2026-02-16 05:47:29","2026-02-23 13:37:36.298077",4,8,"","","","",204,0,115910,false,false,0,"2026-02-17 21:46:06.956983",false
3710,[OLD] WEB-GIRLS-UARU-021225,24,3,1,"{""componentJson"": [{""id"": 7103, ""displayOrder"": 1}]}","2026-02-16 05:49:20","2026-02-23 13:37:51.819261",4,8,"","","","",211,0,115951,false,false,0,"2026-02-17 21:46:07.118673",false
3709,[OLD] APP-GIRLS-UA-021225,24,5,1,"{""componentJson"": [{""id"": 7102, ""displayOrder"": 1}]}","2026-02-16 05:47:19","2026-02-23 13:46:34.835177",4,8,"","","","",376,1,115913,true,false,0,"2026-02-17 21:46:07.037426",false
3711,[OLD] APP-GIRLS-UARU-021225,24,3,1,"{""componentJson"": [{""id"": 7104, ""displayOrder"": 1}]}","2026-02-16 05:49:12","2026-02-23 13:46:44.4073",4,8,"","","","",382,1,115952,true,false,0,"2026-02-17 21:46:07.200544",false
3687,[OLD] WEB-BABY-ALEN,143,2,1,"{""componentJson"": [{""id"": 7076, ""displayOrder"": 1}]}","2026-02-17 08:19:50.94003","2026-03-02 12:21:12.52221",4,8,"","","","",625,0,124829,false,false,0,"2026-02-17 21:45:43.24352",false
3686,[OLD] APP-BABY-ALEN,143,2,8,"{""componentJson"": [{""id"": 7334, ""displayOrder"": 1}]}","2026-02-17 06:19:43.968","2026-03-02 12:22:09.689466",4,8,"","","","",620,1,0,true,false,1,"2026-02-17 21:45:43.145679",false
3696,[OLD] APP-BABY-AL,143,21,8,"{""componentJson"": [{""id"": 7334, ""displayOrder"": 1}]}","2026-02-17 06:21:07.637","2026-03-02 12:22:15.916575",4,8,"","","","",630,1,0,true,false,1,"2026-02-17 21:45:44.068937",false
3684,[OLD] APP-BOYS-ALEN,143,2,1,"{""componentJson"": [{""id"": 7073, ""displayOrder"": 1}]}","2026-02-17 05:35:32","2026-03-02 12:22:54.037032",4,8,"","","","",619,1,124826,true,false,0,"2026-02-17 21:45:42.924223",false
3694,[OLD] APP-BOYS-AL,143,21,1,"{""componentJson"": [{""id"": 7083, ""displayOrder"": 1}]}","2026-02-17 05:37:15","2026-03-02 12:23:00.814901",4,8,"","","","",629,1,124836,true,false,0,"2026-02-17 21:45:43.904197",false
3685,[OLD] WEB-BOYS-ALEN,143,2,1,"{""componentJson"": [{""id"": 7074, ""displayOrder"": 1}]}","2026-02-17 05:35:39","2026-03-02 12:23:07.042691",4,8,"","","","",624,0,124827,false,false,0,"2026-02-17 21:45:43.042261",false
3693,[OLD] WEB-GIRLS-AL,143,21,1,"{""componentJson"": [{""id"": 7082, ""displayOrder"": 1}]}","2026-02-17 04:39:03","2026-03-02 12:23:12.950448",4,8,"","","","",633,0,124835,false,false,0,"2026-02-17 21:45:43.824475",false
3679,[OLD] WEB-WOMEN-ALEN,143,2,1,"{""componentJson"": [{""id"": 7068, ""displayOrder"": 1}]}","2026-02-17 04:33:05.442414","2026-03-02 12:29:26.670067",4,8,"","","","",621,0,124821,false,false,0,"2026-02-17 21:45:42.477492",false
3689,[OLD] WEB-WOMEN-AL,143,21,1,"{""componentJson"": [{""id"": 7078, ""displayOrder"": 1}]}","2026-02-17 04:38:25.720151","2026-03-02 12:29:32.847703",4,8,"","","","",631,0,124831,false,false,0,"2026-02-17 21:45:43.461079",false
3688,[OLD] APP-WOMEN-AL,143,21,1,"{""componentJson"": [{""id"": 7486, ""status"": true, ""displayOrder"": 1}]}","2026-02-17 02:38:16.09","2026-03-26 11:37:37.774554",4,8,"","","","",626,1,0,true,false,1,"2026-02-17 21:45:43.348652",false
3678,[OLD] APP-WOMEN-ALEN,143,2,1,"{""componentJson"": [{""id"": 7486, ""status"": true, ""displayOrder"": 1}]}","2026-02-17 02:33:03.295","2026-03-26 11:37:44.531776",4,8,"","","","",616,1,0,true,false,1,"2026-02-17 21:45:42.393106",false
3691,[OLD] WEB-MEN-AL,143,21,1,"{""componentJson"": [{""id"": 7080, ""displayOrder"": 1}]}","2026-02-17 04:38:46.17463","2026-03-26 11:39:00.505005",4,8,"","","","",632,0,124833,false,false,0,"2026-02-17 21:45:43.639341",false
3681,[OLD] WEB-MEN-ALEN,143,2,1,"{""componentJson"": [{""id"": 7070, ""displayOrder"": 1}]}","2026-02-17 04:33:36.445022","2026-03-26 11:39:06.603678",4,8,"","","","",622,0,124823,false,false,0,"2026-02-17 21:45:42.642349",false
3690,[OLD] APP-MEN-AL,143,21,1,"{""componentJson"": [{""id"": 7527, ""status"": true, ""displayOrder"": 1}]}","2026-02-17 02:38:36.579","2026-03-26 11:40:16.150463",4,8,"","","","",627,1,0,true,false,1,"2026-02-17 21:45:43.555812",false
3680,[OLD] APP-MEN-ALEN,143,2,1,"{""componentJson"": [{""id"": 7527, ""status"": true, ""displayOrder"": 1}]}","2026-02-17 02:33:32.113","2026-03-26 11:40:24.683182",4,8,"","","","",617,1,0,true,false,1,"2026-02-17 21:45:42.557919",false
3683,[OLD] WEB-GIRLS-ALEN,143,2,1,"{""componentJson"": [{""id"": 7524, ""status"": true, ""displayOrder"": 1}]}","2026-02-17 02:34:29.115","2026-03-26 11:41:37.645907",4,8,"","","","",623,0,0,false,false,1,"2026-02-17 21:45:42.821282",false
3692,[OLD] APP-GIRLS-AL,143,21,1,"{""componentJson"": [{""id"": 7523, ""status"": true, ""displayOrder"": 1}]}","2026-02-17 02:38:54.922","2026-03-26 11:42:43.367242",4,8,"","","","",628,1,0,true,false,1,"2026-02-17 21:45:43.742995",false
3682,[OLD] APP-GIRLS-ALEN,143,2,1,"{""componentJson"": [{""id"": 7523, ""status"": true, ""displayOrder"": 1}]}","2026-02-17 02:34:20.881","2026-03-26 11:42:55.115367",4,8,"","","","",618,1,0,true,false,1,"2026-02-17 21:45:42.729551",false
3649,[OLD] APP-CHRISTMAS-HOME,58,17,1,"{""componentJson"": [{""id"": 7013, ""displayOrder"": 1}]}","2025-11-28 10:48:06.322297","2035-11-28 10:48:08.014415",1,8,christmas-nt,/katalog,christmas,christmas,465,1,116122,true,false,0,"2026-02-17 21:45:17.759193",false
3650,[OLD] APP-CHRISTMAS-HOME,58,2,1,"{""componentJson"": [{""id"": 7011, ""displayOrder"": 1}]}","2025-11-28 10:48:28.452409","2035-11-28 10:48:29.72532",1,8,christmas-nt,/catalog,christmas,christmas,464,1,116123,true,false,0,"2026-02-17 21:45:17.843121",false
3674,[OLD] APP-DEALZONE-CREN-080126,58,2,126,"{""componentJson"": [{""id"": 8213, ""isActive"": true, ""displayOrder"": 1}, {""id"": 7773, ""isActive"": true, ""displayOrder"": 2}, {""id"": 7454, ""isActive"": true, ""displayOrder"": 3}, {""id"": 7235, ""isActive"": true, ""displayOrder"": 4}, {""id"": 7237, ""isActive"": true, ""displayOrder"": 5}]}","2026-02-05 02:53:23.43","2036-01-09 00:32:57",1,8,"","","","",441,1,0,true,false,1,"2026-02-17 21:45:20.248852",false
4397,APP-BABALAR-GUNU-LP-2026,1,1,1,"{""componentJson"": [{""id"": 8199, ""isActive"": true, ""displayOrder"": 1}, {""id"": 8227, ""isActive"": true, ""displayOrder"": 2}, {""id"": 8228, ""isActive"": true, ""displayOrder"": 3}]}","2026-05-25 07:09:52.498","2027-05-22 22:48:17.949",1,2,babalar-gunu-nt,/katalog,"","",0,1,0,true,false,1,"2026-05-22 22:49:13.57321",false
3670,[OLD] APP-HOMEPAGE-CREN-010126,58,2,1,"{""componentJson"": [{""id"": 7043, ""displayOrder"": 1}, {""id"": 7044, ""displayOrder"": 2}]}","2026-01-01 08:00:15","2036-01-01 08:00:29.708637",1,8,"","","","",440,1,120127,true,false,0,"2026-02-17 21:45:19.69517",false
3671,[OLD] HOMEPAGE-CREN-010126,58,2,1,"{""componentJson"": [{""id"": 7045, ""displayOrder"": 1}, {""id"": 7046, ""displayOrder"": 2}]}","2026-01-01 08:00:19","2036-01-01 08:00:36.616721",1,8,"","","","",356,0,120128,false,false,0,"2026-02-17 21:45:19.819604",false
3672,[OLD] APP-HOMEPAGE-CR-010126,58,17,1,"{""componentJson"": [{""id"": 7047, ""displayOrder"": 1}, {""id"": 7048, ""displayOrder"": 2}]}","2026-01-01 08:00:37","2036-01-01 08:00:42.268461",1,8,"","","","",447,1,120131,true,false,0,"2026-02-17 21:45:19.94696",false
3673,[OLD] HOMEPAGE-CR-010126,58,17,1,"{""componentJson"": [{""id"": 7049, ""displayOrder"": 1}, {""id"": 7050, ""displayOrder"": 2}]}","2026-01-01 08:00:36","2036-01-01 08:00:42.253615",1,8,"","","","",355,0,120132,false,false,0,"2026-02-17 21:45:20.073113",false
3669,[OLD] WOMEN-CR-111225,58,17,1,"{""componentJson"": [{""id"": 7042, ""displayOrder"": 1}]}","2026-02-16 10:39:23.987683","2026-02-23 06:56:49.561929",4,8,"","","","",364,0,117781,false,false,0,"2026-02-17 21:45:19.565302",false
3661,[OLD] WOMEN-CREN-111225,58,2,1,"{""componentJson"": [{""id"": 7034, ""displayOrder"": 1}]}","2026-02-16 10:38:03.016132","2026-02-23 06:56:57.511362",4,8,"","","","",357,0,117773,false,false,0,"2026-02-17 21:45:18.878236",false
3668,[OLD] APP-WOMEN-CR-111225,58,17,1,"{""componentJson"": [{""id"": 7041, ""displayOrder"": 1}]}","2026-02-16 10:39:29.487282","2026-02-23 07:00:26.435826",4,8,"","","","",449,1,117780,true,false,0,"2026-02-17 21:45:19.466638",false
3660,[OLD] APP-WOMEN-CREN-111225,58,2,1,"{""componentJson"": [{""id"": 7033, ""displayOrder"": 1}]}","2026-02-16 10:38:07.072723","2026-02-23 07:01:22.968544",4,8,"","","","",442,1,117772,true,false,0,"2026-02-17 21:45:18.796346",false
3654,[OLD] APP-BOYS-CREN-111225,58,2,1,"{""componentJson"": [{""id"": 7027, ""displayOrder"": 1}]}","2026-02-17 05:28:39","2026-02-23 10:24:23.369653",4,8,"","","","",445,1,117766,true,false,0,"2026-02-17 21:45:18.240843",false
3664,[OLD] APP-BOYS-CR-111225,58,17,1,"{""componentJson"": [{""id"": 7037, ""displayOrder"": 1}]}","2026-02-17 05:31:12","2026-02-23 10:24:41.090744",4,8,"","","","",452,1,117776,true,false,0,"2026-02-17 21:45:19.12692",false
3655,[OLD] BOYS-CREN-111225,58,2,1,"{""componentJson"": [{""id"": 7028, ""displayOrder"": 1}]}","2026-02-17 05:28:44","2026-02-23 10:29:52.141178",4,8,"","","","",360,0,117767,false,false,0,"2026-02-17 21:45:18.332024",false
3665,[OLD] BOYS-CR-111225,58,17,1,"{""componentJson"": [{""id"": 7038, ""displayOrder"": 1}]}","2026-02-17 05:31:15","2026-02-23 10:29:59.738434",4,8,"","","","",367,0,117777,false,false,0,"2026-02-17 21:45:19.214958",false
3659,[OLD] MEN-CREN-111225,58,2,1,"{""componentJson"": [{""id"": 7032, ""displayOrder"": 1}]}","2026-02-17 11:22:57.724782","2026-02-23 12:26:56.139559",4,8,"","","","",358,0,117771,false,false,0,"2026-02-17 21:45:18.714431",false
3667,[OLD] MEN-CR-111225,58,17,1,"{""componentJson"": [{""id"": 7040, ""displayOrder"": 1}]}","2026-02-17 11:25:05.338257","2026-02-23 12:31:49.403285",4,8,"","","","",365,0,117779,false,false,0,"2026-02-17 21:45:19.384215",false
3663,[OLD] BABY-CR-111225,58,17,1,"{""componentJson"": [{""id"": 7036, ""displayOrder"": 1}]}","2026-02-17 08:16:01.133397","2026-02-23 12:47:48.176661",4,8,"","","","",368,0,117775,false,false,0,"2026-02-17 21:45:19.044999",false
3653,[OLD] BABY-CREN-111225,58,2,1,"{""componentJson"": [{""id"": 7026, ""displayOrder"": 1}]}","2026-02-17 08:14:26.517536","2026-02-23 12:47:54.454689",4,8,"","","","",361,0,117765,false,false,0,"2026-02-17 21:45:18.139383",false
3662,[OLD] APP-BABY-CR-111225,58,17,1,"{""componentJson"": [{""id"": 7035, ""displayOrder"": 1}]}","2026-02-17 08:15:56.890425","2026-02-23 12:52:36.930827",4,8,"","","","",453,1,117774,true,false,0,"2026-02-17 21:45:18.960132",false
3652,[OLD] APP-BABY-CREN-111225,58,2,1,"{""componentJson"": [{""id"": 7025, ""displayOrder"": 1}]}","2026-02-17 08:14:40.914245","2026-02-23 12:52:42.994435",4,8,"","","","",446,1,117764,true,false,0,"2026-02-17 21:45:18.029871",false
3648,[OLD] GIRLS-CR-021225,58,17,1,"{""componentJson"": [{""id"": 7023, ""displayOrder"": 1}]}","2026-02-03 10:34:28","2026-02-23 13:34:59.19041",4,8,"","","","",366,0,116003,false,false,0,"2026-02-17 21:45:17.682584",false
3657,[OLD] GIRLS-CREN-111225,58,2,1,"{""componentJson"": [{""id"": 7030, ""displayOrder"": 1}]}","2026-02-03 10:31:19","2026-02-23 13:35:04.719383",4,8,"","","","",359,0,117769,false,false,0,"2026-02-17 21:45:18.520166",false
3666,[OLD] APP-MEN-CR-111225,58,17,1,"{""componentJson"": [{""id"": 7039, ""displayOrder"": 1}]}","2026-02-17 11:24:57.01369","2026-02-23 13:42:23.403483",4,8,"","","","",450,1,117778,true,false,0,"2026-02-17 21:45:19.300402",false
3658,[OLD] APP-MEN-CREN-111225,58,2,1,"{""componentJson"": [{""id"": 7031, ""displayOrder"": 1}]}","2026-02-17 11:22:53.526472","2026-02-23 13:42:58.953384",4,8,"","","","",443,1,117770,true,false,0,"2026-02-17 21:45:18.621264",false
3651,[OLD] APP-GIRLS-CR-021225,58,17,1,"{""componentJson"": [{""id"": 7024, ""displayOrder"": 1}]}","2026-02-03 10:34:21","2026-02-23 13:44:21.134509",4,8,"","","","",451,1,116245,true,false,0,"2026-02-17 21:45:17.94152",false
3656,[OLD] APP-GIRLS-CREN-111225,58,2,1,"{""componentJson"": [{""id"": 7029, ""displayOrder"": 1}]}","2026-02-03 10:31:08","2026-02-23 13:44:28.287355",4,8,"","","","",444,1,117768,true,false,0,"2026-02-17 21:45:18.436716",false
3698,[OLD] APP-CHRISTMAS-LP-UA,24,5,1,"{""componentJson"": [{""id"": 7087, ""displayOrder"": 1}]}","2025-11-17 09:42:13.772756","2029-12-31 21:00:00",1,2,christmas-nt,/katalog,christmas,christmas,0,0,114313,true,false,0,"2026-02-17 21:45:54.726905",false
3699,[OLD] WEB-CHRISTMAS-LP-UA,24,5,1,"{""componentJson"": [{""id"": 7088, ""displayOrder"": 1}]}","2025-11-17 09:42:15.994978","2029-12-31 21:00:00",1,2,christmas,/katalog,christmas,christmas,0,0,114314,false,false,0,"2026-02-17 21:45:54.810587",false
3700,[OLD] WEB-CHRISTMAS-LP-UARU,24,3,1,"{""componentJson"": [{""id"": 7089, ""displayOrder"": 1}]}","2025-11-17 09:47:11.498561","2029-12-31 21:00:00",1,2,christmas,/katalog,christmas,christmas,0,0,114315,false,false,0,"2026-02-17 21:45:54.892408",false
3701,[OLD] APP-CHRISTMAS-LP-UARU,24,3,1,"{""componentJson"": [{""id"": 7090, ""displayOrder"": 1}]}","2025-11-17 09:47:19.402891","2033-12-31 21:00:00",1,2,christmas-nt,/katalog,christmas,christmas,0,0,114316,true,false,0,"2026-02-17 21:45:54.984972",false
3702,[OLD] WINTER LP,24,3,1,"{""componentJson"": [{""id"": 7091, ""displayOrder"": 1}, {""id"": 7092, ""displayOrder"": 2}]}","2025-12-04 09:02:04.813912","2029-12-31 21:00:00",1,2,winter-lp,/katalog,Winter LP,Winter LP,0,0,117006,false,false,0,"2026-02-17 21:45:55.121387",false
3703,[OLD] WINTER LP APP,24,3,1,"{""componentJson"": [{""id"": 7093, ""displayOrder"": 1}, {""id"": 7094, ""displayOrder"": 2}]}","2025-12-04 09:02:11.902341","2033-12-31 21:00:00",1,2,winter-lp-nt,/katalog,Winter LP App,Winter LP App,0,0,117007,true,false,0,"2026-02-17 21:45:55.262584",false
3704,[OLD] WINTER LP APP,24,5,1,"{""componentJson"": [{""id"": 7095, ""displayOrder"": 1}, {""id"": 7096, ""displayOrder"": 2}]}","2025-12-04 09:00:57.761069","2029-12-31 21:00:00",1,2,winter-lp-nt,/katalog,Winter LP App,Winter LP App,0,0,117008,true,false,0,"2026-02-17 21:45:55.3893",false
3705,[OLD] WINTER LP,24,5,1,"{""componentJson"": [{""id"": 7097, ""displayOrder"": 1}, {""id"": 7098, ""displayOrder"": 2}]}","2025-12-04 09:00:49.096238","2029-12-31 21:00:00",1,2,winter-lp,/katalog,Winter LP,Winter LP,0,0,117009,false,false,0,"2026-02-17 21:45:55.513158",false
3778,[OLD] APP-NEWYEAR-LP-KZRU,10,3,1,"{""componentJson"": [{""id"": 7162, ""displayOrder"": 1}]}","2025-11-17 10:27:06.049033","2029-12-31 19:00:00",1,2,newyear-nt,/katalog,newyear,newyear,0,0,114324,true,false,0,"2026-02-17 21:46:30.462933",false
3779,[OLD] WEB-NEWYEAR-LP-KZRU,10,3,1,"{""componentJson"": [{""id"": 7215, ""displayOrder"": 1}]}","2025-11-17 10:34:27.446161","2029-12-31 19:00:00",1,2,newyear,/katalog,newyear,newyear,0,0,114325,false,false,0,"2026-02-17 21:46:30.559622",false
3780,[OLD] APP-NEWYEAR-LP-KZ,10,6,1,"{""componentJson"": [{""id"": 7161, ""displayOrder"": 1}]}","2025-11-17 10:34:12.918575","2029-12-31 19:00:00",1,2,newyear-nt,/katalog,newyear,newyear,0,0,114328,true,false,0,"2026-02-17 21:46:30.644067",false
3781,[OLD] WEB-NEWYEAR-LP-KZ,10,6,1,"{""componentJson"": [{""id"": 7216, ""displayOrder"": 1}]}","2025-11-17 10:34:18.255321","2029-12-31 19:00:00",1,2,newyear,/katalog,newyear,newyear,0,0,114329,false,false,0,"2026-02-17 21:46:30.729744",false
3782,[OLD] WINTER LP APP,10,6,1,"{""componentJson"": [{""id"": 7217, ""displayOrder"": 1}, {""id"": 7218, ""displayOrder"": 2}]}","2025-12-04 08:59:37.688239","2029-12-31 19:00:00",1,2,winter-lp-nt,/katalog,Winter LP,Winter LP,0,0,116998,true,false,0,"2026-02-17 21:46:30.855693",false
3783,[OLD] WINTER LP,10,6,1,"{""componentJson"": [{""id"": 7219, ""displayOrder"": 1}, {""id"": 7220, ""displayOrder"": 2}]}","2025-12-04 08:59:29.621127","2029-12-31 19:00:00",1,2,winter-lp,/katalog,Winter LP,Winter LP,0,0,116999,false,false,0,"2026-02-17 21:46:30.984692",false
3784,[OLD] WINTER LP,10,3,1,"{""componentJson"": [{""id"": 7221, ""displayOrder"": 1}, {""id"": 7222, ""displayOrder"": 2}]}","2025-12-04 08:58:11.744846","2029-12-31 19:00:00",1,2,winter-lp,/katalog,Winter LP,Winter LP,0,0,117000,false,false,0,"2026-02-17 21:46:31.109595",false
3785,[OLD] WINTER LP APP,10,3,1,"{""componentJson"": [{""id"": 7223, ""displayOrder"": 1}, {""id"": 7224, ""displayOrder"": 2}]}","2025-12-04 08:58:05.881814","2029-12-31 19:00:00",1,2,winter-lp-nt,/katalog,Winter LP,Winter LP,0,0,117001,true,false,0,"2026-02-17 21:46:31.234698",false
3695,[OLD] WEB-BOYS-AL,143,21,126,"{""componentJson"": [{""id"": 7632, ""displayOrder"": 1}]}","2026-02-17 01:37:19","2036-02-17 01:39:43",1,8,"","","","",634,0,0,false,false,1,"2026-02-17 21:45:43.987014",false
3189,[OLD] WEB-MARKALAR-ANASAYFA,1,1,1,"{""componentJson"": [{""id"": 7252, ""isActive"": true, ""displayOrder"": 1}, {""id"": 8200, ""isActive"": true, ""displayOrder"": 2}, {""id"": 8202, ""isActive"": true, ""displayOrder"": 3}, {""id"": 8203, ""isActive"": true, ""displayOrder"": 4}, {""id"": 8205, ""isActive"": true, ""displayOrder"": 5}, {""id"": 8192, ""isActive"": true, ""displayOrder"": 6}, {""id"": 8206, ""isActive"": true, ""displayOrder"": 7}, {""id"": 8208, ""isActive"": true, ""displayOrder"": 8}, {""id"": 8209, ""isActive"": true, ""displayOrder"": 9}]}","2026-02-17 10:43:35.278","2035-08-10 21:00:20",1,8,"","","","",95701,0,0,false,false,1,"2026-02-17 21:41:06.008005",false
3677,[OLD] WEB-DEALZONE-CR-080126,58,17,126,"{""componentJson"": [{""id"": 7062, ""isActive"": true, ""displayOrder"": 1}, {""id"": 8212, ""isActive"": true, ""displayOrder"": 2}, {""id"": 7774, ""isActive"": true, ""displayOrder"": 3}, {""id"": 7455, ""isActive"": true, ""displayOrder"": 4}, {""id"": 7236, ""isActive"": true, ""displayOrder"": 5}, {""id"": 7238, ""isActive"": true, ""displayOrder"": 6}, {""id"": 7239, ""isActive"": true, ""displayOrder"": 7}]}","2026-02-05 02:53:51.204","2036-01-09 00:35:59",1,8,"","","","",363,0,0,false,false,1,"2026-02-17 21:45:20.975549",false
3723,[OLD] WEB-BABY-UARU-111225,24,3,126,"{""componentJson"": [{""id"": 8119, ""isActive"": true, ""displayOrder"": 1}]}","2026-02-17 04:25:09.676","2035-12-11 03:00:06",1,8,"","","","",213,1,0,true,false,1,"2026-02-17 21:46:08.255236",false
3735,[OLD] WEB-DEALZONE-UARU-080126,24,3,126,"{""componentJson"": [{""id"": 7138, ""isActive"": true, ""displayOrder"": 1}, {""id"": 8212, ""isActive"": true, ""displayOrder"": 2}, {""id"": 7774, ""isActive"": true, ""displayOrder"": 3}, {""id"": 7455, ""isActive"": true, ""displayOrder"": 4}, {""id"": 7236, ""isActive"": true, ""displayOrder"": 5}, {""id"": 7133, ""isActive"": true, ""displayOrder"": 6}, {""id"": 7238, ""isActive"": true, ""displayOrder"": 7}, {""id"": 7239, ""isActive"": true, ""displayOrder"": 8}]}","2026-02-06 03:21:59.406","2036-01-09 03:22:42",1,8,"","","","",214,0,0,false,false,1,"2026-02-17 21:46:10.100838",false
3730,[OLD] WEB-HOMEPAGE-UA-010126,24,5,1,"{""componentJson"": [{""id"": 7121, ""displayOrder"": 1}, {""id"": 7122, ""displayOrder"": 2}, {""id"": 7123, ""displayOrder"": 3}, {""id"": 7124, ""displayOrder"": 4}]}","2026-01-02 06:20:12.10337","2036-01-01 06:04:29",1,8,"","","","",201,0,120104,false,false,0,"2026-02-17 21:46:09.005191",false
3731,[OLD] APP-HOMEPAGE-UA-010126,24,5,1,"{""componentJson"": [{""id"": 7125, ""displayOrder"": 1}, {""id"": 7126, ""displayOrder"": 2}, {""id"": 7127, ""displayOrder"": 3}, {""id"": 7128, ""displayOrder"": 4}]}","2026-01-08 11:22:54.240101","2036-01-01 06:05:29",1,8,"","","","",221,1,120107,true,false,0,"2026-02-17 21:46:09.220552",false
3732,[OLD] APP-HOMEPAGE-UARU-010126,24,3,1,"{""componentJson"": [{""id"": 7129, ""displayOrder"": 1}, {""id"": 7130, ""displayOrder"": 2}, {""id"": 7131, ""displayOrder"": 3}]}","2026-01-08 11:23:18.845656","2036-01-01 06:01:57",1,8,"","","","",222,1,120108,true,false,0,"2026-02-17 21:46:09.392478",false
3733,[OLD] HOMEPAGE-UARU-010126,24,3,1,"{""componentJson"": [{""id"": 7132, ""displayOrder"": 1}, {""id"": 7133, ""displayOrder"": 2}, {""id"": 7134, ""displayOrder"": 3}]}","2026-01-02 06:21:49.010077","2036-01-01 06:02:42",1,8,"","","","",207,0,120110,false,false,0,"2026-02-17 21:46:09.578974",false
3742,[OLD] PILOT-HOMEPAGE-TEMPLATE,10,6,1,"{""componentJson"": [{""id"": 7157, ""displayOrder"": 1}, {""id"": 7158, ""displayOrder"": 2}]}","2025-10-22 22:34:02.939999","2026-10-01 14:00:00",1,8,"","","","",322,0,11,false,false,0,"2026-02-17 21:46:19.195407",false
3721,[OLD] WEB-WOMEN-UA-111225,24,5,1,"{""componentJson"": [{""id"": 7112, ""displayOrder"": 1}]}","2026-02-16 05:46:32.6221","2026-02-23 06:58:38.200867",4,8,"","","","",202,0,117755,false,false,0,"2026-02-17 21:46:08.059294",false
3729,[OLD] WEB-WOMEN-UARU-111225,24,3,1,"{""componentJson"": [{""id"": 7120, ""displayOrder"": 1}]}","2026-02-16 05:48:07.31242","2026-02-23 06:58:45.412425",4,8,"","","","",208,0,117763,false,false,0,"2026-02-17 21:46:08.780707",false
3720,[OLD] APP-WOMEN-UA-111225,24,5,1,"{""componentJson"": [{""id"": 7111, ""displayOrder"": 1}]}","2026-02-16 05:46:25.984168","2026-02-23 07:04:44.694545",4,8,"","","","",374,1,117754,true,false,0,"2026-02-17 21:46:07.955469",false
3728,[OLD] APP-WOMEN-UARU-111225,24,3,1,"{""componentJson"": [{""id"": 7119, ""displayOrder"": 1}]}","2026-02-16 05:48:01.721991","2026-02-23 07:04:50.984371",4,8,"","","","",380,1,117762,true,false,0,"2026-02-17 21:46:08.687051",false
3724,[OLD] APP-BOYS-UARU-111225,24,3,1,"{""componentJson"": [{""id"": 7115, ""displayOrder"": 1}]}","2026-02-17 04:43:05","2026-02-23 10:21:52.144635",4,8,"","","","",383,1,117758,true,false,0,"2026-02-17 21:46:08.342462",false
3725,[OLD] WEB-BOYS-UARU-111225,24,3,1,"{""componentJson"": [{""id"": 7116, ""displayOrder"": 1}]}","2026-02-17 04:43:42","2026-02-23 10:27:51.204357",4,8,"","","","",212,0,117759,false,false,0,"2026-02-17 21:46:08.42575",false
3717,[OLD] WEB-BOYS-UA-111225,24,5,1,"{""componentJson"": [{""id"": 7108, ""displayOrder"": 1}]}","2026-02-17 04:40:12","2026-02-23 10:28:11.048555",4,8,"","","","",205,0,117751,false,false,0,"2026-02-17 21:46:07.666398",false
3719,[OLD] WEB-MEN-UA-111225,24,5,1,"{""componentJson"": [{""id"": 7110, ""displayOrder"": 1}]}","2026-02-17 08:54:31.109334","2026-02-23 12:36:27.324899",4,8,"","","","",203,0,117753,false,false,0,"2026-02-17 21:46:07.855277",false
3727,[OLD] WEB-MEN-UARU-111225,24,3,1,"{""componentJson"": [{""id"": 7118, ""displayOrder"": 1}]}","2026-02-17 08:56:34.852803","2026-02-23 12:37:04.817469",4,8,"","","","",209,0,117761,false,false,0,"2026-02-17 21:46:08.605524",false
3722,[OLD] APP-BABY-UARU-111225,24,3,1,"{""componentJson"": [{""id"": 7113, ""displayOrder"": 1}]}","2026-02-17 07:25:19.164533","2026-02-23 12:54:30.73079",4,8,"","","","",384,1,117756,true,false,0,"2026-02-17 21:46:08.158342",false
3718,[OLD] APP-MEN-UA-111225,24,5,1,"{""componentJson"": [{""id"": 7109, ""displayOrder"": 1}]}","2026-02-17 08:54:27.434195","2026-02-23 13:47:04.841724",4,8,"","","","",375,1,117752,true,false,0,"2026-02-17 21:46:07.748384",false
3726,[OLD] APP-MEN-UARU-111225,24,3,1,"{""componentJson"": [{""id"": 7117, ""displayOrder"": 1}]}","2026-02-17 08:56:29.50787","2026-02-23 13:47:30.47883",4,8,"","","","",381,1,117760,true,false,0,"2026-02-17 21:46:08.522938",false
3739,[OLD] HOME LP,24,5,1,"{""componentJson"": [{""id"": 7152, ""displayOrder"": 1}, {""id"": 7153, ""displayOrder"": 2}]}","2026-01-16 07:15:26.336349","2026-02-24 09:20:45.688177",4,8,home-lp,/katalog,HOME LP,HOME LP,547,0,121868,false,false,0,"2026-02-17 21:46:10.924794",false
3740,[OLD] HOME LP,24,3,1,"{""componentJson"": [{""id"": 7154, ""displayOrder"": 1}, {""id"": 7155, ""displayOrder"": 2}]}","2026-01-16 07:15:47.856286","2026-02-24 09:20:50.512884",4,8,home-lp,/katalog,HOME LP,HOME LP,549,0,121869,false,false,0,"2026-02-17 21:46:11.052377",false
3738,[OLD] APP HOME LP,24,5,1,"{""componentJson"": [{""id"": 7151, ""displayOrder"": 1}]}","2026-01-14 10:55:30.165912","2026-02-24 09:22:37.646859",4,8,home-lp-app,/katalog,APP HOME LP,APP HOME LP,546,1,121867,true,false,0,"2026-02-17 21:46:10.778884",false
3741,[OLD] APP HOME LP,24,3,1,"{""componentJson"": [{""id"": 7156, ""displayOrder"": 1}]}","2026-01-14 10:55:04.454098","2026-02-24 09:22:43.369825",4,8,home-lp-app,/katalog,APP HOME LP,APP HOME LP,548,1,121870,true,false,0,"2026-02-17 21:46:11.138431",false
3743,[OLD] PILOT-HOMEPAGE2,10,6,1,"{""componentJson"": [{""id"": 7158, ""displayOrder"": 1}, {""id"": 7157, ""displayOrder"": 2}]}","2025-10-22 22:53:27.301486","2035-10-22 22:54:00.847565",1,8,"","","","",323,0,16,false,false,0,"2026-02-17 21:46:19.306368",false
3744,[OLD] PILOT-HP,10,6,1,"{""componentJson"": [{""id"": 7158, ""displayOrder"": 1}]}","2025-10-22 23:02:18.184617","2035-10-22 23:03:00.847791",1,8,"","","","",324,0,18,false,false,0,"2026-02-17 21:46:19.379747",false
3745,[OLD] PILOT-KZ-TEST-HOMEPAGE,10,6,1,"{""componentJson"": [{""id"": 7157, ""displayOrder"": 1}]}","2025-10-22 23:17:22.673109","2035-10-22 23:06:00",1,8,"","","","",325,0,19,false,false,0,"2026-02-17 21:46:19.451267",false
3746,[OLD] APP-HOMEPAGE-KZ,10,6,1,"{""componentJson"": [{""id"": 7159, ""displayOrder"": 1}]}","2025-10-08 12:40:56.209019","2035-10-08 12:40:57.778054",1,8,"","","","",275,1,26392,true,false,0,"2026-02-17 21:46:19.539623",false
3747,[OLD] WEB-HOMEPAGE,10,6,1,"{""componentJson"": [{""id"": 7160, ""displayOrder"": 1}]}","2025-10-08 12:43:11","2035-10-08 12:43:37",1,8,"","","","",276,0,26393,false,false,0,"2026-02-17 21:46:19.622873",false
3748,[OLD] APP-NEWYEAR-HOME-KZ,10,6,1,"{""componentJson"": [{""id"": 7161, ""displayOrder"": 1}]}","2025-11-28 10:57:12.510036","2035-11-28 10:57:29.705821",1,8,newyear-nt,/katalog,newyear,newyear,472,1,116130,true,false,0,"2026-02-17 21:46:19.709196",false
3749,[OLD] APP-NEWYEAR-HOME-RURU-NEW-12.03,10,3,1,"{""componentJson"": [{""id"": 7162, ""displayOrder"": 1}]}","2025-11-28 10:56:44","2035-12-03 06:39:00.522008",1,8,newyear-nt,/katalog,newyear,newyear,471,1,116842,true,false,0,"2026-02-17 21:46:19.791051",false
3768,[OLD] APP-WOMEN-KZ-111225,10,6,1,"{""componentJson"": [{""id"": 7755, ""displayOrder"": 1}]}","2026-02-11 05:57:05","2026-04-20 11:53:50.086061",4,8,"","","","",334,1,0,true,false,1,"2026-02-17 21:46:21.391209",false
3770,[OLD] APP-HOMEPAGE-KZ-010126,10,6,1,"{""componentJson"": [{""id"": 7183, ""displayOrder"": 1}, {""id"": 7184, ""displayOrder"": 2}, {""id"": 7185, ""displayOrder"": 3}]}","2026-01-01 04:00:24","2036-01-01 04:00:42.230616",1,8,"","","","",333,1,120118,true,false,0,"2026-02-17 21:46:21.659298",false
3771,[OLD] HOMEPAGE-KZ-010126,10,6,1,"{""componentJson"": [{""id"": 7186, ""displayOrder"": 1}, {""id"": 7187, ""displayOrder"": 2}, {""id"": 7188, ""displayOrder"": 3}]}","2026-01-01 04:00:37","2036-01-01 04:00:59.404086",1,8,"","","","",327,0,120119,false,false,0,"2026-02-17 21:46:21.841191",false
3772,[OLD] APP-HOMEPAGE-KZRU-010126,10,3,1,"{""componentJson"": [{""id"": 7189, ""displayOrder"": 1}, {""id"": 7190, ""displayOrder"": 2}, {""id"": 7191, ""displayOrder"": 3}]}","2026-01-01 04:00:01","2036-01-01 04:00:29.710494",1,8,"","","","",345,1,120123,true,false,0,"2026-02-17 21:46:22.018938",false
3773,[OLD] HOMEPAGE-KZRU-010126,10,3,1,"{""componentJson"": [{""id"": 7192, ""displayOrder"": 1}, {""id"": 7193, ""displayOrder"": 2}, {""id"": 7194, ""displayOrder"": 3}]}","2026-01-01 04:00:59","2036-01-01 04:00:59.484427",1,8,"","","","",339,0,120124,false,false,0,"2026-02-17 21:46:22.198424",false
3769,[OLD] WOMEN-KZ-111225,10,6,1,"{""componentJson"": [{""id"": 7182, ""displayOrder"": 1}]}","2026-02-11 01:57:09","2026-02-23 07:00:13.233373",4,8,"","","","",328,0,117659,false,false,0,"2026-02-17 21:46:21.473244",false
3759,[OLD] APP-WOMEN-KZRU-111225,10,3,1,"{""componentJson"": [{""id"": 7172, ""displayOrder"": 1}]}","2026-02-11 01:56:34","2026-02-23 07:05:53.449866",4,8,"","","","",346,1,117646,true,false,0,"2026-02-17 21:46:20.635618",false
3753,[OLD] APP-BOYS-KZRU-111225,10,3,1,"{""componentJson"": [{""id"": 7166, ""displayOrder"": 1}]}","2026-02-17 01:45:53","2026-02-23 10:19:09.560124",4,8,"","","","",349,1,117640,true,false,0,"2026-02-17 21:46:20.121708",false
3762,[OLD] APP-BOYS-KZ-111225,10,6,1,"{""componentJson"": [{""id"": 7175, ""displayOrder"": 1}]}","2026-02-17 01:47:39.691099","2026-02-23 10:19:32.994845",4,8,"","","","",337,1,117652,true,false,0,"2026-02-17 21:46:20.887332",false
3752,[OLD] BOYS-KZRU-111225,10,3,1,"{""componentJson"": [{""id"": 7165, ""displayOrder"": 1}]}","2026-02-17 01:45:57","2026-02-23 10:25:55.310092",4,8,"","","","",343,0,117639,false,false,0,"2026-02-17 21:46:20.041282",false
3763,[OLD] BOYS-KZ-111225,10,6,1,"{""componentJson"": [{""id"": 7176, ""displayOrder"": 1}]}","2026-02-17 01:47:44","2026-02-23 10:26:25.696039",4,8,"","","","",331,0,117653,false,false,0,"2026-02-17 21:46:20.973831",false
3767,[OLD] MEN-KZ-111225,10,6,1,"{""componentJson"": [{""id"": 7180, ""displayOrder"": 1}]}","2026-02-17 06:05:22.601548","2026-02-23 12:42:56.979555",4,8,"","","","",329,0,117657,false,false,0,"2026-02-17 21:46:21.304158",false
3756,[OLD] MEN-KZRU-111225,10,3,1,"{""componentJson"": [{""id"": 7169, ""displayOrder"": 1}]}","2026-02-17 06:03:25.268186","2026-02-23 12:43:15.769552",4,8,"","","","",341,0,117643,false,false,0,"2026-02-17 21:46:20.379654",false
3760,[OLD] BABY-KZ-111225,10,6,1,"{""componentJson"": [{""id"": 7173, ""displayOrder"": 1}]}","2026-02-17 04:28:01.042595","2026-02-23 12:51:29.633505",4,8,"","","","",332,0,117649,false,false,0,"2026-02-17 21:46:20.720622",false
3750,[OLD] BABY-KZRU-111225,10,3,1,"{""componentJson"": [{""id"": 7163, ""displayOrder"": 1}]}","2026-02-17 04:26:37.149645","2026-02-23 12:51:43.402848",4,8,"","","","",344,0,117637,false,false,0,"2026-02-17 21:46:19.872088",false
3761,[OLD] APP-BABY-KZ-111225,10,6,1,"{""componentJson"": [{""id"": 7174, ""displayOrder"": 1}]}","2026-02-17 04:27:58.140663","2026-02-23 12:55:59.618104",4,8,"","","","",338,1,117650,true,false,0,"2026-02-17 21:46:20.803192",false
3751,[OLD] APP-BABY-KZRU-111225,10,3,1,"{""componentJson"": [{""id"": 7164, ""displayOrder"": 1}]}","2026-02-17 04:26:43.392755","2026-02-23 12:56:19.263525",4,8,"","","","",350,1,117638,true,false,0,"2026-02-17 21:46:19.954823",false
3765,[OLD] GIRLS-KZ-111225,10,6,1,"{""componentJson"": [{""id"": 7178, ""displayOrder"": 1}]}","2026-02-05 02:24:25","2026-02-23 13:39:28.883661",4,8,"","","","",330,0,117655,false,false,0,"2026-02-17 21:46:21.137458",false
3754,[OLD] GIRLS-KZRU-111225,10,3,1,"{""componentJson"": [{""id"": 7167, ""displayOrder"": 1}]}","2026-02-05 02:25:09","2026-02-23 13:39:43.060832",4,8,"","","","",342,0,117641,false,false,0,"2026-02-17 21:46:20.20708",false
3764,[OLD] APP-GIRLS-KZ-111225,10,6,1,"{""componentJson"": [{""id"": 7177, ""displayOrder"": 1}]}","2026-02-05 02:24:40","2026-02-23 13:48:24.990796",4,8,"","","","",336,1,117654,true,false,0,"2026-02-17 21:46:21.055838",false
3755,[OLD] APP-GIRLS-KZRU-111225,10,3,1,"{""componentJson"": [{""id"": 7168, ""displayOrder"": 1}]}","2026-02-05 02:25:17","2026-02-23 13:48:40.541214",4,8,"","","","",348,1,117642,true,false,0,"2026-02-17 21:46:20.293233",false
3766,[OLD] APP-MEN-KZ-111225,10,6,1,"{""componentJson"": [{""id"": 7179, ""displayOrder"": 1}]}","2026-02-17 06:05:18.037739","2026-02-23 13:49:10.991083",4,8,"","","","",335,1,117656,true,false,0,"2026-02-17 21:46:21.219267",false
3757,[OLD] APP-MEN-KZRU-111225,10,3,1,"{""componentJson"": [{""id"": 7170, ""displayOrder"": 1}]}","2026-02-17 06:03:19.709399","2026-02-23 13:49:35.93555",4,8,"","","","",347,1,117644,true,false,0,"2026-02-17 21:46:20.472207",false
3776,[OLD] APP-DEALZONE-KZ-080126,10,6,126,"{""componentJson"": [{""id"": 8213, ""isActive"": true, ""displayOrder"": 1}, {""id"": 7600, ""isActive"": true, ""displayOrder"": 2}, {""id"": 7291, ""isActive"": true, ""displayOrder"": 3}, {""id"": 7314, ""isActive"": true, ""displayOrder"": 4}, {""id"": 7233, ""isActive"": true, ""displayOrder"": 5}, {""id"": 7235, ""isActive"": true, ""displayOrder"": 6}, {""id"": 7184, ""isActive"": true, ""displayOrder"": 7}, {""id"": 7237, ""isActive"": true, ""displayOrder"": 8}, {""id"": 7208, ""isActive"": true, ""displayOrder"": 9}]}","2026-02-06 19:32:34.712","2036-01-10 01:08:29",1,8,"","","","",353,1,0,true,false,1,"2026-02-17 21:46:23.184544",false
3775,[OLD] DEALZONE-KZRU-080126,10,3,126,"{""componentJson"": [{""id"": 7199, ""isActive"": true, ""displayOrder"": 1}, {""id"": 8212, ""isActive"": true, ""displayOrder"": 2}, {""id"": 7601, ""isActive"": true, ""displayOrder"": 3}, {""id"": 7292, ""isActive"": true, ""displayOrder"": 4}, {""id"": 7315, ""isActive"": true, ""displayOrder"": 5}, {""id"": 7234, ""isActive"": true, ""displayOrder"": 6}, {""id"": 7236, ""isActive"": true, ""displayOrder"": 7}, {""id"": 7193, ""isActive"": true, ""displayOrder"": 8}, {""id"": 7238, ""isActive"": true, ""displayOrder"": 9}, {""id"": 7239, ""isActive"": true, ""displayOrder"": 10}, {""id"": 7204, ""isActive"": true, ""displayOrder"": 11}]}","2026-02-06 19:30:02.861","2036-01-10 01:05:36",1,8,"","","","",351,0,0,false,false,1,"2026-02-17 21:46:22.856689",false
3774,[OLD] APP-DEALZONE-KZRU-080126,10,3,126,"{""componentJson"": [{""id"": 8213, ""isActive"": true, ""displayOrder"": 1}, {""id"": 7600, ""isActive"": true, ""displayOrder"": 2}, {""id"": 7291, ""isActive"": true, ""displayOrder"": 3}, {""id"": 7314, ""isActive"": true, ""displayOrder"": 4}, {""id"": 7233, ""isActive"": true, ""displayOrder"": 5}, {""id"": 7235, ""isActive"": true, ""displayOrder"": 6}, {""id"": 7190, ""isActive"": true, ""displayOrder"": 7}, {""id"": 7237, ""isActive"": true, ""displayOrder"": 8}, {""id"": 7198, ""isActive"": true, ""displayOrder"": 9}]}","2026-02-06 19:30:20.555","2036-01-10 01:05:29",1,8,"","","","",352,1,0,true,false,1,"2026-02-17 21:46:22.484078",false
1906,[OLD] SIZETABLE,119,20,1,"{""componentJson"": [{""id"": 3820, ""displayOrder"": 1}]}","2026-02-12 09:22:00","2056-02-12 09:22:00",1,7,sizetable-0,"","","",0,0,124279,false,false,0,"2026-02-13 00:05:26.457805",false
1908,[OLD] SIRALAMA-ALGORITMASI,119,2,1,"{""componentJson"": [{""id"": 3821, ""displayOrder"": 1}]}","2026-02-12 09:28:00","2056-02-12 09:28:00",1,7,urun-siralama-secenekleri-ve-algoritmasi,"","","",0,0,124282,false,false,0,"2026-02-13 00:05:26.631263",false
1909,[OLD] SIZETABLE-0,119,2,1,"{""componentJson"": [{""id"": 3822, ""displayOrder"": 1}]}","2026-02-12 09:29:00","2056-02-12 09:29:00",1,7,sizetable-0,"","","",0,0,124283,false,false,0,"2026-02-13 00:05:26.73929",false
1910,[OLD] PRIVACYNOTICE,119,2,1,"{""componentJson"": [{""id"": 3823, ""displayOrder"": 1}]}","2026-02-12 09:33:00","2056-02-12 09:33:00",1,7,privacynotice,"","","",0,0,124284,false,false,0,"2026-02-13 00:05:26.853819",false
1911,[OLD] CONDITIONSOFUSE,119,2,1,"{""componentJson"": [{""id"": 3824, ""displayOrder"": 1}]}","2026-02-12 09:35:00","2056-02-12 09:35:00",1,7,conditionsofuse,"","","",0,0,124285,false,false,0,"2026-02-13 00:05:27.01408",false
2059,[OLD] WEB BEACH LP,8,2,1,"{""componentJson"": [{""id"": 4046, ""displayOrder"": 1}]}","2025-06-26 10:26:55.076537","2033-12-31 21:00:00",1,2,beach-bg-bu,/catalog,Beach LP,Beach LP,0,0,21829,false,false,0,"2026-02-17 21:36:34.618859",false
2061,[OLD] WEB BEACH LP,8,12,1,"{""componentJson"": [{""id"": 4046, ""displayOrder"": 1}]}","2025-06-26 10:23:08.640096","2033-12-31 21:00:00",1,2,beach-bg-bu,/catalog,Beach LP,Beach LP,0,0,21831,false,false,0,"2026-02-17 21:36:34.861622",false
2062,[OLD] WEB COCUK BEACH LP,8,2,1,"{""componentJson"": [{""id"": 4050, ""displayOrder"": 1}]}","2025-06-26 12:25:31.655659","2033-12-31 21:00:00",1,2,beach-ck-cu,/catalog,Beach LP,Beach LP,0,0,21842,false,false,0,"2026-02-17 21:36:34.957872",false
2066,[OLD] APP MODEST,8,2,1,"{""componentJson"": [{""id"": 4057, ""displayOrder"": 1}, {""id"": 4058, ""displayOrder"": 2}, {""id"": 4059, ""displayOrder"": 3}, {""id"": 4060, ""displayOrder"": 4}, {""id"": 4061, ""displayOrder"": 5}, {""id"": 4062, ""displayOrder"": 6}]}","2025-06-26 12:16:21.78994","2033-12-31 21:00:00",1,2,modest-eg-nt,/catalog,Modest,Modest,0,0,21848,true,false,0,"2026-02-17 21:36:35.867116",false
2067,[OLD] MODEST,8,2,1,"{""componentJson"": [{""id"": 4063, ""displayOrder"": 1}]}","2025-06-26 12:16:40.159255","2033-12-31 21:00:00",1,2,modest-eg,/catalog,Modest,Modest,0,0,21849,false,false,0,"2026-02-17 21:36:35.948812",false
2068,[OLD] MODEST,8,12,1,"{""componentJson"": [{""id"": 4064, ""displayOrder"": 1}]}","2025-06-26 12:22:07.92437","2033-12-31 21:00:00",1,2,modest-eg,/catalog,Modest,Modest,0,0,21850,false,false,0,"2026-02-17 21:36:36.030117",false
2069,[OLD] APP MODEST,8,12,1,"{""componentJson"": [{""id"": 4057, ""displayOrder"": 1}, {""id"": 4058, ""displayOrder"": 2}, {""id"": 4059, ""displayOrder"": 3}, {""id"": 4060, ""displayOrder"": 4}, {""id"": 4061, ""displayOrder"": 5}, {""id"": 4062, ""displayOrder"": 6}]}","2025-06-26 12:18:26.338134","2033-12-31 21:00:00",1,2,modest-eg-nt,/catalog,Modest,Modest,0,0,21851,true,false,0,"2026-02-17 21:36:36.293935",false
3737,[OLD] APP-DEALZONE-UA-080126,24,5,126,"{""componentJson"": [{""id"": 8213, ""isActive"": true, ""displayOrder"": 1}, {""id"": 7773, ""isActive"": true, ""displayOrder"": 2}, {""id"": 7454, ""isActive"": true, ""displayOrder"": 3}, {""id"": 7126, ""isActive"": true, ""displayOrder"": 4}, {""id"": 7235, ""isActive"": true, ""displayOrder"": 5}, {""id"": 7127, ""isActive"": true, ""displayOrder"": 6}, {""id"": 7237, ""isActive"": true, ""displayOrder"": 7}]}","2026-02-06 03:19:40.115","2036-01-09 03:29:29",1,8,"","","","",379,1,0,true,false,1,"2026-02-17 21:46:10.694885",false
3817,APP-WOMEN-230226,16,15,126,"{""componentJson"": [{""id"": 8223, ""isActive"": true, ""displayOrder"": 1}]}","2026-02-21 04:04:58.571","2036-02-21 18:52:14.221",1,8,"","","","",387,1,0,true,false,1,"2026-02-23 06:55:09.740172",false
3818,APP-WOMEN-230226,24,3,126,"{""componentJson"": [{""id"": 8223, ""isActive"": true, ""displayOrder"": 1}]}","2026-02-22 15:04:49.763","2036-02-22 12:52:14.221",1,8,"","","","",380,1,0,true,false,1,"2026-02-23 06:55:09.76206",false
3793,KAPPA,1,1,1,"{""componentJson"": [{""id"": 7243, ""displayOrder"": 1}]}","2026-02-20 06:47:58.414","2027-02-20 06:38:34.938",1,2,kappa,/katalog,"","",0,0,0,false,false,1,"2026-02-20 06:41:29.545405",false
4023,WEB-GIRLS-230226,13,2,126,"{""componentJson"": [{""id"": 8259, ""isActive"": true, ""displayOrder"": 1}, {""id"": 7758, ""isActive"": true, ""displayOrder"": 2}]}","2026-02-23 13:38:49.753","2036-02-23 11:33:53.011",1,8,"","","","",308,0,0,false,false,1,"2026-02-23 13:34:30.384792",false
3964,APP-BABY-230226,13,2,1,"{""componentJson"": [{""id"": 8279, ""isActive"": true, ""displayOrder"": 1}]}","2026-02-23 12:55:22.392","2036-02-23 10:40:53.008",1,8,"","","","",311,1,0,true,false,1,"2026-02-23 12:46:21.648129",false
4096,APP-ERKEK-230226,52,2,1,"{""componentJson"": [{""id"": 8282, ""isActive"": true, ""displayOrder"": 1}]}","2026-02-22 21:43:32.304","2036-02-22 17:36:40.42",1,8,"","","","",154,1,0,true,false,1,"2026-02-23 13:41:22.513617",false
3797,[OLD] WOMEN-RSEN-010126,125,9,126,"{""componentJson"": [{""id"": 7276, ""displayOrder"": 1}]}","2026-02-16 02:42:01.337","2036-01-01 03:30:42",6,8,"","","","",,0,0,false,false,1,"2026-02-23 06:48:15.761213",true
3796,[OLD] WOMEN-RSEN-010126,50,7,126,"{""componentJson"": [{""id"": 7276, ""displayOrder"": 1}]}","2026-02-16 01:42:01.337","2036-01-01 02:30:42",6,8,"","","","",,0,0,false,false,1,"2026-02-23 06:48:15.74046",true
3795,[OLD] WOMEN-RSEN-010126,50,2,126,"{""componentJson"": [{""id"": 7276, ""displayOrder"": 1}]}","2026-02-16 00:42:01.337","2026-02-23 06:57:52.560441",4,8,"","","","",33,0,0,false,false,1,"2026-02-23 06:48:15.714159",false
2534,[OLD] WOMEN-GREN-111225,35,2,36,"{""componentJson"": [{""id"": 4774, ""displayOrder"": 1}]}","2026-02-16 08:06:37.686","2026-02-23 06:58:09.205388",4,8,"","","","",102,0,0,false,false,1,"2026-02-17 21:38:32.470268",false
2578,[OLD] MEN-RS-010126,125,9,126,"{""componentJson"": [{""id"": 4862, ""displayOrder"": 1}]}","2026-02-17 06:37:05.096","2026-02-23 12:31:20.621015",4,8,"","","","",20,0,0,false,false,1,"2026-02-17 21:38:46.796279",false
3794,KAPPA-NT,1,1,1,"{""componentJson"": [{""id"": 7244, ""displayOrder"": 1}]}","2026-02-20 06:48:11.73","2027-02-20 06:46:37.424",1,2,kappa-nt,/katalog,"","",0,1,0,true,false,1,"2026-02-20 06:47:30.483187",false
2348,[OLD] WEB-DEALZONE-080126,13,2,126,"{""componentJson"": [{""id"": 4520, ""isActive"": true, ""displayOrder"": 1}, {""id"": 8212, ""isActive"": true, ""displayOrder"": 2}, {""id"": 7601, ""isActive"": true, ""displayOrder"": 3}, {""id"": 7292, ""isActive"": true, ""displayOrder"": 4}, {""id"": 7315, ""isActive"": true, ""displayOrder"": 5}, {""id"": 7230, ""isActive"": true, ""displayOrder"": 6}, {""id"": 7236, ""isActive"": true, ""displayOrder"": 7}, {""id"": 4524, ""isActive"": true, ""displayOrder"": 8}, {""id"": 7238, ""isActive"": true, ""displayOrder"": 9}, {""id"": 7239, ""isActive"": true, ""displayOrder"": 10}]}","2026-02-06 05:24:31.169","2036-01-08 08:21:36",1,8,"","","","",26,0,0,false,false,1,"2026-02-17 21:37:45.533275",false
3786,BIZIM INFLUENCER'IMIZ SENSIN LCW,1,1,126,"{""componentJson"": [{""id"": 7228, ""displayOrder"": 1}]}","2026-02-18 07:12:31.046","2030-02-18 06:58:39.349",1,2,influencer-basvurusu1,/katalog,"","",0,0,0,false,false,1,"2026-02-18 06:59:35.464639",false
3629,[OLD] WEB-DEAL-ZONE-080126,16,2,126,"{""componentJson"": [{""id"": 6982, ""isActive"": true, ""displayOrder"": 1}, {""id"": 8212, ""isActive"": true, ""displayOrder"": 2}, {""id"": 7601, ""isActive"": true, ""displayOrder"": 3}, {""id"": 7292, ""isActive"": true, ""displayOrder"": 4}, {""id"": 7315, ""isActive"": true, ""displayOrder"": 5}, {""id"": 7234, ""isActive"": true, ""displayOrder"": 6}, {""id"": 7236, ""isActive"": true, ""displayOrder"": 7}, {""id"": 6964, ""isActive"": true, ""displayOrder"": 8}, {""id"": 7238, ""isActive"": true, ""displayOrder"": 9}, {""id"": 7239, ""isActive"": true, ""displayOrder"": 10}]}","2026-02-05 17:26:16.945","2036-01-08 20:39:59",1,8,"","","","",140,0,0,false,false,1,"2026-02-17 21:43:51.287504",false
2127,[OLD] WEB-DEALZONE-080126,50,2,126,"{""componentJson"": [{""id"": 4213, ""isActive"": true, ""displayOrder"": 1}, {""id"": 8212, ""isActive"": true, ""displayOrder"": 2}, {""id"": 7778, ""isActive"": true, ""displayOrder"": 3}, {""id"": 7774, ""isActive"": true, ""displayOrder"": 4}, {""id"": 7455, ""isActive"": true, ""displayOrder"": 5}, {""id"": 7236, ""isActive"": true, ""displayOrder"": 6}, {""id"": 4183, ""isActive"": true, ""displayOrder"": 7}, {""id"": 7238, ""isActive"": true, ""displayOrder"": 8}, {""id"": 7239, ""isActive"": true, ""displayOrder"": 9}]}","2026-02-05 19:57:55.415","2036-01-07 18:05:59",1,8,"","","","",36,0,0,false,false,1,"2026-02-17 21:36:58.422818",false
3628,[OLD] APP-DEALZONE-MAEN-080126,16,2,126,"{""componentJson"": [{""id"": 8213, ""isActive"": true, ""displayOrder"": 1}, {""id"": 7600, ""isActive"": true, ""displayOrder"": 2}, {""id"": 7291, ""isActive"": true, ""displayOrder"": 3}, {""id"": 7314, ""isActive"": true, ""displayOrder"": 4}, {""id"": 7233, ""isActive"": true, ""displayOrder"": 5}, {""id"": 7235, ""isActive"": true, ""displayOrder"": 6}, {""id"": 6980, ""isActive"": true, ""displayOrder"": 7}, {""id"": 7237, ""isActive"": true, ""displayOrder"": 8}]}","2026-02-05 17:26:07.557","2036-01-08 20:39:57",1,8,"","","","",401,1,0,true,false,1,"2026-02-17 21:43:50.944589",false
3789,DENEME LANDINGPAGE4,1,1,1,"{""componentJson"": [{""id"": 5949, ""displayOrder"": 1}]}","2026-02-18 11:04:42.474","2027-02-18 11:03:51.875",5,2,denemeali3,/katalog,"","",0,0,0,false,false,1,"2026-02-18 11:05:16.248332",false
3736,[OLD] WEB-DEALZONE-UA-080126,24,5,126,"{""componentJson"": [{""id"": 7143, ""isActive"": true, ""displayOrder"": 1}, {""id"": 8212, ""isActive"": true, ""displayOrder"": 2}, {""id"": 7774, ""isActive"": true, ""displayOrder"": 3}, {""id"": 7455, ""isActive"": true, ""displayOrder"": 4}, {""id"": 7122, ""isActive"": true, ""displayOrder"": 5}, {""id"": 7236, ""isActive"": true, ""displayOrder"": 6}, {""id"": 7123, ""isActive"": true, ""displayOrder"": 7}, {""id"": 7238, ""isActive"": true, ""displayOrder"": 8}, {""id"": 7239, ""isActive"": true, ""displayOrder"": 9}]}","2026-02-06 03:19:34.426","2036-01-09 03:28:57",1,8,"","","","",210,0,0,false,false,1,"2026-02-17 21:46:10.446864",false
3816,APP-WOMEN-230226,16,10,126,"{""componentJson"": [{""id"": 8223, ""isActive"": true, ""displayOrder"": 1}]}","2026-02-21 01:05:03.287","2036-02-21 16:52:14.221",1,8,"","","","",393,1,0,true,false,1,"2026-02-23 06:55:09.718794",false
3800,[OLD] APP-WOMEN-RSEN-010126,125,9,126,"{""componentJson"": [{""id"": 7275, ""displayOrder"": 1}]}","2026-02-16 02:42:02.024","2036-01-01 03:30:57",6,8,"","","","",,1,0,true,false,1,"2026-02-23 06:48:18.137354",true
3799,[OLD] APP-WOMEN-RSEN-010126,50,7,126,"{""componentJson"": [{""id"": 7275, ""displayOrder"": 1}]}","2026-02-16 01:42:02.024","2036-01-01 02:30:57",6,8,"","","","",,1,0,true,false,1,"2026-02-23 06:48:18.110822",true
3798,[OLD] APP-WOMEN-RSEN-010126,50,2,126,"{""componentJson"": [{""id"": 7275, ""displayOrder"": 1}]}","2026-02-16 01:42:02.024","2036-01-01 02:30:57",6,8,"","","","",,1,0,true,false,1,"2026-02-23 06:48:18.083254",true
4396,WEB-BABALAR-GUNU-LP-2026,1,1,1,"{""componentJson"": [{""id"": 8198, ""isActive"": true, ""displayOrder"": 1}, {""id"": 8211, ""isActive"": true, ""displayOrder"": 2}, {""id"": 8226, ""isActive"": true, ""displayOrder"": 3}, {""id"": 8229, ""isActive"": true, ""displayOrder"": 4}]}","2026-05-25 06:35:29.327","2027-05-22 22:46:13.531",1,2,babalar-gunu,/katalog,"","",0,0,0,false,false,1,"2026-05-22 22:47:39.003482",false
3790,DENEME LANDINGPAGE5,1,1,1,"{""componentJson"": [{""id"": 5949, ""displayOrder"": 1}]}","2026-02-18 11:04:42.474","2027-02-18 11:03:51.875",5,2,denemeali4,/katalog,"","",0,0,0,false,false,1,"2026-02-18 11:22:14.003964",false
2347,[OLD] APP-DEALZONE-080126,13,2,126,"{""componentJson"": [{""id"": 8213, ""isActive"": true, ""displayOrder"": 1}, {""id"": 7600, ""isActive"": true, ""displayOrder"": 2}, {""id"": 7291, ""isActive"": true, ""displayOrder"": 3}, {""id"": 7314, ""isActive"": true, ""displayOrder"": 4}, {""id"": 7229, ""isActive"": true, ""displayOrder"": 5}, {""id"": 7235, ""isActive"": true, ""displayOrder"": 6}, {""id"": 4518, ""isActive"": true, ""displayOrder"": 7}, {""id"": 7237, ""isActive"": true, ""displayOrder"": 8}]}","2026-02-06 05:24:17.557","2036-01-08 08:21:29",1,8,"","","","",31,1,0,true,false,1,"2026-02-17 21:37:45.108137",false
3675,[OLD] WEB-DEALZONE-CREN-080126,58,2,126,"{""componentJson"": [{""id"": 7054, ""isActive"": true, ""displayOrder"": 1}, {""id"": 8212, ""isActive"": true, ""displayOrder"": 2}, {""id"": 7774, ""isActive"": true, ""displayOrder"": 3}, {""id"": 7455, ""isActive"": true, ""displayOrder"": 4}, {""id"": 7236, ""isActive"": true, ""displayOrder"": 5}, {""id"": 7238, ""isActive"": true, ""displayOrder"": 6}, {""id"": 7239, ""isActive"": true, ""displayOrder"": 7}]}","2026-02-05 02:53:14.792","2036-01-09 00:32:59",1,8,"","","","",362,0,0,false,false,1,"2026-02-17 21:45:20.510865",false
3803,APP-WOMEN-230226,125,9,126,"{""componentJson"": [{""id"": 8223, ""isActive"": true, ""displayOrder"": 1}]}","2026-02-21 20:53:06.017","2036-02-21 18:52:14.221",1,8,"","","","",73,1,0,true,false,1,"2026-02-23 06:52:52.382781",false
3802,WEB-WOMEN-230226,125,2,126,"{""componentJson"": [{""id"": 8222, ""isActive"": true, ""displayOrder"": 1}]}","2026-02-22 02:51:33.267","2036-02-22 02:52:14.89",1,8,"","","","",4,0,0,false,false,1,"2026-02-23 06:52:11.973859",false
3801,APP-WOMEN-230226,125,2,126,"{""componentJson"": [{""id"": 8223, ""isActive"": true, ""displayOrder"": 1}]}","2026-02-21 20:51:36.214","2036-02-21 20:52:14.221",1,8,"","","","",9,1,0,true,false,1,"2026-02-23 06:52:09.680762",false
3815,APP-WOMEN-230226,16,2,126,"{""componentJson"": [{""id"": 8223, ""isActive"": true, ""displayOrder"": 1}]}","2026-02-21 01:05:10.357","2036-02-21 16:52:14.221",1,8,"","","","",399,1,0,true,false,1,"2026-02-23 06:55:09.69631",false
2895,[OLD] BIZIM INFLUENCER'IMIZ SENSIN,1,1,115,"{""componentJson"": [{""id"": 5627, ""isActive"": true, ""displayOrder"": 1}]}","2024-08-19 05:19:15","2030-09-14 11:33:00",1,2,influencer-basvurusu,"","","",0,0,0,false,false,1,"2026-02-17 21:40:06.437893",false
3787,DENEME LANDINGPAGE,1,1,1,"{""componentJson"": [{""id"": 6371, ""displayOrder"": 1}]}","2026-02-18 07:31:36.224","2027-02-18 07:18:46.18",1,2,denemeali,"","","",0,0,0,false,false,1,"2026-02-18 07:19:39.877837",false
3791,DENEME LANDINGPAGE6,1,1,1,"{""componentJson"": [{""id"": 5949, ""displayOrder"": 1}]}","2026-02-19 10:55:04.073","2027-02-18 11:03:51.875",1,2,denemeali4,/katalog,"","",0,0,0,false,false,1,"2026-02-18 11:36:10.057188",false
3823,APP-WOMEN-230226,27,10,126,"{""componentJson"": [{""id"": 7275, ""displayOrder"": 1}]}","2026-02-23 06:51:36.214","2036-02-23 06:52:14.221981",6,8,"","","","",,1,0,true,false,1,"2026-02-23 06:55:09.886512",true
3822,APP-WOMEN-230226,27,1,126,"{""componentJson"": [{""id"": 7275, ""displayOrder"": 1}]}","2026-02-23 06:51:36.214","2036-02-23 06:52:14.221981",6,8,"","","","",,1,0,true,false,1,"2026-02-23 06:55:09.864378",true
4334,APP-HOMELP-230226,35,2,126,"{""componentJson"": [{""id"": 8195, ""isActive"": true, ""displayOrder"": 1}]}","2026-04-13 07:05:39.193","2036-02-24 01:17:40.416",1,8,"","","","",652,1,0,true,false,1,"2026-04-13 07:05:23.08863",false
2584,[OLD] DEALZONE-RSEN-080126,125,2,126,"{""componentJson"": [{""id"": 4870, ""isActive"": true, ""displayOrder"": 1}, {""id"": 8212, ""isActive"": true, ""displayOrder"": 2}, {""id"": 7455, ""isActive"": true, ""displayOrder"": 3}, {""id"": 7709, ""isActive"": true, ""displayOrder"": 4}, {""id"": 7236, ""isActive"": true, ""displayOrder"": 5}, {""id"": 4837, ""isActive"": true, ""displayOrder"": 6}, {""id"": 7238, ""isActive"": true, ""displayOrder"": 7}, {""id"": 7239, ""isActive"": true, ""displayOrder"": 8}]}","2026-02-05 15:41:22.118","2036-01-07 14:01:59",1,8,"","","","",7,0,0,false,false,1,"2026-02-17 21:38:47.686904",false
3233,[OLD] DEALZONE-DETR-080126,25,1,126,"{""componentJson"": [{""id"": 8212, ""isActive"": true, ""displayOrder"": 1}, {""id"": 7774, ""isActive"": true, ""displayOrder"": 2}, {""id"": 7455, ""isActive"": true, ""displayOrder"": 3}, {""id"": 6572, ""isActive"": true, ""displayOrder"": 4}, {""id"": 6573, ""isActive"": true, ""displayOrder"": 5}, {""id"": 6574, ""isActive"": true, ""displayOrder"": 6}]}","2026-02-05 04:54:44.556","2036-01-09 03:19:29",1,8,"","","","",120,0,0,false,false,1,"2026-02-17 21:41:27.480241",false
3364,[OLD] APP-DEALZONE-080126,52,2,126,"{""componentJson"": [{""id"": 8213, ""isActive"": true, ""displayOrder"": 1}, {""id"": 7773, ""isActive"": true, ""displayOrder"": 2}, {""id"": 7454, ""isActive"": true, ""displayOrder"": 3}, {""id"": 7235, ""isActive"": true, ""displayOrder"": 4}, {""id"": 6673, ""isActive"": true, ""displayOrder"": 5}, {""id"": 7237, ""isActive"": true, ""displayOrder"": 6}]}","2026-02-06 00:03:00.07","2036-01-09 00:40:29",1,8,"","","","",156,1,0,true,false,1,"2026-02-17 21:42:16.359598",false
3806,APP-WOMEN-230226,8,12,126,"{""componentJson"": [{""id"": 8223, ""isActive"": true, ""displayOrder"": 1}, {""id"": 8062, ""isActive"": true, ""displayOrder"": 2}]}","2026-02-22 06:56:22.134","2036-02-22 04:52:14.221",1,8,"","","","",68,1,0,true,false,1,"2026-02-23 06:55:09.498159",false
3805,APP-WOMEN-230226,8,2,126,"{""componentJson"": [{""id"": 8223, ""isActive"": true, ""displayOrder"": 1}, {""id"": 8062, ""isActive"": true, ""displayOrder"": 2}]}","2026-02-22 11:06:05.731","2036-02-22 08:52:14.221",1,8,"","","","",58,1,0,true,false,1,"2026-02-23 06:55:09.475558",false
3814,APP-WOMEN-230226,13,14,126,"{""componentJson"": [{""id"": 8223, ""isActive"": true, ""displayOrder"": 1}]}","2026-02-23 07:05:15.721","2036-02-23 04:52:14.221",1,8,"","","","",163,1,0,true,false,1,"2026-02-23 06:55:09.674028",false
3812,APP-WOMEN-230226,13,2,126,"{""componentJson"": [{""id"": 8223, ""isActive"": true, ""displayOrder"": 1}]}","2026-02-23 07:05:25.581","2036-02-23 04:52:14.221",1,8,"","","","",28,1,0,true,false,1,"2026-02-23 06:55:09.631504",false
3825,APP-WOMEN-230226,35,23,126,"{""componentJson"": [{""id"": 8223, ""isActive"": true, ""displayOrder"": 1}]}","2026-02-22 16:02:53.659","2036-02-22 13:52:14.221",1,8,"","","","",249,1,0,true,false,1,"2026-02-23 06:55:09.930593",false
3824,APP-WOMEN-230226,35,2,126,"{""componentJson"": [{""id"": 8223, ""isActive"": true, ""displayOrder"": 1}]}","2026-02-22 16:03:49.179","2036-04-20 11:52:08.248",1,8,"","","","",636,1,0,true,false,1,"2026-02-23 06:55:09.908484",false
3804,WEB-WOMEN-230226,125,9,126,"{""componentJson"": [{""id"": 8222, ""isActive"": true, ""displayOrder"": 1}]}","2026-02-22 06:53:14.53","2036-02-22 04:52:14.89",1,8,"","","","",19,0,0,false,false,1,"2026-02-23 06:52:54.538164",false
3821,APP-WOMEN-230226,25,4,126,"{""componentJson"": [{""id"": 8223, ""isActive"": true, ""displayOrder"": 1}]}","2026-02-22 01:04:29.757","2036-02-21 22:52:14.221",1,8,"","","","",510,1,0,true,false,1,"2026-02-23 06:55:09.842255",false
3820,APP-WOMEN-230226,25,1,126,"{""componentJson"": [{""id"": 8223, ""isActive"": true, ""displayOrder"": 1}]}","2026-02-21 21:04:37.787","2036-02-21 18:52:14.221",1,8,"","","","",515,1,0,true,false,1,"2026-02-23 06:55:09.820441",false
3807,APP-WOMEN-230226,9,3,126,"{""componentJson"": [{""id"": 8223, ""isActive"": true, ""displayOrder"": 1}]}","2026-02-23 07:05:58.382","2036-02-23 04:52:14.221",1,8,"","","","",483,1,0,true,false,1,"2026-02-23 06:55:09.520057",false
3810,APP-WOMEN-230226,12,2,126,"{""componentJson"": [{""id"": 8223, ""isActive"": true, ""displayOrder"": 1}]}","2026-02-24 00:05:40.135","2036-02-23 21:52:14.221",1,8,"","","","",493,1,0,true,false,1,"2026-02-23 06:55:09.588373",false
3811,APP-WOMEN-230226,12,8,126,"{""componentJson"": [{""id"": 8223, ""isActive"": true, ""displayOrder"": 1}]}","2026-02-23 22:05:30.298","2036-02-23 19:52:14.221",1,8,"","","","",499,1,0,true,false,1,"2026-02-23 06:55:09.610233",false
3819,APP-WOMEN-230226,24,5,126,"{""componentJson"": [{""id"": 8223, ""isActive"": true, ""displayOrder"": 1}]}","2026-02-22 15:04:43.438","2036-02-22 12:52:14.221",1,8,"","","","",374,1,0,true,false,1,"2026-02-23 06:55:09.798488",false
3809,APP-WOMEN-230226,10,6,126,"{""componentJson"": [{""id"": 8223, ""isActive"": true, ""displayOrder"": 1}]}","2026-02-24 15:05:45.584","2036-04-21 01:53:50.09",1,8,"","","","",334,1,0,true,false,1,"2026-02-23 06:55:09.564599",false
3808,APP-WOMEN-230226,10,3,126,"{""componentJson"": [{""id"": 8223, ""isActive"": true, ""displayOrder"": 1}]}","2026-02-24 17:05:51.752","2036-02-24 14:52:14.221",1,8,"","","","",346,1,0,true,false,1,"2026-02-23 06:55:09.542616",false
3788,DENEME LANDINGPAGE2,1,1,1,"{""componentJson"": [{""id"": 7228, ""displayOrder"": 1}]}","2026-02-18 11:03:13.5","2027-02-18 07:42:30.287",1,2,denemeali2,/katalog,"","",0,0,0,false,false,1,"2026-02-18 07:42:59.308602",false
3826,APP-WOMEN-230226,38,2,126,"{""componentJson"": [{""id"": 7275, ""displayOrder"": 1}]}","2026-02-23 06:51:36.214","2036-02-23 06:52:14.221981",6,8,"","","","",,1,0,true,false,1,"2026-02-23 06:55:09.952643",true
4336,WEB-HOMELP-230226,9,3,126,"{""componentJson"": [{""id"": 8194, ""isActive"": true, ""displayOrder"": 1}]}","2026-04-13 07:09:09.924","2036-02-24 04:17:40.423",1,8,"","","","",584,0,0,false,false,1,"2026-04-13 07:07:56.97323",false
4335,APP-HOMELP-230226,9,3,126,"{""componentJson"": [{""id"": 8195, ""isActive"": true, ""displayOrder"": 1}]}","2026-04-13 07:09:17.279","2036-02-24 04:17:40.416",1,8,"","","","",583,1,0,true,false,1,"2026-04-13 07:07:52.034297",false
2549,[OLD] DEALZONE-GR-080126,35,23,126,"{""componentJson"": [{""id"": 4793, ""isActive"": true, ""displayOrder"": 1}, {""id"": 8212, ""isActive"": true, ""displayOrder"": 2}, {""id"": 7774, ""isActive"": true, ""displayOrder"": 3}, {""id"": 7455, ""isActive"": true, ""displayOrder"": 4}, {""id"": 7236, ""isActive"": true, ""displayOrder"": 5}, {""id"": 7238, ""isActive"": true, ""displayOrder"": 6}, {""id"": 7239, ""isActive"": true, ""displayOrder"": 7}]}","2026-02-05 05:52:27.166","2036-01-09 05:41:57",1,8,"","","","",110,0,0,false,false,1,"2026-02-17 21:38:34.204189",false
2583,[OLD] APP-DEALZONE-RSEN-080126,125,2,126,"{""componentJson"": [{""id"": 8213, ""isActive"": true, ""displayOrder"": 1}, {""id"": 7454, ""isActive"": true, ""displayOrder"": 2}, {""id"": 7710, ""isActive"": true, ""displayOrder"": 3}, {""id"": 7235, ""isActive"": true, ""displayOrder"": 4}, {""id"": 4834, ""isActive"": true, ""displayOrder"": 5}, {""id"": 7237, ""isActive"": true, ""displayOrder"": 6}]}","2026-02-05 21:44:22.308","2036-01-07 20:01:57",1,8,"","","","",12,1,0,true,false,1,"2026-02-17 21:38:47.362584",false
3367,[OLD] WEB-DEALZONE-080126,52,11,126,"{""componentJson"": [{""id"": 6689, ""isActive"": true, ""displayOrder"": 1}, {""id"": 8212, ""isActive"": true, ""displayOrder"": 2}, {""id"": 7774, ""isActive"": true, ""displayOrder"": 3}, {""id"": 7455, ""isActive"": true, ""displayOrder"": 4}, {""id"": 7236, ""isActive"": true, ""displayOrder"": 5}, {""id"": 6670, ""isActive"": true, ""displayOrder"": 6}, {""id"": 7238, ""isActive"": true, ""displayOrder"": 7}, {""id"": 7239, ""isActive"": true, ""displayOrder"": 8}]}","2026-02-06 01:05:36.989","2036-01-09 01:42:36",1,8,"","","","",100,0,0,false,false,1,"2026-02-17 21:42:17.197005",false
3828,APP-WOMEN-230226,50,7,126,"{""componentJson"": [{""id"": 8223, ""isActive"": true, ""displayOrder"": 1}]}","2026-02-22 13:01:49.065","2036-02-22 10:52:14.221",1,8,"","","","",48,1,0,true,false,1,"2026-02-23 06:55:09.998528",false
3827,APP-WOMEN-230226,50,2,126,"{""componentJson"": [{""id"": 8223, ""isActive"": true, ""displayOrder"": 1}]}","2026-02-22 14:56:17.418","2036-02-22 12:52:14.221",1,8,"","","","",38,1,0,true,false,1,"2026-02-23 06:55:09.975151",false
3830,APP-WOMEN-230226,52,11,126,"{""componentJson"": [{""id"": 8223, ""isActive"": true, ""displayOrder"": 1}]}","2026-02-22 15:01:16.074","2036-02-22 12:52:14.221",1,8,"","","","",158,1,0,true,false,1,"2026-02-23 06:55:10.043508",false
3829,APP-WOMEN-230226,52,2,126,"{""componentJson"": [{""id"": 8223, ""isActive"": true, ""displayOrder"": 1}]}","2026-02-22 14:01:09.487","2036-02-22 11:52:14.221",1,8,"","","","",153,1,0,true,false,1,"2026-02-23 06:55:10.020969",false
3832,APP-WOMEN-230226,58,17,126,"{""componentJson"": [{""id"": 8223, ""isActive"": true, ""displayOrder"": 1}]}","2026-02-21 23:00:25.095","2036-02-21 20:52:14.221",1,8,"","","","",449,1,0,true,false,1,"2026-02-23 06:55:10.087671",false
3831,APP-WOMEN-230226,58,2,126,"{""componentJson"": [{""id"": 8223, ""isActive"": true, ""displayOrder"": 1}]}","2026-02-21 19:01:20.758","2036-02-21 16:52:14.221",1,8,"","","","",442,1,0,true,false,1,"2026-02-23 06:55:10.065479",false
3201,[OLD] WEB-ERKEK-ANASAYFASI-YENI-SEZON,1,1,1,"{""componentJson"": [{""id"": 8110, ""isActive"": true, ""displayOrder"": 1}, {""id"": 8262, ""isActive"": true, ""displayOrder"": 2}, {""id"": 8166, ""isActive"": true, ""displayOrder"": 3}, {""id"": 8113, ""isActive"": true, ""displayOrder"": 4}, {""id"": 6439, ""isActive"": true, ""displayOrder"": 5}, {""id"": 7581, ""isActive"": true, ""displayOrder"": 6}, {""id"": 7584, ""isActive"": true, ""displayOrder"": 7}]}","2026-02-16 04:12:22","2035-08-15 05:00:15",1,8,"","","","",95693,0,0,false,false,1,"2026-02-17 21:41:09.994063",false
3365,[OLD] WEB-DEALZONE-080126,52,2,126,"{""componentJson"": [{""id"": 6681, ""isActive"": true, ""displayOrder"": 1}, {""id"": 8212, ""isActive"": true, ""displayOrder"": 2}, {""id"": 7774, ""isActive"": true, ""displayOrder"": 3}, {""id"": 7455, ""isActive"": true, ""displayOrder"": 4}, {""id"": 7236, ""isActive"": true, ""displayOrder"": 5}, {""id"": 6676, ""isActive"": true, ""displayOrder"": 6}, {""id"": 7238, ""isActive"": true, ""displayOrder"": 7}, {""id"": 7239, ""isActive"": true, ""displayOrder"": 8}]}","2026-02-06 01:03:04.514","2036-01-09 01:40:36",1,8,"","","","",95,0,0,false,false,1,"2026-02-17 21:42:16.672917",false
3833,WEB-WOMEN-230226,8,2,126,"{""componentJson"": [{""id"": 8222, ""isActive"": true, ""displayOrder"": 1}, {""id"": 8061, ""isActive"": true, ""displayOrder"": 2}]}","2026-02-22 11:56:25.812","2036-02-22 09:52:14.89",1,8,"","","","",53,0,0,false,false,1,"2026-02-23 06:55:14.092616",false
3856,WEB-WOMEN-230226,50,7,126,"{""componentJson"": [{""id"": 8222, ""isActive"": true, ""displayOrder"": 1}]}","2026-02-22 17:57:40.397","2036-02-22 15:52:14.89",1,8,"","","","",43,0,0,false,false,1,"2026-02-23 06:55:14.612648",false
3855,WEB-WOMEN-230226,50,2,126,"{""componentJson"": [{""id"": 8222, ""isActive"": true, ""displayOrder"": 1}]}","2026-02-22 16:57:46.179","2036-02-22 14:52:14.89",1,8,"","","","",33,0,0,false,false,1,"2026-02-23 06:55:14.59007",false
3842,WEB-WOMEN-230226,13,14,126,"{""componentJson"": [{""id"": 8222, ""isActive"": true, ""displayOrder"": 1}]}","2026-02-23 06:59:07.167","2036-02-23 04:52:14.89",1,8,"","","","",78,0,0,false,false,1,"2026-02-23 06:55:14.296385",false
3841,WEB-WOMEN-230226,13,13,126,"{""componentJson"": [{""id"": 8222, ""isActive"": true, ""displayOrder"": 1}]}","2026-02-23 06:59:12.216","2036-02-23 04:52:14.89",1,8,"","","","",84,0,0,false,false,1,"2026-02-23 06:55:14.272861",false
3853,WEB-WOMEN-230226,35,23,126,"{""componentJson"": [{""id"": 8222, ""isActive"": true, ""displayOrder"": 1}]}","2026-02-22 14:58:03.063","2036-02-22 12:52:14.89",1,8,"","","","",107,0,0,false,false,1,"2026-02-23 06:55:14.545464",false
3852,WEB-WOMEN-230226,35,2,126,"{""componentJson"": [{""id"": 8222, ""isActive"": true, ""displayOrder"": 1}]}","2026-02-22 17:58:08.179","2036-02-22 15:52:14.89",1,8,"","","","",102,0,0,false,false,1,"2026-02-23 06:55:14.52226",false
3849,WEB-WOMEN-230226,25,4,126,"{""componentJson"": [{""id"": 8222, ""isActive"": true, ""displayOrder"": 1}]}","2026-02-22 04:58:24.596","2036-02-22 02:52:14.89",1,8,"","","","",111,0,0,false,false,1,"2026-02-23 06:55:14.45379",false
3848,WEB-WOMEN-230226,25,1,126,"{""componentJson"": [{""id"": 8222, ""isActive"": true, ""displayOrder"": 1}]}","2026-02-22 04:58:32.059","2036-02-22 02:52:14.89",1,8,"","","","",117,0,0,false,false,1,"2026-02-23 06:55:14.431933",false
3854,WEB-WOMEN-230226,38,2,126,"{""componentJson"": [{""id"": 8222, ""isActive"": true, ""displayOrder"": 1}]}","2026-02-22 04:57:57.845","2036-02-22 02:52:14.89",1,8,"","","","",121,0,0,false,false,1,"2026-02-23 06:55:14.567862",false
3858,WEB-WOMEN-230226,52,11,126,"{""componentJson"": [{""id"": 8222, ""isActive"": true, ""displayOrder"": 1}]}","2026-02-22 16:57:30.143","2036-02-22 14:52:14.89",1,8,"","","","",97,0,0,false,false,1,"2026-02-23 06:55:14.657667",false
3857,WEB-WOMEN-230226,52,2,126,"{""componentJson"": [{""id"": 8222, ""isActive"": true, ""displayOrder"": 1}]}","2026-02-22 17:57:35.111","2036-02-22 15:52:14.89",1,8,"","","","",92,0,0,false,false,1,"2026-02-23 06:55:14.634937",false
3851,WEB-WOMEN-230226,27,10,126,"{""componentJson"": [{""id"": 8222, ""isActive"": true, ""displayOrder"": 1}]}","2026-02-22 04:58:12.854","2036-02-22 02:52:14.89",1,8,"","","","",133,0,0,false,false,1,"2026-02-23 06:55:14.499099",false
3850,WEB-WOMEN-230226,27,1,126,"{""componentJson"": [{""id"": 8222, ""isActive"": true, ""displayOrder"": 1}]}","2026-02-22 04:58:17.547","2036-02-22 02:52:14.89",1,8,"","","","",130,0,0,false,false,1,"2026-02-23 06:55:14.476592",false
3835,WEB-WOMEN-230226,9,3,126,"{""componentJson"": [{""id"": 8222, ""isActive"": true, ""displayOrder"": 1}]}","2026-02-23 06:59:59.89","2036-02-23 04:52:14.89",1,8,"","","","",482,0,0,false,false,1,"2026-02-23 06:55:14.140026",false
3839,WEB-WOMEN-230226,12,8,126,"{""componentJson"": [{""id"": 8222, ""isActive"": true, ""displayOrder"": 1}]}","2026-02-23 20:00:19.383","2036-02-23 17:52:14.89",1,8,"","","","",411,0,0,false,false,1,"2026-02-23 06:55:14.229787",false
3845,WEB-WOMEN-230226,16,15,126,"{""componentJson"": [{""id"": 8222, ""isActive"": true, ""displayOrder"": 1}]}","2026-02-21 06:58:50.829","2036-02-21 20:52:14.89",1,8,"","","","",147,0,0,false,false,1,"2026-02-23 06:55:14.360995",false
3844,WEB-WOMEN-230226,16,10,126,"{""componentJson"": [{""id"": 8222, ""isActive"": true, ""displayOrder"": 1}]}","2026-02-21 09:58:56.735","2036-02-21 22:52:14.89",1,8,"","","","",142,0,0,false,false,1,"2026-02-23 06:55:14.339184",false
3843,WEB-WOMEN-230226,16,2,126,"{""componentJson"": [{""id"": 8222, ""isActive"": true, ""displayOrder"": 1}]}","2026-02-21 09:59:01.655","2036-02-21 22:52:14.89",1,8,"","","","",137,0,0,false,false,1,"2026-02-23 06:55:14.317818",false
3860,WEB-WOMEN-230226,58,17,126,"{""componentJson"": [{""id"": 8222, ""isActive"": true, ""displayOrder"": 1}]}","2026-02-22 04:56:48.271","2036-02-22 02:52:14.89",1,8,"","","","",364,0,0,false,false,1,"2026-02-23 06:55:14.701387",false
3859,WEB-WOMEN-230226,58,2,126,"{""componentJson"": [{""id"": 8222, ""isActive"": true, ""displayOrder"": 1}]}","2026-02-22 02:56:56.512","2036-02-22 00:52:14.89",1,8,"","","","",357,0,0,false,false,1,"2026-02-23 06:55:14.679003",false
3847,WEB-WOMEN-230226,24,5,126,"{""componentJson"": [{""id"": 8222, ""isActive"": true, ""displayOrder"": 1}]}","2026-02-22 17:58:36.913","2036-02-22 15:52:14.89",1,8,"","","","",202,0,0,false,false,1,"2026-02-23 06:55:14.409461",false
3846,WEB-WOMEN-230226,24,3,126,"{""componentJson"": [{""id"": 8222, ""isActive"": true, ""displayOrder"": 1}]}","2026-02-22 16:58:42.123","2036-02-22 14:52:14.89",1,8,"","","","",208,0,0,false,false,1,"2026-02-23 06:55:14.382692",false
3837,WEB-WOMEN-230226,10,6,126,"{""componentJson"": [{""id"": 8222, ""isActive"": true, ""displayOrder"": 1}]}","2026-02-24 11:00:11.719","2036-02-24 08:52:14.89",1,8,"","","","",328,0,0,false,false,1,"2026-02-23 06:55:14.18514",false
3836,WEB-WOMEN-230226,10,3,126,"{""componentJson"": [{""id"": 8222, ""isActive"": true, ""displayOrder"": 1}]}","2026-02-24 11:00:06.26","2036-02-24 08:52:14.89",1,8,"","","","",340,0,0,false,false,1,"2026-02-23 06:55:14.163541",false
2126,[OLD] APP-DEALZONE-080126,50,2,126,"{""componentJson"": [{""id"": 8213, ""isActive"": true, ""displayOrder"": 1}, {""id"": 7777, ""isActive"": true, ""displayOrder"": 2}, {""id"": 7773, ""isActive"": true, ""displayOrder"": 3}, {""id"": 7454, ""isActive"": true, ""displayOrder"": 4}, {""id"": 7235, ""isActive"": true, ""displayOrder"": 5}, {""id"": 4180, ""isActive"": true, ""displayOrder"": 6}, {""id"": 7237, ""isActive"": true, ""displayOrder"": 7}]}","2026-02-05 21:09:53.797","2036-01-07 19:05:57",1,8,"","","","",41,1,0,true,false,1,"2026-02-17 21:36:57.986807",false
3359,[OLD] WOMEN-BG-111225,52,11,1,"{""componentJson"": [{""id"": 6665, ""displayOrder"": 1}]}","2026-02-11 04:54:39","2026-02-23 06:57:31.055806",4,8,"","","","",97,0,117747,false,false,0,"2026-02-17 21:42:15.437569",false
3676,[OLD] APP-DEALZONE-CR-080126,58,17,126,"{""componentJson"": [{""id"": 8213, ""isActive"": true, ""displayOrder"": 1}, {""id"": 7773, ""isActive"": true, ""displayOrder"": 2}, {""id"": 7454, ""isActive"": true, ""displayOrder"": 3}, {""id"": 7235, ""isActive"": true, ""displayOrder"": 4}, {""id"": 7237, ""isActive"": true, ""displayOrder"": 5}]}","2026-02-05 02:53:41.919","2036-01-09 00:35:57",1,8,"","","","",448,1,0,true,false,1,"2026-02-17 21:45:20.691061",false
3834,WEB-WOMEN-230226,8,12,126,"{""componentJson"": [{""id"": 8222, ""isActive"": true, ""displayOrder"": 1}, {""id"": 8061, ""isActive"": true, ""displayOrder"": 2}]}","2026-02-22 10:56:31.322","2036-02-22 08:52:14.89",1,8,"","","","",63,0,0,false,false,1,"2026-02-23 06:55:14.117442",false
2750,[OLD] APP-BABALAR-GUNU-LP,1,1,1,"{""componentJson"": [{""id"": 5200, ""displayOrder"": 1}, {""id"": 5201, ""displayOrder"": 2}, {""id"": 5202, ""displayOrder"": 3}, {""id"": 5203, ""displayOrder"": 4}, {""id"": 5204, ""displayOrder"": 5}]}","2024-06-11 11:51:36","2026-06-01 08:21:45.230528",4,2,babalar-gunu-nt,/katalog,Babalar Günü,LC Waikiki Babalar Günü'ne özel sayfasından babanıza en güzel ürünleri satın alarak babalar gününü kutlayabilirsin. Keşfetmek için hemen tıkla!,95675,0,103762,true,false,0,"2026-02-17 21:39:38.040583",false
3203,[OLD] WEB-KADIN-ANASAYFASI-YENI-SEZON,1,1,1,"{""componentJson"": [{""id"": 8237, ""isActive"": true, ""displayOrder"": 1}, {""id"": 8258, ""isActive"": true, ""displayOrder"": 2}, {""id"": 8162, ""isActive"": true, ""displayOrder"": 3}, {""id"": 8041, ""isActive"": true, ""displayOrder"": 4}, {""id"": 7373, ""isActive"": true, ""displayOrder"": 5}, {""id"": 6451, ""isActive"": true, ""displayOrder"": 6}, {""id"": 7738, ""isActive"": true, ""displayOrder"": 7}, {""id"": 7872, ""isActive"": true, ""displayOrder"": 8}]}","2026-02-16 03:12:37","2035-08-15 05:00:13",1,8,"","","","",95691,0,0,false,false,1,"2026-02-17 21:41:10.655489",false
4115,APP-GIRLS-230226,24,3,126,"{""componentJson"": [{""id"": 8260, ""isActive"": true, ""displayOrder"": 1}, {""id"": 7759, ""isActive"": true, ""displayOrder"": 2}]}","2026-02-22 18:46:42.98","2036-02-22 16:43:40.414",1,8,"","","","",382,1,0,true,false,1,"2026-02-23 13:44:04.315507",false
3515,[OLD] WOMEN-FR-111225,27,10,1,"{""componentJson"": [{""id"": 6792, ""displayOrder"": 1}]}","2026-02-16 10:40:32.940147","2026-02-23 06:58:14.017754",4,8,"","","","",133,0,117806,false,false,0,"2026-02-17 21:43:01.942189",false
3222,[OLD] WOMEN-DE-111225,25,4,1,"{""componentJson"": [{""id"": 6555, ""displayOrder"": 1}]}","2026-02-16 10:27:10.311366","2026-02-23 06:58:27.880621",4,8,"","","","",111,0,117787,false,false,0,"2026-02-17 21:41:25.99317",false
4360,WEB-HOMELP-230226,114,2,126,"{""componentJson"": [{""id"": 8089, ""isActive"": true, ""displayOrder"": 1}]}","2026-04-14 10:13:12.905","2036-02-24 00:17:40.423",1,8,"","","","",782,0,0,false,false,1,"2026-04-14 12:12:24.14112",false
3533,[OLD] WEB-DEALZONE-080126,9,3,126,"{""componentJson"": [{""id"": 6814, ""isActive"": true, ""displayOrder"": 1}, {""id"": 8212, ""isActive"": true, ""displayOrder"": 2}, {""id"": 7774, ""isActive"": true, ""displayOrder"": 3}, {""id"": 7455, ""isActive"": true, ""displayOrder"": 4}, {""id"": 7236, ""isActive"": true, ""displayOrder"": 5}, {""id"": 7238, ""isActive"": true, ""displayOrder"": 6}, {""id"": 7239, ""isActive"": true, ""displayOrder"": 7}]}","2026-02-06 05:30:28.781","2036-01-09 11:48:59",1,8,"","","","",506,0,0,false,false,1,"2026-02-17 21:43:10.034595",false
1889,[OLD] DEALZONE-080126,12,2,126,"{""componentJson"": [{""id"": 3785, ""isActive"": true, ""displayOrder"": 1}, {""id"": 8212, ""isActive"": true, ""displayOrder"": 2}, {""id"": 7455, ""isActive"": true, ""displayOrder"": 3}, {""id"": 7709, ""isActive"": true, ""displayOrder"": 4}, {""id"": 7236, ""isActive"": true, ""displayOrder"": 5}, {""id"": 3779, ""isActive"": true, ""displayOrder"": 6}, {""id"": 7238, ""isActive"": true, ""displayOrder"": 7}, {""id"": 7239, ""isActive"": true, ""displayOrder"": 8}]}","2026-02-06 10:29:37.763","2036-01-09 14:45:36",1,8,"","","","",410,0,0,false,true,1,"2026-02-13 00:03:37.9346",false
1926,[OLD] APP-DEALZONE-AL,143,21,126,"{""componentJson"": [{""id"": 8076, ""isActive"": true, ""displayOrder"": 1}, {""id"": 8213, ""isActive"": true, ""displayOrder"": 2}, {""id"": 8077, ""isActive"": true, ""displayOrder"": 3}, {""id"": 3844, ""isActive"": true, ""displayOrder"": 4}, {""id"": 3845, ""isActive"": true, ""displayOrder"": 5}]}","2026-01-29 02:51:12.587","2036-01-29 03:51:27.617",1,8,"","","","",577,1,0,true,false,1,"2026-02-13 00:06:28.172529",false
4022,WEB-GIRLS-230226,12,8,126,"{""componentJson"": [{""id"": 8259, ""isActive"": true, ""displayOrder"": 1}, {""id"": 7758, ""isActive"": true, ""displayOrder"": 2}]}","2026-02-24 05:39:12.023","2036-02-24 03:33:53.011",1,8,"","","","",413,0,0,false,false,1,"2026-02-23 13:34:30.349266",false
4347,APP-HOMELP-230226,155,21,126,"{""componentJson"": [{""id"": 7742, ""displayOrder"": 1}]}","2026-04-13 08:09:17.279","2036-02-24 06:17:40.416",6,8,"","","","",,1,0,true,false,1,"2026-04-14 12:09:59.933844",true
4346,APP-HOMELP-230226,155,2,126,"{""componentJson"": [{""id"": 7742, ""displayOrder"": 1}]}","2026-04-13 08:09:17.279","2036-02-24 06:17:40.416",6,8,"","","","",,1,0,true,false,1,"2026-04-14 12:09:59.912449",true
4344,APP-HOMELP-230226,143,2,126,"{""componentJson"": [{""id"": 7742, ""displayOrder"": 1}]}","2026-04-13 08:09:17.279","2036-02-24 06:17:40.416",6,8,"","","","",,1,0,true,false,1,"2026-04-14 12:09:59.867071",true
4345,APP-HOMELP-230226,143,21,126,"{""componentJson"": [{""id"": 7742, ""displayOrder"": 1}]}","2026-04-13 08:09:17.279","2036-02-24 06:17:40.416",6,8,"","","","",,1,0,true,false,1,"2026-04-14 12:09:59.891525",true
4343,APP-HOMELP-230226,138,16,126,"{""componentJson"": [{""id"": 7742, ""displayOrder"": 1}]}","2026-04-13 08:09:17.279","2036-02-24 06:17:40.416",6,8,"","","","",,1,0,true,false,1,"2026-04-14 12:09:59.845791",true
4342,APP-HOMELP-230226,138,2,126,"{""componentJson"": [{""id"": 7742, ""displayOrder"": 1}]}","2026-04-13 08:09:17.279","2036-02-24 06:17:40.416",6,8,"","","","",,1,0,true,false,1,"2026-04-14 12:09:59.819905",true
4339,APP-HOMELP-230226,114,22,126,"{""componentJson"": [{""id"": 7742, ""displayOrder"": 1}]}","2026-04-13 08:09:17.279","2036-02-24 06:17:40.416",6,8,"","","","",,1,0,true,false,1,"2026-04-14 12:09:59.7553",true
4340,APP-HOMELP-230226,119,2,126,"{""componentJson"": [{""id"": 7742, ""displayOrder"": 1}]}","2026-04-13 08:09:17.279","2036-02-24 06:17:40.416",6,8,"","","","",,1,0,true,false,1,"2026-04-14 12:09:59.777371",true
4341,APP-HOMELP-230226,119,20,126,"{""componentJson"": [{""id"": 7742, ""displayOrder"": 1}]}","2026-04-13 08:09:17.279","2036-02-24 06:17:40.416",6,8,"","","","",,1,0,true,false,1,"2026-04-14 12:09:59.798588",true
4337,APP-HOMELP-230226,114,2,126,"{""componentJson"": [{""id"": 7742, ""displayOrder"": 1}]}","2026-04-13 08:09:17.279","2036-02-24 06:17:40.416",6,8,"","","","",,1,0,true,false,1,"2026-04-14 12:09:59.706955",true
4338,APP-HOMELP-230226,114,21,126,"{""componentJson"": [{""id"": 7742, ""displayOrder"": 1}]}","2026-04-13 08:09:17.279","2036-02-24 06:17:40.416",6,8,"","","","",,1,0,true,false,1,"2026-04-14 12:09:59.733763",true
2981,[OLD] APP-KADIN-TISORT-MODELLERI-LP,1,1,1,"{""componentJson"": [{""id"": 7818, ""displayOrder"": 1}]}","2025-06-02 05:45:22","2030-01-01 00:00:00",1,2,tisort-kombin-kadin-nt,/katalog,"","",0,1,0,true,false,1,"2026-02-17 21:40:23.858961",false
4374,WEB-HOMELP-230226,119,20,126,"{""componentJson"": [{""id"": 8089, ""isActive"": true, ""displayOrder"": 1}]}","2026-04-14 10:14:25.485","2036-02-23 22:17:40.423",1,8,"","","","",765,0,0,false,false,1,"2026-04-14 12:13:41.68504",false
4373,WEB-HOMELP-230226,119,2,126,"{""componentJson"": [{""id"": 8089, ""isActive"": true, ""displayOrder"": 1}]}","2026-04-14 10:14:30.72","2036-02-23 22:17:40.423",1,8,"","","","",768,0,0,false,false,1,"2026-04-14 12:13:41.664802",false
3510,[OLD] WOMEN-FRTR-111225,27,1,1,"{""componentJson"": [{""id"": 6787, ""displayOrder"": 1}]}","2026-02-16 10:42:02.015797","2026-02-23 06:58:18.591556",4,8,"","","","",130,0,117796,false,false,0,"2026-02-17 21:43:01.505798",false
4376,WEB-HOMELP-230226,138,16,126,"{""componentJson"": [{""id"": 8089, ""isActive"": true, ""displayOrder"": 1}]}","2026-04-14 10:14:12.564","2036-02-23 22:17:40.423",1,8,"","","","",772,0,0,false,false,1,"2026-04-14 12:13:41.726214",false
4375,WEB-HOMELP-230226,138,2,126,"{""componentJson"": [{""id"": 8089, ""isActive"": true, ""displayOrder"": 1}]}","2026-04-14 10:14:18.071","2036-02-23 22:17:40.423",1,8,"","","","",770,0,0,false,false,1,"2026-04-14 12:13:41.705416",false
4372,WEB-HOMELP-230226,114,22,126,"{""componentJson"": [{""id"": 8089, ""isActive"": true, ""displayOrder"": 1}]}","2026-04-14 10:14:37.513","2036-02-23 22:17:40.423",1,8,"","","","",786,0,0,false,false,1,"2026-04-14 12:13:41.640781",false
4371,WEB-HOMELP-230226,114,21,126,"{""componentJson"": [{""id"": 8089, ""isActive"": true, ""displayOrder"": 1}]}","2026-04-14 10:14:43.194","2036-02-23 22:17:40.423",1,8,"","","","",784,0,0,false,false,1,"2026-04-14 12:13:41.620717",false
4359,APP-HOMELP-230226,114,2,126,"{""componentJson"": [{""id"": 8088, ""isActive"": true, ""displayOrder"": 1}]}","2026-04-14 10:13:01.59","2036-02-24 00:17:40.416",1,8,"","","","",781,1,0,true,false,1,"2026-04-14 12:12:18.023636",false
4358,WEB-HOMELP-230226,155,21,126,"{""componentJson"": [{""id"": 7737, ""displayOrder"": 1}]}","2026-04-13 08:09:09.924","2036-02-24 06:17:40.423",6,8,"","","","",,0,0,false,false,1,"2026-04-14 12:10:17.295768",true
4357,WEB-HOMELP-230226,155,2,126,"{""componentJson"": [{""id"": 7737, ""displayOrder"": 1}]}","2026-04-13 08:09:09.924","2036-02-24 06:17:40.423",6,8,"","","","",,0,0,false,false,1,"2026-04-14 12:10:17.274113",true
4356,WEB-HOMELP-230226,143,21,126,"{""componentJson"": [{""id"": 7737, ""displayOrder"": 1}]}","2026-04-13 08:09:09.924","2036-02-24 06:17:40.423",6,8,"","","","",,0,0,false,false,1,"2026-04-14 12:10:17.253907",true
4355,WEB-HOMELP-230226,143,2,126,"{""componentJson"": [{""id"": 7737, ""displayOrder"": 1}]}","2026-04-13 08:09:09.924","2036-02-24 06:17:40.423",6,8,"","","","",,0,0,false,false,1,"2026-04-14 12:10:17.233394",true
4353,WEB-HOMELP-230226,138,2,126,"{""componentJson"": [{""id"": 7737, ""displayOrder"": 1}]}","2026-04-13 08:09:09.924","2036-02-24 06:17:40.423",6,8,"","","","",,0,0,false,false,1,"2026-04-14 12:10:17.193027",true
4351,WEB-HOMELP-230226,119,2,126,"{""componentJson"": [{""id"": 7737, ""displayOrder"": 1}]}","2026-04-13 08:09:09.924","2036-02-24 06:17:40.423",6,8,"","","","",,0,0,false,false,1,"2026-04-14 12:10:17.152317",true
4350,WEB-HOMELP-230226,114,22,126,"{""componentJson"": [{""id"": 7737, ""displayOrder"": 1}]}","2026-04-13 08:09:09.924","2036-02-24 06:17:40.423",6,8,"","","","",,0,0,false,false,1,"2026-04-14 12:10:17.129712",true
4352,WEB-HOMELP-230226,119,20,126,"{""componentJson"": [{""id"": 7737, ""displayOrder"": 1}]}","2026-04-13 08:09:09.924","2036-02-24 06:17:40.423",6,8,"","","","",,0,0,false,false,1,"2026-04-14 12:10:17.173278",true
4349,WEB-HOMELP-230226,114,21,126,"{""componentJson"": [{""id"": 7737, ""displayOrder"": 1}]}","2026-04-13 08:09:09.924","2036-02-24 06:17:40.423",6,8,"","","","",,0,0,false,false,1,"2026-04-14 12:10:17.108632",true
4348,WEB-HOMELP-230226,114,2,126,"{""componentJson"": [{""id"": 7737, ""displayOrder"": 1}]}","2026-04-13 08:09:09.924","2036-02-24 06:17:40.423",6,8,"","","","",,0,0,false,false,1,"2026-04-14 12:10:17.087501",true
4354,WEB-HOMELP-230226,138,16,126,"{""componentJson"": [{""id"": 7737, ""displayOrder"": 1}]}","2026-04-13 08:09:09.924","2036-02-24 06:17:40.423",6,8,"","","","",,0,0,false,false,1,"2026-04-14 12:10:17.213404",true
4378,WEB-HOMELP-230226,143,21,126,"{""componentJson"": [{""id"": 8194, ""isActive"": true, ""displayOrder"": 1}]}","2026-04-14 09:14:00.188","2036-02-23 20:17:40.423",1,8,"","","","",776,0,0,false,false,1,"2026-04-14 12:13:41.766142",false
4377,WEB-HOMELP-230226,143,2,126,"{""componentJson"": [{""id"": 8194, ""isActive"": true, ""displayOrder"": 1}]}","2026-04-14 09:14:06.656","2036-02-23 20:17:40.423",1,8,"","","","",774,0,0,false,false,1,"2026-04-14 12:13:41.745973",false
4380,WEB-HOMELP-230226,155,21,126,"{""componentJson"": [{""id"": 8194, ""isActive"": true, ""displayOrder"": 1}]}","2026-04-14 08:13:47.736","2036-02-23 18:17:40.423",1,8,"","","","",778,0,0,false,false,1,"2026-04-14 12:13:41.810488",false
4379,WEB-HOMELP-230226,155,2,126,"{""componentJson"": [{""id"": 8194, ""isActive"": true, ""displayOrder"": 1}]}","2026-04-14 09:13:53.519","2036-02-23 20:17:40.423",1,8,"","","","",780,0,0,false,false,1,"2026-04-14 12:13:41.790431",false
3234,[OLD] APP-DEALZONE-TR,25,1,126,"{""componentJson"": [{""id"": 8213, ""isActive"": true, ""displayOrder"": 1}, {""id"": 7773, ""isActive"": true, ""displayOrder"": 2}, {""id"": 7454, ""isActive"": true, ""displayOrder"": 3}, {""id"": 6576, ""isActive"": true, ""displayOrder"": 4}, {""id"": 6577, ""isActive"": true, ""displayOrder"": 5}]}","2026-02-05 04:54:51.425","2036-01-09 04:16:29",1,8,"","","","",520,1,0,true,false,1,"2026-02-17 21:41:27.718354",false
3777,[OLD] DEALZONE-KZ-080126,10,6,126,"{""componentJson"": [{""id"": 7209, ""isActive"": true, ""displayOrder"": 1}, {""id"": 8212, ""isActive"": true, ""displayOrder"": 2}, {""id"": 7601, ""isActive"": true, ""displayOrder"": 3}, {""id"": 7292, ""isActive"": true, ""displayOrder"": 4}, {""id"": 7234, ""isActive"": true, ""displayOrder"": 5}, {""id"": 7315, ""isActive"": true, ""displayOrder"": 6}, {""id"": 7236, ""isActive"": true, ""displayOrder"": 7}, {""id"": 7187, ""isActive"": true, ""displayOrder"": 8}, {""id"": 7238, ""isActive"": true, ""displayOrder"": 9}, {""id"": 7239, ""isActive"": true, ""displayOrder"": 10}, {""id"": 7214, ""isActive"": true, ""displayOrder"": 11}]}","2026-02-06 19:32:30.056","2036-01-10 01:08:36",1,8,"","","","",354,0,0,false,false,1,"2026-02-17 21:46:23.615079",false
4381,ERKEK-TISORT-MODELLERI-LP,1,1,1,"{""componentJson"": [{""id"": 7821, ""displayOrder"": 1}]}","2026-04-19 05:54:15.459","2030-04-22 05:45:50",1,2,tisort-kombin-erkek,/katalog,"","",0,0,0,false,false,1,"2026-04-20 05:46:39.777687",false
4364,APP-HOMELP-230226,119,20,126,"{""componentJson"": [{""id"": 8088, ""isActive"": true, ""displayOrder"": 1}]}","2026-04-14 10:15:26.784","2036-02-23 22:17:40.416",1,8,"","","","",766,1,0,true,false,1,"2026-04-14 12:13:25.938401",false
4363,APP-HOMELP-230226,119,2,126,"{""componentJson"": [{""id"": 8088, ""isActive"": true, ""displayOrder"": 1}]}","2026-04-14 10:15:32.533","2036-02-23 22:17:40.416",1,8,"","","","",767,1,0,true,false,1,"2026-04-14 12:13:25.909343",false
3611,[OLD] WOMEN-MAAR-111225,16,15,1,"{""componentJson"": [{""id"": 6949, ""displayOrder"": 1}]}","2026-02-17 12:33:56.200192","2026-02-23 06:58:51.895381",4,8,"","","","",147,0,117706,false,false,0,"2026-02-17 21:43:48.65782",false
3758,[OLD] WOMEN-KZRU-111225,10,3,1,"{""componentJson"": [{""id"": 7171, ""displayOrder"": 1}]}","2026-02-11 01:56:38","2026-02-23 07:00:08.911255",4,8,"","","","",340,0,117645,false,false,0,"2026-02-17 21:46:20.552773",false
4366,APP-HOMELP-230226,138,16,126,"{""componentJson"": [{""id"": 8088, ""isActive"": true, ""displayOrder"": 1}]}","2026-04-14 10:15:15.386","2036-02-23 22:17:40.416",1,8,"","","","",771,1,0,true,false,1,"2026-04-14 12:13:25.983807",false
4365,APP-HOMELP-230226,138,2,126,"{""componentJson"": [{""id"": 8088, ""isActive"": true, ""displayOrder"": 1}]}","2026-04-14 10:15:20.475","2036-02-23 22:17:40.416",1,8,"","","","",769,1,0,true,false,1,"2026-04-14 12:13:25.961133",false
4362,APP-HOMELP-230226,114,22,126,"{""componentJson"": [{""id"": 8088, ""isActive"": true, ""displayOrder"": 1}]}","2026-04-14 10:15:38.65","2036-02-23 22:17:40.416",1,8,"","","","",785,1,0,true,false,1,"2026-04-14 12:13:25.886422",false
4361,APP-HOMELP-230226,114,21,126,"{""componentJson"": [{""id"": 8088, ""isActive"": true, ""displayOrder"": 1}]}","2026-04-14 10:15:44.296","2036-02-23 22:17:40.416",1,8,"","","","",783,1,0,true,false,1,"2026-04-14 12:13:25.863066",false
4368,APP-HOMELP-230226,143,21,126,"{""componentJson"": [{""id"": 8195, ""isActive"": true, ""displayOrder"": 1}]}","2026-04-14 09:15:02.916","2036-02-23 20:17:40.416",1,8,"","","","",775,1,0,true,false,1,"2026-04-14 12:13:26.047366",false
4367,APP-HOMELP-230226,143,2,126,"{""componentJson"": [{""id"": 8195, ""isActive"": true, ""displayOrder"": 1}]}","2026-04-14 09:15:07.944","2036-02-23 20:17:40.416",1,8,"","","","",773,1,0,true,false,1,"2026-04-14 12:13:26.011518",false
4370,APP-HOMELP-230226,155,21,126,"{""componentJson"": [{""id"": 8195, ""isActive"": true, ""displayOrder"": 1}]}","2026-04-14 09:14:49.406","2036-02-23 20:17:40.416",1,8,"","","","",777,1,0,true,false,1,"2026-04-14 12:13:26.093636",false
4369,APP-HOMELP-230226,155,2,126,"{""componentJson"": [{""id"": 8195, ""isActive"": true, ""displayOrder"": 1}]}","2026-04-14 09:14:54.146","2036-02-23 20:17:40.416",1,8,"","","","",779,1,0,true,false,1,"2026-04-14 12:13:26.07088",false
4382,APP-ERKEK-TISORT-MODELLERI-LP,1,1,1,"{""componentJson"": [{""id"": 7820, ""displayOrder"": 1}]}","2026-04-20 05:54:06.027","2030-04-22 05:47:11",1,2,tisort-kombin-erkek-nt,/katalog,"","",0,1,0,true,false,1,"2026-04-20 05:48:22.365554",false
3792,[OLD] APP-WOMEN-GR-111225,35,2,1,"{""componentJson"": [{""id"": 7755, ""displayOrder"": 1}]}","2026-02-19 13:17:13.41","2026-04-20 11:52:08.237467",4,8,"","","","",636,1,0,true,false,1,"2026-02-19 15:17:03.786683",false
3205,[OLD] WEB-FIRSAT-ALANI-ANASAYFASI-YENI-SEZON,1,1,1,"{""componentJson"": [{""id"": 7907, ""isActive"": true, ""displayOrder"": 1}, {""id"": 6459, ""isActive"": true, ""displayOrder"": 2}, {""id"": 7543, ""isActive"": true, ""displayOrder"": 3}, {""id"": 6462, ""isActive"": true, ""displayOrder"": 4}, {""id"": 6461, ""isActive"": true, ""displayOrder"": 5}, {""id"": 6463, ""isActive"": true, ""displayOrder"": 6}, {""id"": 6464, ""isActive"": true, ""displayOrder"": 7}, {""id"": 6465, ""isActive"": true, ""displayOrder"": 8}, {""id"": 8253, ""isActive"": true, ""displayOrder"": 9}, {""id"": 8255, ""isActive"": true, ""displayOrder"": 10}, {""id"": 8241, ""isActive"": true, ""displayOrder"": 11}, {""id"": 7696, ""isActive"": true, ""displayOrder"": 12}, {""id"": 8274, ""isActive"": true, ""displayOrder"": 13}, {""id"": 8244, ""isActive"": true, ""displayOrder"": 14}, {""id"": 7701, ""isActive"": true, ""displayOrder"": 15}, {""id"": 8275, ""isActive"": true, ""displayOrder"": 16}, {""id"": 8246, ""isActive"": true, ""displayOrder"": 17}, {""id"": 7612, ""isActive"": true, ""displayOrder"": 18}, {""id"": 8276, ""isActive"": true, ""displayOrder"": 19}, {""id"": 8249, ""isActive"": true, ""displayOrder"": 20}, {""id"": 7704, ""isActive"": true, ""displayOrder"": 21}, {""id"": 8277, ""isActive"": true, ""displayOrder"": 22}, {""id"": 8252, ""isActive"": true, ""displayOrder"": 23}, {""id"": 7707, ""isActive"": true, ""displayOrder"": 24}, {""id"": 8278, ""isActive"": true, ""displayOrder"": 25}]}","2026-02-16 08:06:17.355","2035-08-15 08:59:54",1,8,"","","","",95700,0,0,false,false,1,"2026-02-17 21:41:11.949519",false
3206,[OLD] APP-FIRSAT-ALANI-ANASAYFASI-YENI-SEZON,1,1,1,"{""componentJson"": [{""id"": 7906, ""isActive"": true, ""displayOrder"": 1}, {""id"": 6476, ""isActive"": true, ""displayOrder"": 2}, {""id"": 7542, ""isActive"": true, ""displayOrder"": 3}, {""id"": 6478, ""isActive"": true, ""displayOrder"": 4}, {""id"": 6479, ""isActive"": true, ""displayOrder"": 5}, {""id"": 6480, ""isActive"": true, ""displayOrder"": 6}, {""id"": 6481, ""isActive"": true, ""displayOrder"": 7}, {""id"": 6482, ""isActive"": true, ""displayOrder"": 8}, {""id"": 6483, ""isActive"": true, ""displayOrder"": 9}, {""id"": 8254, ""isActive"": true, ""displayOrder"": 10}, {""id"": 8256, ""isActive"": true, ""displayOrder"": 11}, {""id"": 8242, ""isActive"": true, ""displayOrder"": 12}, {""id"": 7697, ""isActive"": true, ""displayOrder"": 13}, {""id"": 8267, ""isActive"": true, ""displayOrder"": 14}, {""id"": 8245, ""isActive"": true, ""displayOrder"": 15}, {""id"": 7700, ""isActive"": true, ""displayOrder"": 16}, {""id"": 8269, ""isActive"": true, ""displayOrder"": 17}, {""id"": 8247, ""isActive"": true, ""displayOrder"": 18}, {""id"": 7734, ""isActive"": true, ""displayOrder"": 19}, {""id"": 8271, ""isActive"": true, ""displayOrder"": 20}, {""id"": 8250, ""isActive"": true, ""displayOrder"": 21}, {""id"": 7705, ""isActive"": true, ""displayOrder"": 22}, {""id"": 8272, ""isActive"": true, ""displayOrder"": 23}, {""id"": 8251, ""isActive"": true, ""displayOrder"": 24}, {""id"": 7708, ""isActive"": true, ""displayOrder"": 25}, {""id"": 8273, ""isActive"": true, ""displayOrder"": 26}]}","2026-02-16 08:06:11.174","2035-08-15 09:11:13",1,8,"","","","",95690,1,0,true,false,1,"2026-02-17 21:41:12.908132",false
3862,APP-BOYS-230226,125,2,1,"{""componentJson"": [{""id"": 8248, ""isActive"": true, ""displayOrder"": 1}]}","2026-02-22 08:14:56.433","2036-02-22 08:15:40.457",1,8,"","","","",234,1,0,true,false,1,"2026-02-23 10:15:28.922726",false
4383,WEB-KIZCOCUK-PLAJ-LP-2026,1,1,1,"{""componentJson"": [{""id"": 7983, ""isActive"": true, ""displayOrder"": 1}, {""id"": 7984, ""isActive"": true, ""displayOrder"": 2}, {""id"": 7985, ""isActive"": true, ""displayOrder"": 3}, {""id"": 7999, ""isActive"": true, ""displayOrder"": 4}]}","2026-05-06 08:33:21.339","2030-05-06 07:55:48.618",1,2,kiz-cocuk-plaj-hazirliklari,/katalog,"","",0,0,0,false,false,1,"2026-05-06 08:08:04.73617",false
3861,WEB-BOYS-230226,125,2,1,"{""componentJson"": [{""id"": 8243, ""isActive"": true, ""displayOrder"": 1}]}","2026-02-22 06:14:59.562","2036-02-22 06:15:40.439",1,8,"","","","",178,0,0,false,false,1,"2026-02-23 10:15:28.666569",false
4391,TEST-ALI,1,1,1,"{""componentJson"": []}","2026-05-06 10:16:40.451","2027-05-06 10:15:10.592",1,2,test-ali,/proje,"","",0,0,0,false,false,1,"2026-05-06 10:15:36.354401",true
3891,APP-BOYS-230226,125,9,1,"{""componentJson"": [{""id"": 8248, ""isActive"": true, ""displayOrder"": 1}]}","2026-02-22 02:24:50.873","2036-02-22 00:15:40.457",1,8,"","","","",231,1,0,true,false,1,"2026-02-23 10:17:06.001014",false
3890,APP-BOYS-230226,58,17,1,"{""componentJson"": [{""id"": 8248, ""isActive"": true, ""displayOrder"": 1}]}","2026-02-22 04:24:39.578","2036-02-22 02:15:40.457",1,8,"","","","",452,1,0,true,false,1,"2026-02-23 10:17:05.978982",false
3889,APP-BOYS-230226,58,2,1,"{""componentJson"": [{""id"": 8248, ""isActive"": true, ""displayOrder"": 1}]}","2026-02-22 02:24:22.262","2036-02-22 00:15:40.457",1,8,"","","","",445,1,0,true,false,1,"2026-02-23 10:17:05.95632",false
3880,APP-BOYS-230226,27,1,126,"{""componentJson"": [{""id"": 7280, ""displayOrder"": 1}]}","2026-02-23 10:14:56.433","2036-02-23 10:15:40.457104",6,8,"","","","",,1,0,true,false,1,"2026-02-23 10:17:05.734728",true
3881,APP-BOYS-230226,27,10,126,"{""componentJson"": [{""id"": 7280, ""displayOrder"": 1}]}","2026-02-23 10:14:56.433","2036-02-23 10:15:40.457104",6,8,"","","","",,1,0,true,false,1,"2026-02-23 10:17:05.767964",true
3888,APP-BOYS-230226,52,11,1,"{""componentJson"": [{""id"": 8248, ""isActive"": true, ""displayOrder"": 1}]}","2026-02-22 18:24:13.487","2036-02-22 16:15:40.457",1,8,"","","","",266,1,0,true,false,1,"2026-02-23 10:17:05.934447",false
3887,APP-BOYS-230226,52,2,1,"{""componentJson"": [{""id"": 8248, ""isActive"": true, ""displayOrder"": 1}]}","2026-02-22 19:23:51.016","2036-02-22 17:15:40.457",1,8,"","","","",260,1,0,true,false,1,"2026-02-23 10:17:05.911905",false
3884,APP-BOYS-230226,38,2,126,"{""componentJson"": [{""id"": 7280, ""displayOrder"": 1}]}","2026-02-23 10:14:56.433","2036-02-23 10:15:40.457104",6,8,"","","","",,1,0,true,false,1,"2026-02-23 10:17:05.835094",true
3886,APP-BOYS-230226,50,7,1,"{""componentJson"": [{""id"": 8248, ""isActive"": true, ""displayOrder"": 1}]}","2026-02-22 18:23:41.48","2036-02-22 16:15:40.457",1,8,"","","","",228,1,0,true,false,1,"2026-02-23 10:17:05.889489",false
3885,APP-BOYS-230226,50,2,1,"{""componentJson"": [{""id"": 8248, ""isActive"": true, ""displayOrder"": 1}]}","2026-02-22 19:23:28.407","2036-02-22 17:15:40.457",1,8,"","","","",225,1,0,true,false,1,"2026-02-23 10:17:05.856951",false
3883,APP-BOYS-230226,35,23,1,"{""componentJson"": [{""id"": 8248, ""isActive"": true, ""displayOrder"": 1}]}","2026-02-22 20:23:10.826","2036-02-22 18:15:40.457",1,8,"","","","",254,1,0,true,false,1,"2026-02-23 10:17:05.811886",false
3882,APP-BOYS-230226,35,2,1,"{""componentJson"": [{""id"": 8248, ""isActive"": true, ""displayOrder"": 1}]}","2026-02-22 19:22:59.674","2036-02-22 17:15:40.457",1,8,"","","","",247,1,0,true,false,1,"2026-02-23 10:17:05.78984",false
3877,APP-BOYS-230226,24,5,1,"{""componentJson"": [{""id"": 8248, ""isActive"": true, ""displayOrder"": 1}]}","2026-02-22 20:22:01.464","2036-02-22 18:15:40.457",1,8,"","","","",377,1,0,true,false,1,"2026-02-23 10:17:05.667468",false
3875,APP-BOYS-230226,16,15,1,"{""componentJson"": [{""id"": 8248, ""isActive"": true, ""displayOrder"": 1}]}","2026-02-21 16:21:36.944","2036-02-22 04:15:40.457",1,8,"","","","",390,1,0,true,false,1,"2026-02-23 10:17:05.619387",false
3874,APP-BOYS-230226,16,10,1,"{""componentJson"": [{""id"": 8248, ""isActive"": true, ""displayOrder"": 1}]}","2026-02-21 16:21:22.759","2036-02-22 04:15:40.457",1,8,"","","","",397,1,0,true,false,1,"2026-02-23 10:17:05.596944",false
3873,APP-BOYS-230226,16,2,1,"{""componentJson"": [{""id"": 8248, ""isActive"": true, ""displayOrder"": 1}]}","2026-02-21 16:21:11.623","2036-02-22 04:15:40.457",1,8,"","","","",403,1,0,true,false,1,"2026-02-23 10:17:05.574205",false
3872,APP-BOYS-230226,13,14,1,"{""componentJson"": [{""id"": 8248, ""isActive"": true, ""displayOrder"": 1}]}","2026-02-23 10:20:57.527","2036-02-23 08:15:40.457",1,8,"","","","",305,1,0,true,false,1,"2026-02-23 10:17:05.552018",false
3871,APP-BOYS-230226,13,13,1,"{""componentJson"": [{""id"": 8248, ""isActive"": true, ""displayOrder"": 1}]}","2026-02-23 10:20:23.682","2036-02-23 08:15:40.457",1,8,"","","","",307,1,0,true,false,1,"2026-02-23 10:17:05.529569",false
3869,APP-BOYS-230226,12,8,1,"{""componentJson"": [{""id"": 8248, ""isActive"": true, ""displayOrder"": 1}]}","2026-02-24 01:19:54.059","2036-02-23 23:15:40.457",1,8,"","","","",502,1,0,true,false,1,"2026-02-23 10:17:05.484762",false
3867,APP-BOYS-230226,10,6,1,"{""componentJson"": [{""id"": 8248, ""isActive"": true, ""displayOrder"": 1}]}","2026-02-24 20:19:31.903","2036-02-24 18:15:40.457",1,8,"","","","",337,1,0,true,false,1,"2026-02-23 10:17:05.440096",false
3866,APP-BOYS-230226,10,3,1,"{""componentJson"": [{""id"": 8248, ""isActive"": true, ""displayOrder"": 1}]}","2026-02-24 16:19:07.445","2036-02-24 14:15:40.457",1,8,"","","","",349,1,0,true,false,1,"2026-02-23 10:17:05.416529",false
3864,APP-BOYS-230226,8,12,1,"{""componentJson"": [{""id"": 8248, ""isActive"": true, ""displayOrder"": 1}, {""id"": 8231, ""isActive"": true, ""displayOrder"": 2}]}","2026-02-22 15:18:32.336","2036-02-22 13:15:40.457",1,8,"","","","",240,1,0,true,false,1,"2026-02-23 10:17:05.364059",false
3896,WEB-BOYS-230226,10,6,1,"{""componentJson"": [{""id"": 8243, ""isActive"": true, ""displayOrder"": 1}]}","2026-02-24 14:26:22.772","2036-02-24 12:15:40.439",1,8,"","","","",331,0,0,false,false,1,"2026-02-23 10:17:08.46522",false
3895,WEB-BOYS-230226,10,3,1,"{""componentJson"": [{""id"": 8243, ""isActive"": true, ""displayOrder"": 1}]}","2026-02-24 14:25:51.538","2036-02-24 12:15:40.439",1,8,"","","","",343,0,0,false,false,1,"2026-02-23 10:17:08.442699",false
3894,WEB-BOYS-230226,9,3,1,"{""componentJson"": [{""id"": 8243, ""isActive"": true, ""displayOrder"": 1}]}","2026-02-23 10:25:33.43","2036-02-23 08:15:40.439",1,8,"","","","",490,0,0,false,false,1,"2026-02-23 10:17:08.420718",false
3892,WEB-BOYS-230226,8,2,1,"{""componentJson"": [{""id"": 8243, ""isActive"": true, ""displayOrder"": 1}, {""id"": 8230, ""isActive"": true, ""displayOrder"": 2}]}","2026-02-22 18:24:57.138","2036-02-22 16:15:40.439",1,8,"","","","",190,0,0,false,false,1,"2026-02-23 10:17:08.372164",false
4033,WEB-GIRLS-230226,27,1,126,"{""componentJson"": [{""id"": 8259, ""isActive"": true, ""displayOrder"": 1}, {""id"": 7758, ""isActive"": true, ""displayOrder"": 2}]}","2026-02-22 05:36:40.691","2036-02-22 03:33:53.011",1,8,"","","","",289,0,0,false,false,1,"2026-02-23 13:34:30.607591",false
4042,WEB-GIRLS-230226,58,2,126,"{""componentJson"": [{""id"": 8259, ""isActive"": true, ""displayOrder"": 1}, {""id"": 7758, ""isActive"": true, ""displayOrder"": 2}]}","2026-02-22 05:35:03.485","2036-02-22 03:33:53.011",1,8,"","","","",359,0,0,false,false,1,"2026-02-23 13:34:30.809886",false
4384,APP-KIZCOCUK-PLAJ-LP-2026,1,1,1,"{""componentJson"": [{""id"": 7991, ""isActive"": true, ""displayOrder"": 1}, {""id"": 7993, ""isActive"": true, ""displayOrder"": 2}]}","2026-05-06 08:37:21.17","2030-05-06 08:08:17.565",1,2,kiz-cocuk-plaj-hazirliklari-nt,/katalog,"","",0,1,0,true,false,1,"2026-05-06 08:09:32.795364",false
3863,APP-BOYS-230226,8,2,1,"{""componentJson"": [{""id"": 8248, ""isActive"": true, ""displayOrder"": 1}, {""id"": 8231, ""isActive"": true, ""displayOrder"": 2}]}","2026-02-22 17:18:03.743","2036-02-22 15:15:40.457",1,8,"","","","",237,1,0,true,false,1,"2026-02-23 10:17:05.340958",false
3920,WEB-BOYS-230226,125,9,1,"{""componentJson"": [{""id"": 8243, ""isActive"": true, ""displayOrder"": 1}]}","2026-02-22 06:30:03.673","2036-02-22 04:15:40.439",1,8,"","","","",181,0,0,false,false,1,"2026-02-23 10:17:09.013054",false
3919,WEB-BOYS-230226,58,17,1,"{""componentJson"": [{""id"": 8243, ""isActive"": true, ""displayOrder"": 1}]}","2026-02-22 04:29:56.875","2036-02-22 02:15:40.439",1,8,"","","","",367,0,0,false,false,1,"2026-02-23 10:17:08.990334",false
3918,WEB-BOYS-230226,58,2,1,"{""componentJson"": [{""id"": 8243, ""isActive"": true, ""displayOrder"": 1}]}","2026-02-22 02:29:50.984","2036-02-22 00:15:40.439",1,8,"","","","",360,0,0,false,false,1,"2026-02-23 10:17:08.968315",false
3917,WEB-BOYS-230226,52,11,1,"{""componentJson"": [{""id"": 8243, ""isActive"": true, ""displayOrder"": 1}]}","2026-02-22 20:29:45.533","2036-02-22 18:15:40.439",1,8,"","","","",263,0,0,false,false,1,"2026-02-23 10:17:08.9466",false
3916,WEB-BOYS-230226,52,2,1,"{""componentJson"": [{""id"": 8243, ""isActive"": true, ""displayOrder"": 1}]}","2026-02-22 20:29:39.041","2036-02-22 18:15:40.439",1,8,"","","","",257,0,0,false,false,1,"2026-02-23 10:17:08.921473",false
3915,WEB-BOYS-230226,50,7,1,"{""componentJson"": [{""id"": 8243, ""isActive"": true, ""displayOrder"": 1}]}","2026-02-22 20:29:33.903","2036-02-22 18:15:40.439",1,8,"","","","",187,0,0,false,false,1,"2026-02-23 10:17:08.89896",false
3914,WEB-BOYS-230226,50,2,1,"{""componentJson"": [{""id"": 8243, ""isActive"": true, ""displayOrder"": 1}]}","2026-02-22 20:29:22.69","2036-02-22 18:15:40.439",1,8,"","","","",184,0,0,false,false,1,"2026-02-23 10:17:08.876636",false
3913,WEB-BOYS-230226,38,2,1,"{""componentJson"": [{""id"": 8243, ""isActive"": true, ""displayOrder"": 1}]}","2026-02-22 06:29:12.809","2036-02-22 04:15:40.439",1,8,"","","","",293,0,0,false,false,1,"2026-02-23 10:17:08.855077",false
3912,WEB-BOYS-230226,35,23,1,"{""componentJson"": [{""id"": 8243, ""isActive"": true, ""displayOrder"": 1}]}","2026-02-22 20:29:05.248","2036-02-22 18:15:40.439",1,8,"","","","",272,0,0,false,false,1,"2026-02-23 10:17:08.833611",false
3911,WEB-BOYS-230226,35,2,1,"{""componentJson"": [{""id"": 8243, ""isActive"": true, ""displayOrder"": 1}]}","2026-02-22 20:28:52.852","2036-02-22 18:15:40.439",1,8,"","","","",269,0,0,false,false,1,"2026-02-23 10:17:08.811358",false
3910,WEB-BOYS-230226,27,10,1,"{""componentJson"": [{""id"": 8243, ""isActive"": true, ""displayOrder"": 1}]}","2026-02-22 02:28:47.265","2036-02-22 00:15:40.439",1,8,"","","","",287,0,0,false,false,1,"2026-02-23 10:17:08.788733",false
3909,WEB-BOYS-230226,27,1,1,"{""componentJson"": [{""id"": 8243, ""isActive"": true, ""displayOrder"": 1}]}","2026-02-22 04:28:41.364","2036-02-22 02:15:40.439",1,8,"","","","",290,0,0,false,false,1,"2026-02-23 10:17:08.766742",false
3908,WEB-BOYS-230226,25,4,1,"{""componentJson"": [{""id"": 8243, ""isActive"": true, ""displayOrder"": 1}]}","2026-02-22 04:28:28.858","2036-02-22 02:15:40.439",1,8,"","","","",296,0,0,false,false,1,"2026-02-23 10:17:08.744604",false
3906,WEB-BOYS-230226,24,5,1,"{""componentJson"": [{""id"": 8243, ""isActive"": true, ""displayOrder"": 1}]}","2026-02-22 20:28:07.767","2036-02-22 18:15:40.439",1,8,"","","","",205,0,0,false,false,1,"2026-02-23 10:17:08.701007",false
3907,WEB-BOYS-230226,25,1,1,"{""componentJson"": [{""id"": 8243, ""isActive"": true, ""displayOrder"": 1}]}","2026-02-22 04:28:19.097","2036-02-22 02:15:40.439",1,8,"","","","",299,0,0,false,false,1,"2026-02-23 10:17:08.722684",false
3905,WEB-BOYS-230226,24,3,1,"{""componentJson"": [{""id"": 8243, ""isActive"": true, ""displayOrder"": 1}]}","2026-02-22 18:27:49.815","2036-02-22 16:15:40.439",1,8,"","","","",212,0,0,false,false,1,"2026-02-23 10:17:08.67819",false
3904,WEB-BOYS-230226,16,15,1,"{""componentJson"": [{""id"": 8243, ""isActive"": true, ""displayOrder"": 1}]}","2026-02-21 16:27:40.256","2036-02-22 04:15:40.439",1,8,"","","","",284,0,0,false,false,1,"2026-02-23 10:17:08.656029",false
3903,WEB-BOYS-230226,16,10,1,"{""componentJson"": [{""id"": 8243, ""isActive"": true, ""displayOrder"": 1}]}","2026-02-21 13:27:33.906","2036-02-22 02:15:40.439",1,8,"","","","",281,0,0,false,false,1,"2026-02-23 10:17:08.632978",false
3902,WEB-BOYS-230226,16,2,1,"{""componentJson"": [{""id"": 8243, ""isActive"": true, ""displayOrder"": 1}]}","2026-02-21 16:27:26.784","2036-02-22 04:15:40.439",1,8,"","","","",278,0,0,false,false,1,"2026-02-23 10:17:08.610775",false
3901,WEB-BOYS-230226,13,14,1,"{""componentJson"": [{""id"": 8243, ""isActive"": true, ""displayOrder"": 1}]}","2026-02-23 10:27:20.184","2036-02-23 08:15:40.439",1,8,"","","","",304,0,0,false,false,1,"2026-02-23 10:17:08.589359",false
3900,WEB-BOYS-230226,13,13,1,"{""componentJson"": [{""id"": 8243, ""isActive"": true, ""displayOrder"": 1}]}","2026-02-23 10:27:05.296","2036-02-23 08:15:40.439",1,8,"","","","",306,0,0,false,false,1,"2026-02-23 10:17:08.567172",false
3899,WEB-BOYS-230226,13,2,1,"{""componentJson"": [{""id"": 8243, ""isActive"": true, ""displayOrder"": 1}]}","2026-02-23 10:26:48.624","2036-02-23 08:15:40.439",1,8,"","","","",302,0,0,false,false,1,"2026-02-23 10:17:08.545507",false
3898,WEB-BOYS-230226,12,8,1,"{""componentJson"": [{""id"": 8243, ""isActive"": true, ""displayOrder"": 1}]}","2026-02-24 00:26:42.756","2036-02-23 22:15:40.439",1,8,"","","","",414,0,0,false,false,1,"2026-02-23 10:17:08.50933",false
3897,WEB-BOYS-230226,12,2,1,"{""componentJson"": [{""id"": 8243, ""isActive"": true, ""displayOrder"": 1}]}","2026-02-24 00:26:30.716","2036-02-23 22:15:40.439",1,8,"","","","",408,0,0,false,false,1,"2026-02-23 10:17:08.486955",false
4107,APP-GIRLS-230226,12,2,126,"{""componentJson"": [{""id"": 8260, ""isActive"": true, ""displayOrder"": 1}, {""id"": 7759, ""isActive"": true, ""displayOrder"": 2}]}","2026-02-24 07:47:59.78","2036-02-24 05:43:40.414",1,8,"","","","",495,1,0,true,false,1,"2026-02-23 13:44:04.1383",false
4128,APP-GIRLS-230226,58,2,126,"{""componentJson"": [{""id"": 8260, ""isActive"": true, ""displayOrder"": 1}, {""id"": 7759, ""isActive"": true, ""displayOrder"": 2}]}","2026-02-22 01:44:27.094","2036-02-21 23:43:40.414",1,8,"","","","",444,1,0,true,false,1,"2026-02-23 13:44:04.605487",false
4385,WEB-ERKEKCOCUK-PLAJ-LP-2026,1,1,1,"{""componentJson"": [{""id"": 7978, ""isActive"": true, ""displayOrder"": 1}, {""id"": 7979, ""isActive"": true, ""displayOrder"": 2}, {""id"": 7980, ""isActive"": true, ""displayOrder"": 3}, {""id"": 8000, ""isActive"": true, ""displayOrder"": 4}]}","2026-05-06 08:37:30.259","2030-05-06 08:09:50.145",1,2,erkek-cocuk-plaj-hazirliklari,/katalog,"","",0,0,0,false,false,1,"2026-05-06 08:10:36.395157",false
2320,[OLD] APP-BOYS-IREN-010126,13,2,1,"{""componentJson"": [{""id"": 4488, ""displayOrder"": 1}]}","2026-02-17 09:55:38.773612","2026-02-23 10:20:05.116565",4,8,"","","","",303,1,120525,true,false,0,"2026-02-17 21:37:42.330975",false
4030,WEB-GIRLS-230226,24,5,126,"{""componentJson"": [{""id"": 8259, ""isActive"": true, ""displayOrder"": 1}, {""id"": 7758, ""isActive"": true, ""displayOrder"": 2}]}","2026-02-22 21:37:32.905","2036-02-22 19:33:53.011",1,8,"","","","",204,0,0,false,false,1,"2026-02-23 13:34:30.542116",false
4386,APP-ERKEKCOCUK-PLAJ-LP-2026,1,1,1,"{""componentJson"": [{""id"": 7990, ""isActive"": true, ""displayOrder"": 1}, {""id"": 7994, ""isActive"": true, ""displayOrder"": 2}]}","2026-05-06 08:40:32.443","2030-05-06 08:10:37.566",1,2,erkek-cocuk-plaj-hazirliklari-nt,/katalog,"","",0,1,0,true,false,1,"2026-05-06 08:11:05.140585",false
4398,INFLUENCER SEN VE BEN MOBIL,1,1,115,"{""componentJson"": [{""id"": 7228, ""isActive"": true, ""displayOrder"": 1}]}","2026-06-08 10:46:16.862","2035-06-08 10:44:44.767",1,2,influencer-basvurusu,/proje,"","",0,1,0,true,false,1,"2026-06-08 10:46:26.133944",true
3716,[OLD] APP-BOYS-UA-111225,24,5,1,"{""componentJson"": [{""id"": 7107, ""displayOrder"": 1}]}","2026-02-17 04:40:15","2026-02-23 10:22:06.38061",4,8,"","","","",377,1,117750,true,false,0,"2026-02-17 21:46:07.585483",false
4399,INFLUENCER SEN VE BEN MOBIL 2,1,1,115,"{""componentJson"": [{""id"": 7228, ""isActive"": true, ""displayOrder"": 1}]}","2026-06-08 10:46:16.862","2035-06-08 10:44:44.767",1,2,influencer-basvurusu-nt,/proje,"","",0,1,0,true,false,1,"2026-06-08 10:46:58.712713",true
4390,APP-KADIN-PLAJ-LP-2026,1,1,1,"{""componentJson"": [{""id"": 7997, ""isActive"": true, ""displayOrder"": 1}]}","2026-05-06 08:39:51.267","2030-05-06 08:28:05.123",1,2,kadin-plaj-hazirliklari-nt,/katalog,"","",0,1,0,true,false,1,"2026-05-06 08:29:02.05224",false
4388,APP-ERKEK-PLAJ-LP-2026,1,1,1,"{""componentJson"": [{""id"": 7998, ""isActive"": true, ""displayOrder"": 1}]}","2026-05-06 08:40:03.877","2030-05-06 08:25:11.786",1,2,erkek-plaj-hazirliklari-nt,/katalog,"","",0,1,0,true,false,1,"2026-05-06 08:26:17.607302",false
4387,WEB-ERKEK-PLAJ-LP-2026,1,1,1,"{""componentJson"": [{""id"": 7992, ""isActive"": true, ""displayOrder"": 1}, {""id"": 7995, ""isActive"": true, ""displayOrder"": 2}, {""id"": 7996, ""isActive"": true, ""displayOrder"": 3}]}","2026-05-06 08:40:13.03","2030-05-06 08:20:20.109",1,2,erkek-plaj-hazirliklari,/katalog,"","",0,0,0,false,false,1,"2026-05-06 08:24:58.942403",false
4389,WEB-KADIN-PLAJ-LP-2026,1,1,1,"{""componentJson"": [{""id"": 7987, ""isActive"": true, ""displayOrder"": 1}, {""id"": 7988, ""isActive"": true, ""displayOrder"": 2}, {""id"": 7989, ""isActive"": true, ""displayOrder"": 3}, {""id"": 8052, ""isActive"": true, ""displayOrder"": 4}]}","2026-05-06 08:33:36.185","2030-05-06 08:26:27.679",1,2,kadin-plaj-hazirliklari,/katalog,"","",0,0,0,false,false,1,"2026-05-06 08:27:48.071287",false
2115,[OLD] APP-BOYS-ROEN--010126,50,2,1,"{""componentJson"": [{""id"": 4195, ""displayOrder"": 1}]}","2026-02-17 10:54:51.597289","2026-02-23 10:23:31.576807",4,8,"","","","",225,1,120491,true,false,0,"2026-02-17 21:36:56.545541",false
3353,[OLD] BOYS-BG-111225,52,11,1,"{""componentJson"": [{""id"": 6659, ""displayOrder"": 1}]}","2026-02-17 04:15:57.947041","2026-02-23 10:29:46.831878",4,8,"","","","",263,0,117741,false,false,0,"2026-02-17 21:42:14.941642",false
4130,APP-HOMELP-230226,125,2,126,"{""componentJson"": [{""id"": 8195, ""isActive"": true, ""displayOrder"": 1}]}","2026-02-23 21:17:13.17","2036-02-23 21:17:40.416",1,8,"","","","",522,1,0,true,false,1,"2026-02-24 09:17:27.838848",false
1993,[OLD] APP-DEALZONE-080126,8,2,126,"{""componentJson"": [{""id"": 8213, ""isActive"": true, ""displayOrder"": 1}, {""id"": 7600, ""isActive"": true, ""displayOrder"": 2}, {""id"": 7291, ""isActive"": true, ""displayOrder"": 3}, {""id"": 7314, ""isActive"": true, ""displayOrder"": 4}, {""id"": 7233, ""isActive"": true, ""displayOrder"": 5}, {""id"": 7235, ""isActive"": true, ""displayOrder"": 6}, {""id"": 3960, ""isActive"": true, ""displayOrder"": 7}, {""id"": 3925, ""isActive"": true, ""displayOrder"": 8}, {""id"": 7237, ""isActive"": true, ""displayOrder"": 9}]}","2026-02-05 23:49:18.243","2036-01-08 01:27:29",1,8,"","","","",61,1,0,true,false,1,"2026-02-17 21:36:18.963319",false
3921,WEB-MEN-230226,125,2,126,"{""componentJson"": [{""id"": 8281, ""isActive"": true, ""displayOrder"": 1}]}","2026-02-22 06:22:14.176","2036-02-22 02:22:21",1,8,"","","","",5,0,0,false,false,1,"2026-02-23 12:22:19.566303",false
3954,WEB-MEN-230226,25,1,126,"{""componentJson"": [{""id"": 8281, ""isActive"": true, ""displayOrder"": 1}]}","2026-02-22 08:26:32.244","2036-02-22 00:22:21",1,8,"","","","",118,0,0,false,false,1,"2026-02-23 12:26:14.052224",false
3922,WEB-MEN-230226,1,1,126,"{""componentJson"": [{""id"": 7278, ""displayOrder"": 1}]}","2026-02-23 08:22:14.176","2036-02-23 04:22:21",6,8,"","","","",,0,0,false,false,1,"2026-02-23 12:23:31.802849",true
3938,WEB-MEN-230226,25,1,126,"{""componentJson"": [{""id"": 7278, ""displayOrder"": 1}]}","2026-02-23 10:22:14.176","2036-02-23 06:22:21",6,8,"","","","",,0,0,false,false,1,"2026-02-23 12:23:32.169021",true
3952,WEB-MEN-230226,119,20,126,"{""componentJson"": [{""id"": 7278, ""displayOrder"": 1}]}","2026-02-23 10:22:14.176","2036-02-23 06:22:21",6,8,"","","","",,0,0,false,false,1,"2026-02-23 12:23:32.510991",true
3951,WEB-MEN-230226,119,2,126,"{""componentJson"": [{""id"": 7278, ""displayOrder"": 1}]}","2026-02-23 10:22:14.176","2036-02-23 06:22:21",6,8,"","","","",,0,0,false,false,1,"2026-02-23 12:23:32.481899",true
4132,APP-HOMELP-230226,8,2,126,"{""componentJson"": [{""id"": 8195, ""isActive"": true, ""displayOrder"": 1}, {""id"": 8069, ""isActive"": true, ""displayOrder"": 2}]}","2026-02-24 03:23:44.228","2036-02-24 01:17:40.416",1,8,"","","","",526,1,0,true,false,1,"2026-02-24 09:19:03.570853",false
4131,WEB-HOMELP-230226,125,2,126,"{""componentJson"": [{""id"": 8194, ""isActive"": true, ""displayOrder"": 1}]}","2026-02-23 21:17:11.348","2036-02-23 21:17:40.423",1,8,"","","","",523,0,0,false,false,1,"2026-02-24 09:17:29.918208",false
3923,WEB-MEN-230226,8,2,126,"{""componentJson"": [{""id"": 8281, ""isActive"": true, ""displayOrder"": 1}, {""id"": 8064, ""isActive"": true, ""displayOrder"": 2}]}","2026-02-22 13:22:14.176","2036-02-22 18:24:40.42",1,8,"","","","",54,0,0,false,false,1,"2026-02-23 12:23:31.824948",false
3946,WEB-MEN-230226,50,7,126,"{""componentJson"": [{""id"": 8281, ""isActive"": true, ""displayOrder"": 1}]}","2026-02-22 21:33:10.742","2036-02-22 13:22:21",1,8,"","","","",44,0,0,false,false,1,"2026-02-23 12:23:32.355773",false
3932,WEB-MEN-230226,13,14,126,"{""componentJson"": [{""id"": 8281, ""isActive"": true, ""displayOrder"": 1}]}","2026-02-23 12:41:25.026","2036-02-23 04:22:21",1,8,"","","","",79,0,0,false,false,1,"2026-02-23 12:23:32.035384",false
3931,WEB-MEN-230226,13,13,126,"{""componentJson"": [{""id"": 8281, ""isActive"": true, ""displayOrder"": 1}]}","2026-02-23 12:42:06.653","2036-02-23 04:22:21",1,8,"","","","",85,0,0,false,false,1,"2026-02-23 12:23:32.014145",false
3930,WEB-MEN-230226,13,2,126,"{""componentJson"": [{""id"": 8281, ""isActive"": true, ""displayOrder"": 1}]}","2026-02-23 12:25:37.007","2036-02-23 04:22:21",1,8,"","","","",24,0,0,false,false,1,"2026-02-23 12:23:31.991126",false
3943,WEB-MEN-230226,35,23,126,"{""componentJson"": [{""id"": 8281, ""isActive"": true, ""displayOrder"": 1}]}","2026-02-22 20:35:41.944","2036-02-22 12:22:21",1,8,"","","","",108,0,0,false,false,1,"2026-02-23 12:23:32.287036",false
3953,WEB-MEN-230226,125,9,126,"{""componentJson"": [{""id"": 8281, ""isActive"": true, ""displayOrder"": 1}]}","2026-02-22 08:31:17.29","2036-02-22 00:22:21",1,8,"","","","",20,0,0,false,false,1,"2026-02-23 12:23:32.532513",false
3939,WEB-MEN-230226,25,4,126,"{""componentJson"": [{""id"": 8281, ""isActive"": true, ""displayOrder"": 1}]}","2026-02-22 08:29:22.955","2036-02-22 00:22:21",1,8,"","","","",113,0,0,false,false,1,"2026-02-23 12:23:32.189943",false
3944,WEB-MEN-230226,38,2,126,"{""componentJson"": [{""id"": 8281, ""isActive"": true, ""displayOrder"": 1}]}","2026-02-22 08:27:29.843","2036-02-22 00:22:21",1,8,"","","","",123,0,0,false,false,1,"2026-02-23 12:23:32.308527",false
3947,WEB-MEN-230226,52,2,126,"{""componentJson"": [{""id"": 8281, ""isActive"": true, ""displayOrder"": 1}]}","2026-02-22 22:27:02.048","2036-02-22 14:22:21",1,8,"","","","",93,0,0,false,false,1,"2026-02-23 12:23:32.377557",false
3941,WEB-MEN-230226,27,10,126,"{""componentJson"": [{""id"": 8281, ""isActive"": true, ""displayOrder"": 1}]}","2026-02-22 08:35:57.76","2036-02-22 00:22:21",1,8,"","","","",134,0,0,false,false,1,"2026-02-23 12:23:32.237118",false
3940,WEB-MEN-230226,27,1,126,"{""componentJson"": [{""id"": 8281, ""isActive"": true, ""displayOrder"": 1}]}","2026-02-22 08:27:39.376","2036-02-22 00:22:21",1,8,"","","","",131,0,0,false,false,1,"2026-02-23 12:23:32.211135",false
3925,WEB-MEN-230226,9,3,126,"{""componentJson"": [{""id"": 8281, ""isActive"": true, ""displayOrder"": 1}]}","2026-02-23 12:43:23.091","2036-02-23 04:22:21",1,8,"","","","",488,0,0,false,false,1,"2026-02-23 12:23:31.867514",false
3929,WEB-MEN-230226,12,8,126,"{""componentJson"": [{""id"": 8281, ""isActive"": true, ""displayOrder"": 1}]}","2026-02-24 02:42:32.963","2036-02-23 18:22:21",1,8,"","","","",412,0,0,false,false,1,"2026-02-23 12:23:31.954115",false
3935,WEB-MEN-230226,16,15,126,"{""componentJson"": [{""id"": 8281, ""isActive"": true, ""displayOrder"": 1}]}","2026-02-21 12:41:00.398","2036-02-21 20:22:21",1,8,"","","","",148,0,0,false,false,1,"2026-02-23 12:23:32.104701",false
3950,WEB-MEN-230226,58,17,126,"{""componentJson"": [{""id"": 8281, ""isActive"": true, ""displayOrder"": 1}]}","2026-02-22 06:31:47.626","2036-02-21 22:22:21",1,8,"","","","",365,0,0,false,false,1,"2026-02-23 12:23:32.460384",false
3937,WEB-MEN-230226,24,5,126,"{""componentJson"": [{""id"": 8281, ""isActive"": true, ""displayOrder"": 1}]}","2026-02-22 22:36:26.208","2036-02-22 14:22:21",1,8,"","","","",203,0,0,false,false,1,"2026-02-23 12:23:32.147914",false
3936,WEB-MEN-230226,24,3,126,"{""componentJson"": [{""id"": 8281, ""isActive"": true, ""displayOrder"": 1}]}","2026-02-22 22:37:03.536","2036-02-22 14:22:21",1,8,"","","","",209,0,0,false,false,1,"2026-02-23 12:23:32.126768",false
3927,WEB-MEN-230226,10,6,126,"{""componentJson"": [{""id"": 8281, ""isActive"": true, ""displayOrder"": 1}]}","2026-02-24 16:42:55.94","2036-02-24 08:22:21",1,8,"","","","",329,0,0,false,false,1,"2026-02-23 12:23:31.911828",false
3926,WEB-MEN-230226,10,3,126,"{""componentJson"": [{""id"": 8281, ""isActive"": true, ""displayOrder"": 1}]}","2026-02-24 16:43:12.658","2036-02-24 08:22:21",1,8,"","","","",341,0,0,false,false,1,"2026-02-23 12:23:31.890053",false
2118,[OLD] MEN-ROEN-010126,50,2,1,"{""componentJson"": [{""id"": 4198, ""displayOrder"": 1}, {""id"": 4199, ""displayOrder"": 2}]}","2026-02-17 09:44:23.924085","2026-02-23 12:27:21.647252",4,8,"","","","",34,0,120505,false,false,0,"2026-02-17 21:36:56.834817",false
4145,APP-HOMELP-230226,50,7,126,"{""componentJson"": [{""id"": 8195, ""isActive"": true, ""displayOrder"": 1}]}","2026-02-24 04:21:55.817","2036-02-24 02:17:40.416",1,8,"","","","",532,1,0,true,false,1,"2026-02-24 09:19:03.850286",false
4144,APP-HOMELP-230226,50,2,126,"{""componentJson"": [{""id"": 8195, ""isActive"": true, ""displayOrder"": 1}]}","2026-02-24 04:22:20.459","2036-02-24 02:17:40.416",1,8,"","","","",530,1,0,true,false,1,"2026-02-24 09:19:03.828774",false
4138,APP-HOMELP-230226,13,14,126,"{""componentJson"": [{""id"": 8195, ""isActive"": true, ""displayOrder"": 1}]}","2026-02-24 09:23:09.812","2036-02-24 07:17:40.416",1,8,"","","","",536,1,0,true,false,1,"2026-02-24 09:19:03.697062",false
4137,APP-HOMELP-230226,13,13,126,"{""componentJson"": [{""id"": 8195, ""isActive"": true, ""displayOrder"": 1}]}","2026-02-24 09:23:14.786","2036-02-24 07:17:40.416",1,8,"","","","",538,1,0,true,false,1,"2026-02-24 09:19:03.676085",false
4136,APP-HOMELP-230226,13,2,126,"{""componentJson"": [{""id"": 8195, ""isActive"": true, ""displayOrder"": 1}]}","2026-02-24 09:23:19.453","2036-02-24 07:17:40.416",1,8,"","","","",534,1,0,true,false,1,"2026-02-24 09:19:03.654873",false
4146,APP-HOMELP-230226,125,9,126,"{""componentJson"": [{""id"": 8195, ""isActive"": true, ""displayOrder"": 1}]}","2026-02-23 21:21:45.959","2036-02-23 19:17:40.416",1,8,"","","","",524,1,0,true,false,1,"2026-02-24 09:19:03.872957",false
4135,APP-HOMELP-230226,12,8,126,"{""componentJson"": [{""id"": 8195, ""isActive"": true, ""displayOrder"": 1}]}","2026-02-24 14:23:24.888","2036-02-24 12:17:40.416",1,8,"","","","",552,1,0,true,false,1,"2026-02-24 09:19:03.634264",false
4134,APP-HOMELP-230226,12,2,126,"{""componentJson"": [{""id"": 8195, ""isActive"": true, ""displayOrder"": 1}]}","2026-02-24 14:23:30.247","2036-02-24 12:17:40.416",1,8,"","","","",550,1,0,true,false,1,"2026-02-24 09:19:03.613344",false
4141,APP-HOMELP-230226,16,15,126,"{""componentJson"": [{""id"": 8195, ""isActive"": true, ""displayOrder"": 1}]}","2026-02-23 18:22:52.809","2036-02-23 21:17:40.416",1,8,"","","","",544,1,0,true,false,1,"2026-02-24 09:19:03.763198",false
4140,APP-HOMELP-230226,16,10,126,"{""componentJson"": [{""id"": 8195, ""isActive"": true, ""displayOrder"": 1}]}","2026-02-23 18:22:58.613","2036-02-23 21:17:40.416",1,8,"","","","",542,1,0,true,false,1,"2026-02-24 09:19:03.741895",false
4139,APP-HOMELP-230226,16,2,126,"{""componentJson"": [{""id"": 8195, ""isActive"": true, ""displayOrder"": 1}]}","2026-02-23 18:23:03.92","2036-02-23 21:17:40.416",1,8,"","","","",540,1,0,true,false,1,"2026-02-24 09:19:03.71764",false
4143,APP-HOMELP-230226,24,5,126,"{""componentJson"": [{""id"": 8195, ""isActive"": true, ""displayOrder"": 1}]}","2026-02-24 04:22:33.669","2036-02-24 02:17:40.416",1,8,"","","","",546,1,0,true,false,1,"2026-02-24 09:19:03.807171",false
4142,APP-HOMELP-230226,24,3,126,"{""componentJson"": [{""id"": 8195, ""isActive"": true, ""displayOrder"": 1}]}","2026-02-24 04:22:42.019","2036-02-24 02:17:40.416",1,8,"","","","",548,1,0,true,false,1,"2026-02-24 09:19:03.785354",false
4148,WEB-HOMELP-230226,8,12,126,"{""componentJson"": [{""id"": 8194, ""isActive"": true, ""displayOrder"": 1}, {""id"": 8070, ""isActive"": true, ""displayOrder"": 2}]}","2026-02-24 03:21:34.043","2036-02-24 01:17:40.423",1,8,"","","","",529,0,0,false,false,1,"2026-02-24 09:19:05.693546",false
4147,WEB-HOMELP-230226,8,2,126,"{""componentJson"": [{""id"": 8194, ""isActive"": true, ""displayOrder"": 1}, {""id"": 8070, ""isActive"": true, ""displayOrder"": 2}]}","2026-02-24 03:21:39.319","2036-02-24 01:17:40.423",1,8,"","","","",527,0,0,false,false,1,"2026-02-24 09:19:05.670561",false
4160,WEB-HOMELP-230226,50,7,126,"{""componentJson"": [{""id"": 8194, ""isActive"": true, ""displayOrder"": 1}]}","2026-02-24 04:19:32.083","2036-02-24 02:17:40.423",1,8,"","","","",533,0,0,false,false,1,"2026-02-24 09:19:05.962015",false
4159,WEB-HOMELP-230226,50,2,126,"{""componentJson"": [{""id"": 8194, ""isActive"": true, ""displayOrder"": 1}]}","2026-02-24 04:19:38.902","2036-02-24 02:17:40.423",1,8,"","","","",531,0,0,false,false,1,"2026-02-24 09:19:05.93969",false
4153,WEB-HOMELP-230226,13,14,126,"{""componentJson"": [{""id"": 8194, ""isActive"": true, ""displayOrder"": 1}]}","2026-02-24 09:20:56.163","2036-02-24 07:17:40.423",1,8,"","","","",537,0,0,false,false,1,"2026-02-24 09:19:05.791116",false
4152,WEB-HOMELP-230226,13,13,126,"{""componentJson"": [{""id"": 8194, ""isActive"": true, ""displayOrder"": 1}]}","2026-02-24 09:21:01.986","2036-02-24 07:17:40.423",1,8,"","","","",539,0,0,false,false,1,"2026-02-24 09:19:05.771799",false
4151,WEB-HOMELP-230226,13,2,126,"{""componentJson"": [{""id"": 8194, ""isActive"": true, ""displayOrder"": 1}]}","2026-02-24 09:21:08.709","2036-02-24 07:17:40.423",1,8,"","","","",535,0,0,false,false,1,"2026-02-24 09:19:05.752671",false
4161,WEB-HOMELP-230226,125,9,126,"{""componentJson"": [{""id"": 8194, ""isActive"": true, ""displayOrder"": 1}]}","2026-02-23 21:19:18.891","2036-02-23 19:17:40.423",1,8,"","","","",525,0,0,false,false,1,"2026-02-24 09:19:05.981395",false
4150,WEB-HOMELP-230226,12,8,126,"{""componentJson"": [{""id"": 8194, ""isActive"": true, ""displayOrder"": 1}]}","2026-02-24 14:21:17.011","2036-02-24 12:17:40.423",1,8,"","","","",553,0,0,false,false,1,"2026-02-24 09:19:05.733686",false
4149,WEB-HOMELP-230226,12,2,126,"{""componentJson"": [{""id"": 8194, ""isActive"": true, ""displayOrder"": 1}]}","2026-02-24 14:21:23.605","2036-02-24 12:17:40.423",1,8,"","","","",551,0,0,false,false,1,"2026-02-24 09:19:05.713416",false
4156,WEB-HOMELP-230226,16,15,126,"{""componentJson"": [{""id"": 8194, ""isActive"": true, ""displayOrder"": 1}]}","2026-02-23 18:20:38.928","2036-02-23 21:17:40.423",1,8,"","","","",545,0,0,false,false,1,"2026-02-24 09:19:05.870274",false
4155,WEB-HOMELP-230226,16,10,126,"{""componentJson"": [{""id"": 8194, ""isActive"": true, ""displayOrder"": 1}]}","2026-02-23 18:20:32.941","2036-02-23 21:17:40.423",1,8,"","","","",543,0,0,false,false,1,"2026-02-24 09:19:05.832686",false
4154,WEB-HOMELP-230226,16,2,126,"{""componentJson"": [{""id"": 8194, ""isActive"": true, ""displayOrder"": 1}]}","2026-02-23 18:20:22.867","2036-02-23 21:17:40.423",1,8,"","","","",541,0,0,false,false,1,"2026-02-24 09:19:05.813953",false
4158,WEB-HOMELP-230226,24,5,126,"{""componentJson"": [{""id"": 8194, ""isActive"": true, ""displayOrder"": 1}]}","2026-02-24 04:20:44.383","2036-02-24 02:17:40.423",1,8,"","","","",547,0,0,false,false,1,"2026-02-24 09:19:05.920684",false
4157,WEB-HOMELP-230226,24,3,126,"{""componentJson"": [{""id"": 8194, ""isActive"": true, ""displayOrder"": 1}]}","2026-02-24 04:20:48.95","2036-02-24 02:17:40.423",1,8,"","","","",549,0,0,false,false,1,"2026-02-24 09:19:05.889144",false
3955,APP-BABY-230226,125,2,1,"{""componentJson"": [{""id"": 8279, ""isActive"": true, ""displayOrder"": 1}]}","2026-02-22 04:39:07.596","2036-02-22 04:40:53.008",1,8,"","","","",235,1,0,true,false,1,"2026-02-23 12:40:43.573535",false
2355,[OLD] HOME LP,13,14,1,"{""componentJson"": [{""id"": 4554, ""displayOrder"": 1}, {""id"": 4555, ""displayOrder"": 2}]}","2026-02-09 07:24:14.7531","2026-02-24 09:20:57.455176",4,8,home-lp,/قائمة,HOME LP,HOME LP,537,0,121855,false,false,0,"2026-02-17 21:37:47.374496",false
3956,WEB-BABY-230226,125,2,1,"{""componentJson"": [{""id"": 8280, ""isActive"": true, ""displayOrder"": 1}]}","2026-02-22 06:39:10.493","2036-02-22 06:40:53.054",1,8,"","","","",179,0,0,false,false,1,"2026-02-23 12:40:45.145117",false
3978,APP-BABY-230226,38,2,126,"{""componentJson"": [{""id"": 7282, ""displayOrder"": 1}]}","2026-02-23 12:39:07.596","2036-02-23 12:40:53.00851",6,8,"","","","",,1,0,true,false,1,"2026-02-23 12:46:21.972391",true
3975,APP-BABY-230226,27,10,126,"{""componentJson"": [{""id"": 7282, ""displayOrder"": 1}]}","2026-02-23 12:39:07.596","2036-02-23 12:40:53.00851",6,8,"","","","",,1,0,true,false,1,"2026-02-23 12:46:21.89817",true
3974,APP-BABY-230226,27,1,126,"{""componentJson"": [{""id"": 7282, ""displayOrder"": 1}]}","2026-02-23 12:39:07.596","2036-02-23 12:40:53.00851",6,8,"","","","",,1,0,true,false,1,"2026-02-23 12:46:21.875781",true
4133,APP-HOMELP-230226,8,12,126,"{""componentJson"": [{""id"": 8195, ""isActive"": true, ""displayOrder"": 1}, {""id"": 8069, ""isActive"": true, ""displayOrder"": 2}]}","2026-02-24 03:23:38.893","2036-02-24 01:17:40.416",1,8,"","","","",528,1,0,true,false,1,"2026-02-24 09:19:03.592129",false
3985,APP-BABY-230226,125,9,1,"{""componentJson"": [{""id"": 8279, ""isActive"": true, ""displayOrder"": 1}]}","2026-02-22 08:52:25.701","2036-02-22 06:40:53.008",1,8,"","","","",232,1,0,true,false,1,"2026-02-23 12:46:22.140525",false
3983,APP-BABY-230226,58,2,1,"{""componentJson"": [{""id"": 8279, ""isActive"": true, ""displayOrder"": 1}]}","2026-02-22 02:52:41.799","2036-02-22 00:40:53.008",1,8,"","","","",446,1,0,true,false,1,"2026-02-23 12:46:22.083709",false
3984,APP-BABY-230226,58,17,1,"{""componentJson"": [{""id"": 8279, ""isActive"": true, ""displayOrder"": 1}]}","2026-02-22 02:52:35.649","2036-02-22 00:40:53.008",1,8,"","","","",453,1,0,true,false,1,"2026-02-23 12:46:22.118475",false
3982,APP-BABY-230226,52,11,1,"{""componentJson"": [{""id"": 8279, ""isActive"": true, ""displayOrder"": 1}]}","2026-02-22 21:52:48.131","2036-02-22 19:40:53.008",1,8,"","","","",267,1,0,true,false,1,"2026-02-23 12:46:22.06186",false
3980,APP-BABY-230226,50,7,1,"{""componentJson"": [{""id"": 8279, ""isActive"": true, ""displayOrder"": 1}]}","2026-02-22 20:53:03.455","2036-02-22 18:40:53.008",1,8,"","","","",229,1,0,true,false,1,"2026-02-23 12:46:22.01686",false
3979,APP-BABY-230226,50,2,1,"{""componentJson"": [{""id"": 8279, ""isActive"": true, ""displayOrder"": 1}]}","2026-02-22 19:53:12.755","2036-02-22 17:40:53.008",1,8,"","","","",226,1,0,true,false,1,"2026-02-23 12:46:21.995011",false
3977,APP-BABY-230226,35,23,1,"{""componentJson"": [{""id"": 8279, ""isActive"": true, ""displayOrder"": 1}]}","2026-02-22 20:53:32.735","2036-02-22 18:40:53.008",1,8,"","","","",255,1,0,true,false,1,"2026-02-23 12:46:21.941801",false
3976,APP-BABY-230226,35,2,1,"{""componentJson"": [{""id"": 8279, ""isActive"": true, ""displayOrder"": 1}]}","2026-02-22 20:53:38.148","2036-02-22 18:40:53.008",1,8,"","","","",248,1,0,true,false,1,"2026-02-23 12:46:21.920455",false
3973,APP-BABY-230226,25,4,1,"{""componentJson"": [{""id"": 8279, ""isActive"": true, ""displayOrder"": 1}]}","2026-02-22 04:53:55.331","2036-02-22 02:40:53.008",1,8,"","","","",514,1,0,true,false,1,"2026-02-23 12:46:21.851654",false
3972,APP-BABY-230226,25,1,1,"{""componentJson"": [{""id"": 8279, ""isActive"": true, ""displayOrder"": 1}]}","2026-02-22 04:54:00.749","2036-02-22 02:40:53.008",1,8,"","","","",519,1,0,true,false,1,"2026-02-23 12:46:21.829145",false
3971,APP-BABY-230226,24,5,1,"{""componentJson"": [{""id"": 8279, ""isActive"": true, ""displayOrder"": 1}]}","2026-02-22 20:54:17.42","2036-02-22 18:40:53.008",1,8,"","","","",378,1,0,true,false,1,"2026-02-23 12:46:21.806685",false
3970,APP-BABY-230226,24,3,1,"{""componentJson"": [{""id"": 8279, ""isActive"": true, ""displayOrder"": 1}]}","2026-02-22 22:54:27.956","2036-02-22 20:40:53.008",1,8,"","","","",384,1,0,true,false,1,"2026-02-23 12:46:21.782372",false
3969,APP-BABY-230226,16,15,1,"{""componentJson"": [{""id"": 8279, ""isActive"": true, ""displayOrder"": 1}]}","2026-02-21 15:54:36.469","2036-02-22 04:40:53.008",1,8,"","","","",391,1,0,true,false,1,"2026-02-23 12:46:21.759838",false
3968,APP-BABY-230226,16,10,1,"{""componentJson"": [{""id"": 8279, ""isActive"": true, ""displayOrder"": 1}]}","2026-02-21 18:54:42.075","2036-02-22 06:40:53.008",1,8,"","","","",398,1,0,true,false,1,"2026-02-23 12:46:21.737035",false
3967,APP-BABY-230226,16,2,1,"{""componentJson"": [{""id"": 8279, ""isActive"": true, ""displayOrder"": 1}]}","2026-02-21 15:54:46.981","2036-02-22 04:40:53.008",1,8,"","","","",404,1,0,true,false,1,"2026-02-23 12:46:21.714701",false
3965,APP-BABY-230226,13,13,1,"{""componentJson"": [{""id"": 8279, ""isActive"": true, ""displayOrder"": 1}]}","2026-02-23 12:55:16.107","2036-02-23 10:40:53.008",1,8,"","","","",318,1,0,true,false,1,"2026-02-23 12:46:21.669882",false
3966,APP-BABY-230226,13,14,1,"{""componentJson"": [{""id"": 8279, ""isActive"": true, ""displayOrder"": 1}]}","2026-02-23 12:54:52.075","2036-02-23 10:40:53.008",1,8,"","","","",314,1,0,true,false,1,"2026-02-23 12:46:21.69196",false
3963,APP-BABY-230226,12,8,1,"{""componentJson"": [{""id"": 8279, ""isActive"": true, ""displayOrder"": 1}]}","2026-02-24 04:55:38.417","2036-02-24 02:40:53.008",1,8,"","","","",503,1,0,true,false,1,"2026-02-23 12:46:21.623083",false
3962,APP-BABY-230226,12,2,1,"{""componentJson"": [{""id"": 8279, ""isActive"": true, ""displayOrder"": 1}]}","2026-02-24 03:55:44.239","2036-02-24 01:40:53.008",1,8,"","","","",497,1,0,true,false,1,"2026-02-23 12:46:21.598815",false
3961,APP-BABY-230226,10,6,1,"{""componentJson"": [{""id"": 8279, ""isActive"": true, ""displayOrder"": 1}]}","2026-02-24 18:55:57.323","2036-02-24 16:40:53.008",1,8,"","","","",338,1,0,true,false,1,"2026-02-23 12:46:21.562641",false
3960,APP-BABY-230226,10,3,1,"{""componentJson"": [{""id"": 8279, ""isActive"": true, ""displayOrder"": 1}]}","2026-02-24 18:56:18.381","2036-02-24 16:40:53.008",1,8,"","","","",350,1,0,true,false,1,"2026-02-23 12:46:21.539834",false
3959,APP-BABY-230226,9,3,1,"{""componentJson"": [{""id"": 8279, ""isActive"": true, ""displayOrder"": 1}]}","2026-02-23 12:56:26.976","2036-02-23 10:40:53.008",1,8,"","","","",487,1,0,true,false,1,"2026-02-23 12:46:21.517658",false
3958,APP-BABY-230226,8,12,1,"{""componentJson"": [{""id"": 8279, ""isActive"": true, ""displayOrder"": 1}, {""id"": 8232, ""isActive"": true, ""displayOrder"": 2}]}","2026-02-22 20:56:44.276","2036-02-22 18:40:53.008",1,8,"","","","",241,1,0,true,false,1,"2026-02-23 12:46:21.494731",false
3957,APP-BABY-230226,8,2,1,"{""componentJson"": [{""id"": 8279, ""isActive"": true, ""displayOrder"": 1}, {""id"": 8232, ""isActive"": true, ""displayOrder"": 2}]}","2026-02-22 20:56:51.032","2036-02-22 18:40:53.008",1,8,"","","","",238,1,0,true,false,1,"2026-02-23 12:46:21.472245",false
2128,[OLD] WEB-DEALZONE-080126,50,7,126,"{""componentJson"": [{""id"": 4218, ""isActive"": true, ""displayOrder"": 1}, {""id"": 8212, ""isActive"": true, ""displayOrder"": 2}, {""id"": 7778, ""isActive"": true, ""displayOrder"": 3}, {""id"": 7774, ""isActive"": true, ""displayOrder"": 4}, {""id"": 7455, ""isActive"": true, ""displayOrder"": 5}, {""id"": 7236, ""isActive"": true, ""displayOrder"": 6}, {""id"": 4176, ""isActive"": true, ""displayOrder"": 7}, {""id"": 7238, ""isActive"": true, ""displayOrder"": 8}, {""id"": 7239, ""isActive"": true, ""displayOrder"": 9}]}","2026-02-05 21:00:42.395","2036-01-07 19:06:36",1,8,"","","","",46,0,0,false,false,1,"2026-02-17 21:36:58.790611",false
4162,APP-MEN-230226,16,10,126,"{""componentJson"": [{""id"": 8221, ""isActive"": true, ""displayOrder"": 1}]}","2026-02-23 07:43:02.434","2036-02-23 16:43:21.151",1,8,"","","","",394,1,0,true,false,1,"2026-02-24 10:43:14.78092",false
4163,HP-WEB-XK-WOMAN,155,2,158,"{""componentJson"": [{""id"": 3817, ""displayOrder"": 1}]}","2026-02-26 06:38:27.027","2036-02-26 06:38:40.415246",1,8,"","","","",638,0,0,false,false,1,"2026-02-26 06:38:38.115165",false
4014,WEB-BABY-230226,125,9,1,"{""componentJson"": [{""id"": 8280, ""isActive"": true, ""displayOrder"": 1}]}","2026-02-22 08:47:40.286","2036-02-22 06:40:53.054",1,8,"","","","",182,0,0,false,false,1,"2026-02-23 12:46:23.719883",false
4013,WEB-BABY-230226,58,17,1,"{""componentJson"": [{""id"": 8280, ""isActive"": true, ""displayOrder"": 1}]}","2026-02-22 08:47:46.786","2036-02-22 06:40:53.054",1,8,"","","","",368,0,0,false,false,1,"2026-02-23 12:46:23.698605",false
4012,WEB-BABY-230226,58,2,1,"{""componentJson"": [{""id"": 8280, ""isActive"": true, ""displayOrder"": 1}]}","2026-02-22 08:47:53.117","2036-02-22 06:40:53.054",1,8,"","","","",361,0,0,false,false,1,"2026-02-23 12:46:23.678042",false
4009,WEB-BABY-230226,50,7,1,"{""componentJson"": [{""id"": 8280, ""isActive"": true, ""displayOrder"": 1}]}","2026-02-22 21:48:16.148","2036-02-22 19:40:53.054",1,8,"","","","",188,0,0,false,false,1,"2026-02-23 12:46:23.602128",false
4007,WEB-BABY-230226,38,2,1,"{""componentJson"": [{""id"": 8280, ""isActive"": true, ""displayOrder"": 1}]}","2026-02-22 08:48:30.703","2036-02-22 06:40:53.054",1,8,"","","","",294,0,0,false,false,1,"2026-02-23 12:46:23.558295",false
4006,WEB-BABY-230226,35,23,1,"{""componentJson"": [{""id"": 8280, ""isActive"": true, ""displayOrder"": 1}]}","2026-02-22 21:48:49.336","2036-02-22 19:40:53.054",1,8,"","","","",273,0,0,false,false,1,"2026-02-23 12:46:23.536933",false
4003,WEB-BABY-230226,27,1,1,"{""componentJson"": [{""id"": 8280, ""isActive"": true, ""displayOrder"": 1}]}","2026-02-22 08:49:13.653","2036-02-22 06:40:53.054",1,8,"","","","",291,0,0,false,false,1,"2026-02-23 12:46:23.472433",false
4002,WEB-BABY-230226,25,4,1,"{""componentJson"": [{""id"": 8280, ""isActive"": true, ""displayOrder"": 1}]}","2026-02-22 06:49:20.711","2036-02-22 04:40:53.054",1,8,"","","","",297,0,0,false,false,1,"2026-02-23 12:46:23.451216",false
4005,WEB-BABY-230226,35,2,1,"{""componentJson"": [{""id"": 8280, ""isActive"": true, ""displayOrder"": 1}]}","2026-02-22 20:48:56.365","2036-02-22 18:40:53.054",1,8,"","","","",270,0,0,false,false,1,"2026-02-23 12:46:23.51569",false
4004,WEB-BABY-230226,27,10,1,"{""componentJson"": [{""id"": 8280, ""isActive"": true, ""displayOrder"": 1}]}","2026-02-22 04:49:06.871","2036-02-22 02:40:53.054",1,8,"","","","",288,0,0,false,false,1,"2026-02-23 12:46:23.494172",false
4000,WEB-BABY-230226,24,5,1,"{""componentJson"": [{""id"": 8280, ""isActive"": true, ""displayOrder"": 1}]}","2026-02-22 22:49:42.157","2036-02-22 20:40:53.054",1,8,"","","","",206,0,0,false,false,1,"2026-02-23 12:46:23.40813",false
3999,WEB-BABY-230226,24,3,1,"{""componentJson"": [{""id"": 8280, ""isActive"": true, ""displayOrder"": 1}]}","2026-02-22 22:49:50.678","2036-02-22 20:40:53.054",1,8,"","","","",213,0,0,false,false,1,"2026-02-23 12:46:23.385771",false
3998,WEB-BABY-230226,16,15,1,"{""componentJson"": [{""id"": 8280, ""isActive"": true, ""displayOrder"": 1}]}","2026-02-21 15:50:02.437","2036-02-22 04:40:53.054",1,8,"","","","",285,0,0,false,false,1,"2026-02-23 12:46:23.364583",false
3997,WEB-BABY-230226,16,10,1,"{""componentJson"": [{""id"": 8280, ""isActive"": true, ""displayOrder"": 1}]}","2026-02-21 12:50:08.72","2036-02-22 02:40:53.054",1,8,"","","","",282,0,0,false,false,1,"2026-02-23 12:46:23.343076",false
3996,WEB-BABY-230226,16,2,1,"{""componentJson"": [{""id"": 8280, ""isActive"": true, ""displayOrder"": 1}]}","2026-02-21 12:50:14.14","2036-02-22 02:40:53.054",1,8,"","","","",279,0,0,false,false,1,"2026-02-23 12:46:23.320859",false
3995,WEB-BABY-230226,13,14,1,"{""componentJson"": [{""id"": 8280, ""isActive"": true, ""displayOrder"": 1}]}","2026-02-23 12:50:20.742","2036-02-23 10:40:53.054",1,8,"","","","",313,0,0,false,false,1,"2026-02-23 12:46:23.299981",false
3994,WEB-BABY-230226,13,13,1,"{""componentJson"": [{""id"": 8280, ""isActive"": true, ""displayOrder"": 1}]}","2026-02-23 12:50:39.366","2036-02-23 10:40:53.054",1,8,"","","","",319,0,0,false,false,1,"2026-02-23 12:46:23.278161",false
3992,WEB-BABY-230226,12,8,1,"{""componentJson"": [{""id"": 8280, ""isActive"": true, ""displayOrder"": 1}]}","2026-02-24 03:51:08.197","2036-02-24 01:40:53.054",1,8,"","","","",415,0,0,false,false,1,"2026-02-23 12:46:23.236086",false
3990,WEB-BABY-230226,10,6,1,"{""componentJson"": [{""id"": 8280, ""isActive"": true, ""displayOrder"": 1}]}","2026-02-24 16:51:28.289","2036-02-24 14:40:53.054",1,8,"","","","",332,0,0,false,false,1,"2026-02-23 12:46:23.193907",false
3989,WEB-BABY-230226,10,3,1,"{""componentJson"": [{""id"": 8280, ""isActive"": true, ""displayOrder"": 1}]}","2026-02-24 16:51:40.074","2036-02-24 14:40:53.054",1,8,"","","","",344,0,0,false,false,1,"2026-02-23 12:46:23.171806",false
3988,WEB-BABY-230226,9,3,1,"{""componentJson"": [{""id"": 8280, ""isActive"": true, ""displayOrder"": 1}]}","2026-02-23 12:52:02.339","2036-02-23 10:40:53.054",1,8,"","","","",491,0,0,false,false,1,"2026-02-23 12:46:23.150215",false
3987,WEB-BABY-230226,8,12,1,"{""componentJson"": [{""id"": 8280, ""isActive"": true, ""displayOrder"": 1}, {""id"": 8233, ""isActive"": true, ""displayOrder"": 2}]}","2026-02-22 19:52:09.655","2036-02-22 17:40:53.054",1,8,"","","","",194,0,0,false,false,1,"2026-02-23 12:46:23.127965",false
3986,WEB-BABY-230226,8,2,1,"{""componentJson"": [{""id"": 8280, ""isActive"": true, ""displayOrder"": 1}, {""id"": 8233, ""isActive"": true, ""displayOrder"": 2}]}","2026-02-22 18:52:14.822","2036-02-22 16:40:53.054",1,8,"","","","",191,0,0,false,false,1,"2026-02-23 12:46:23.103975",false
3613,[OLD] BABY-MAFR-111225,16,10,1,"{""componentJson"": [{""id"": 6951, ""displayOrder"": 1}]}","2026-02-17 09:11:46.840727","2026-02-23 12:50:09.97971",4,8,"","","","",282,0,117708,false,false,0,"2026-02-17 21:43:48.83241",false
3235,[OLD] APP-DEALZONE-DE,25,4,126,"{""componentJson"": [{""id"": 8213, ""isActive"": true, ""displayOrder"": 1}, {""id"": 7773, ""isActive"": true, ""displayOrder"": 2}, {""id"": 7454, ""isActive"": true, ""displayOrder"": 3}, {""id"": 6579, ""isActive"": true, ""displayOrder"": 4}, {""id"": 6580, ""isActive"": true, ""displayOrder"": 5}]}","2026-02-05 04:54:17.566","2036-01-09 04:16:57",1,8,"","","","",521,1,0,true,false,1,"2026-02-17 21:41:27.928701",false
2525,[OLD] APP-BABY-GREN-111225,35,2,1,"{""componentJson"": [{""id"": 4765, ""displayOrder"": 1}]}","2026-02-17 06:29:18.846669","2026-02-23 12:53:39.444922",4,8,"","","","",248,1,117660,true,false,0,"2026-02-17 21:38:31.738413",false
2586,[OLD] DEALZONE-RS-080126,125,9,126,"{""componentJson"": [{""id"": 4878, ""isActive"": true, ""displayOrder"": 1}, {""id"": 8212, ""isActive"": true, ""displayOrder"": 2}, {""id"": 7455, ""isActive"": true, ""displayOrder"": 3}, {""id"": 7709, ""isActive"": true, ""displayOrder"": 4}, {""id"": 7236, ""isActive"": true, ""displayOrder"": 5}, {""id"": 4844, ""isActive"": true, ""displayOrder"": 6}, {""id"": 7238, ""isActive"": true, ""displayOrder"": 7}, {""id"": 7239, ""isActive"": true, ""displayOrder"": 8}]}","2026-02-05 21:46:03.737","2036-01-07 20:02:36",1,8,"","","","",22,0,0,false,false,1,"2026-02-17 21:38:48.287134",false
2328,[OLD] APP-BABY-IRAR-010126,13,14,1,"{""componentJson"": [{""id"": 4496, ""displayOrder"": 1}]}","2026-02-17 05:25:15.498078","2026-02-23 12:54:53.217026",4,8,"","","","",314,1,120536,true,false,0,"2026-02-17 21:37:43.102751",false
2722,[OLD] 23-NISAN-LP,1,1,1,"{""componentJson"": [{""id"": 7331, ""displayOrder"": 1}, {""id"": 7332, ""displayOrder"": 2}, {""id"": 7333, ""displayOrder"": 3}, {""id"": 7335, ""displayOrder"": 4}, {""id"": 7336, ""displayOrder"": 5}, {""id"": 7337, ""displayOrder"": 6}, {""id"": 7338, ""displayOrder"": 7}]}","2025-03-10 14:49:01","2033-03-01 11:49:27",1,2,"23-Nisan",/katalog,"","",,0,0,false,false,1,"2026-02-17 21:39:31.103724",false
3631,[OLD] WEB-DEAL-ZONE-080126,16,10,126,"{""componentJson"": [{""id"": 6990, ""isActive"": true, ""displayOrder"": 1}, {""id"": 8212, ""isActive"": true, ""displayOrder"": 2}, {""id"": 7601, ""isActive"": true, ""displayOrder"": 3}, {""id"": 7292, ""isActive"": true, ""displayOrder"": 4}, {""id"": 7315, ""isActive"": true, ""displayOrder"": 5}, {""id"": 7234, ""isActive"": true, ""displayOrder"": 6}, {""id"": 7236, ""isActive"": true, ""displayOrder"": 7}, {""id"": 6976, ""isActive"": true, ""displayOrder"": 8}, {""id"": 7238, ""isActive"": true, ""displayOrder"": 9}, {""id"": 7239, ""isActive"": true, ""displayOrder"": 10}]}","2026-02-05 17:26:37.082","2036-01-08 20:42:42",1,8,"","","","",145,0,0,false,false,1,"2026-02-17 21:43:51.859786",false
2732,[OLD] 23-NISAN-LP-NT,1,1,1,"{""componentJson"": [{""id"": 5100, ""displayOrder"": 1}, {""id"": 7327, ""displayOrder"": 2}, {""id"": 5105, ""displayOrder"": 3}, {""id"": 7329, ""displayOrder"": 4}, {""id"": 5107, ""displayOrder"": 5}, {""id"": 7330, ""displayOrder"": 6}]}","2024-02-13 09:34:08","2033-03-01 11:49:27",1,2,"23-nisan-nt",/katalog,"","",,1,0,true,false,1,"2026-02-17 21:39:32.775252",false
4165,WEB-BABY-230226,143,21,1,"{""componentJson"": [{""id"": 8280, ""isActive"": true, ""displayOrder"": 1}]}","2026-03-01 12:21:22.174","2036-02-22 06:40:53.054",1,8,"","","","",635,0,0,false,false,1,"2026-03-02 12:21:01.480702",false
4164,WEB-BABY-230226,143,2,1,"{""componentJson"": [{""id"": 8280, ""isActive"": true, ""displayOrder"": 1}]}","2026-03-01 12:21:11.078","2036-02-22 06:40:53.054",1,8,"","","","",625,0,0,false,false,1,"2026-03-02 12:21:01.449103",false
4010,WEB-BABY-230226,52,2,1,"{""componentJson"": [{""id"": 8280, ""isActive"": true, ""displayOrder"": 1}]}","2026-02-22 20:48:09.069","2036-02-22 18:40:53.054",1,8,"","","","",258,0,0,false,false,1,"2026-02-23 12:46:23.623833",false
4176,WEB-KADIN-DENIM-2026,1,1,1,"{""componentJson"": [{""id"": 7343, ""displayOrder"": 1}]}","2026-03-02 14:55:39.997","2027-03-02 14:46:26.464",1,2,kadin-denim,/katalog,"","",0,0,0,false,false,1,"2026-03-02 14:47:45.256625",true
3328,[OLD] WEB-HOMEPAGE-ITEN-081225,38,2,126,"{""componentJson"": [{""id"": 7455, ""displayOrder"": 1}, {""id"": 6609, ""displayOrder"": 2}, {""id"": 6610, ""displayOrder"": 3}]}","2026-02-06 08:47:48.895","2035-12-11 04:02:36",1,8,"","","","",122,0,0,false,false,1,"2026-02-17 21:42:02.384175",false
4175,WEB-23-NISAN-2026,1,1,13,"{""componentJson"": [{""id"": 7331, ""status"": true, ""displayOrder"": 1}, {""id"": 7332, ""status"": true, ""displayOrder"": 2}, {""id"": 7333, ""status"": true, ""displayOrder"": 3}, {""id"": 7335, ""status"": true, ""displayOrder"": 4}, {""id"": 7336, ""status"": true, ""displayOrder"": 5}, {""id"": 7337, ""status"": true, ""displayOrder"": 6}, {""id"": 7338, ""status"": true, ""displayOrder"": 7}]}","2026-03-02 13:57:34.146","2036-03-02 14:00:26.397",1,8,"","","","",641,0,0,false,false,1,"2026-03-02 14:00:22.448752",false
3632,[OLD] APP-DEALZONE-MAAR-080126,16,15,126,"{""componentJson"": [{""id"": 8213, ""isActive"": true, ""displayOrder"": 1}, {""id"": 7600, ""isActive"": true, ""displayOrder"": 2}, {""id"": 7291, ""isActive"": true, ""displayOrder"": 3}, {""id"": 7314, ""isActive"": true, ""displayOrder"": 4}, {""id"": 7233, ""isActive"": true, ""displayOrder"": 5}, {""id"": 7235, ""isActive"": true, ""displayOrder"": 6}, {""id"": 6967, ""isActive"": true, ""displayOrder"": 7}, {""id"": 7237, ""isActive"": true, ""displayOrder"": 8}]}","2026-02-05 17:27:16.264","2036-01-08 20:46:57",1,8,"","","","",392,1,0,true,false,1,"2026-02-17 21:43:52.09158",false
3697,[OLD] WEB-BABY-AL,143,21,1,"{""componentJson"": [{""id"": 7086, ""displayOrder"": 1}]}","2026-02-17 08:21:12.283088","2026-03-02 12:21:25.634334",4,8,"","","","",635,0,124839,false,false,0,"2026-02-17 21:45:44.156203",false
4028,WEB-GIRLS-230226,16,15,126,"{""componentJson"": [{""id"": 8259, ""isActive"": true, ""displayOrder"": 1}]}","2026-02-21 16:38:06.741","2036-02-22 05:33:53.011",1,8,"","","","",283,0,0,false,false,1,"2026-02-23 13:34:30.496833",false
4016,WEB-GIRLS-230226,8,2,126,"{""componentJson"": [{""id"": 8259, ""isActive"": true, ""displayOrder"": 1}, {""id"": 7758, ""isActive"": true, ""displayOrder"": 2}, {""id"": 8065, ""isActive"": true, ""displayOrder"": 3}]}","2026-02-22 19:40:11.786","2036-02-22 17:33:53.011",1,8,"","","","",189,0,0,false,false,1,"2026-02-23 13:34:30.208181",false
4039,WEB-GIRLS-230226,50,7,126,"{""componentJson"": [{""id"": 8259, ""isActive"": true, ""displayOrder"": 1}, {""id"": 7758, ""isActive"": true, ""displayOrder"": 2}]}","2026-02-22 21:35:37.652","2036-02-22 19:33:53.011",1,8,"","","","",186,0,0,false,false,1,"2026-02-23 13:34:30.74109",false
4025,WEB-GIRLS-230226,13,14,126,"{""componentJson"": [{""id"": 8259, ""isActive"": true, ""displayOrder"": 1}, {""id"": 7758, ""isActive"": true, ""displayOrder"": 2}]}","2026-02-23 13:38:25.227","2036-02-23 11:33:53.011",1,8,"","","","",312,0,0,false,false,1,"2026-02-23 13:34:30.4298",false
4024,WEB-GIRLS-230226,13,13,126,"{""componentJson"": [{""id"": 8259, ""isActive"": true, ""displayOrder"": 1}, {""id"": 7758, ""isActive"": true, ""displayOrder"": 2}]}","2026-02-23 13:38:40.095","2036-02-23 11:33:53.011",1,8,"","","","",316,0,0,false,false,1,"2026-02-23 13:34:30.407165",false
4036,WEB-GIRLS-230226,35,23,126,"{""componentJson"": [{""id"": 8259, ""isActive"": true, ""displayOrder"": 1}, {""id"": 7758, ""isActive"": true, ""displayOrder"": 2}]}","2026-02-22 21:36:08.194","2036-02-22 19:33:53.011",1,8,"","","","",271,0,0,false,false,1,"2026-02-23 13:34:30.674523",false
4035,WEB-GIRLS-230226,35,2,126,"{""componentJson"": [{""id"": 8259, ""isActive"": true, ""displayOrder"": 1}, {""id"": 7758, ""isActive"": true, ""displayOrder"": 2}]}","2026-02-22 20:36:17.319","2036-02-22 18:33:53.011",1,8,"","","","",268,0,0,false,false,1,"2026-02-23 13:34:30.651501",false
4044,WEB-GIRLS-230226,125,9,126,"{""componentJson"": [{""id"": 8259, ""isActive"": true, ""displayOrder"": 1}, {""id"": 7758, ""isActive"": true, ""displayOrder"": 2}]}","2026-02-22 05:34:50.951","2036-02-22 03:33:53.011",1,8,"","","","",180,0,0,false,false,1,"2026-02-23 13:34:30.855237",false
4015,WEB-GIRLS-230226,125,2,126,"{""componentJson"": [{""id"": 8259, ""isActive"": true, ""displayOrder"": 1}, {""id"": 7758, ""isActive"": true, ""displayOrder"": 2}]}","2026-02-22 03:33:33.957","2036-02-22 03:33:53.011",1,8,"","","","",177,0,0,false,false,1,"2026-02-23 13:33:42.10994",false
4032,WEB-GIRLS-230226,25,4,126,"{""componentJson"": [{""id"": 8259, ""isActive"": true, ""displayOrder"": 1}, {""id"": 7758, ""isActive"": true, ""displayOrder"": 2}]}","2026-02-22 05:36:58.405","2036-02-22 03:33:53.011",1,8,"","","","",295,0,0,false,false,1,"2026-02-23 13:34:30.586151",false
4031,WEB-GIRLS-230226,25,1,126,"{""componentJson"": [{""id"": 8259, ""isActive"": true, ""displayOrder"": 1}, {""id"": 7758, ""isActive"": true, ""displayOrder"": 2}]}","2026-02-22 05:37:17.865","2036-02-22 03:33:53.011",1,8,"","","","",298,0,0,false,false,1,"2026-02-23 13:34:30.563869",false
4037,WEB-GIRLS-230226,38,2,126,"{""componentJson"": [{""id"": 8259, ""isActive"": true, ""displayOrder"": 1}, {""id"": 7758, ""isActive"": true, ""displayOrder"": 2}]}","2026-02-22 05:35:58.757","2036-02-22 03:33:53.011",1,8,"","","","",292,0,0,false,false,1,"2026-02-23 13:34:30.69697",false
4041,WEB-GIRLS-230226,52,11,126,"{""componentJson"": [{""id"": 8259, ""isActive"": true, ""displayOrder"": 1}, {""id"": 7758, ""isActive"": true, ""displayOrder"": 2}]}","2026-02-22 20:35:15.82","2036-02-22 18:33:53.011",1,8,"","","","",262,0,0,false,false,1,"2026-02-23 13:34:30.785437",false
4040,WEB-GIRLS-230226,52,2,126,"{""componentJson"": [{""id"": 8259, ""isActive"": true, ""displayOrder"": 1}, {""id"": 7758, ""isActive"": true, ""displayOrder"": 2}]}","2026-02-22 21:35:23.56","2036-02-22 19:33:53.011",1,8,"","","","",256,0,0,false,false,1,"2026-02-23 13:34:30.763162",false
4008,WEB-BABY-230226,50,2,1,"{""componentJson"": [{""id"": 8280, ""isActive"": true, ""displayOrder"": 1}]}","2026-02-22 21:48:22.403","2036-02-22 19:40:53.054",1,8,"","","","",185,0,0,false,false,1,"2026-02-23 12:46:23.580077",false
4034,WEB-GIRLS-230226,27,10,126,"{""componentJson"": [{""id"": 8259, ""isActive"": true, ""displayOrder"": 1}, {""id"": 7758, ""isActive"": true, ""displayOrder"": 2}]}","2026-02-22 05:36:30.009","2036-02-22 03:33:53.011",1,8,"","","","",286,0,0,false,false,1,"2026-02-23 13:34:30.629714",false
4018,WEB-GIRLS-230226,9,3,126,"{""componentJson"": [{""id"": 8259, ""isActive"": true, ""displayOrder"": 1}, {""id"": 7758, ""isActive"": true, ""displayOrder"": 2}]}","2026-02-23 13:39:52.257","2036-02-23 11:33:53.011",1,8,"","","","",489,0,0,false,false,1,"2026-02-23 13:34:30.260209",false
4021,WEB-GIRLS-230226,12,2,126,"{""componentJson"": [{""id"": 8259, ""isActive"": true, ""displayOrder"": 1}, {""id"": 7758, ""isActive"": true, ""displayOrder"": 2}]}","2026-02-24 05:39:18.098","2036-02-24 03:33:53.011",1,8,"","","","",407,0,0,false,false,1,"2026-02-23 13:34:30.32729",false
4026,WEB-GIRLS-230226,16,2,126,"{""componentJson"": [{""id"": 8259, ""isActive"": true, ""displayOrder"": 1}, {""id"": 7758, ""isActive"": true, ""displayOrder"": 2}]}","2026-02-21 13:38:18.898","2036-02-22 03:33:53.011",1,8,"","","","",277,0,0,false,false,1,"2026-02-23 13:34:30.451811",false
4045,APP-ERKEK-230226,125,2,126,"{""componentJson"": [{""id"": 8221, ""isActive"": true, ""displayOrder"": 1}]}","2026-02-22 05:36:13.605","2036-02-22 05:36:40.42",1,8,"","","","",10,1,0,true,false,1,"2026-02-23 13:36:25.56618",false
3876,APP-BOYS-230226,24,3,1,"{""componentJson"": [{""id"": 8248, ""isActive"": true, ""displayOrder"": 1}]}","2026-02-22 20:21:51.056","2036-02-22 18:15:40.457",1,8,"","","","",383,1,0,true,false,1,"2026-02-23 10:17:05.644837",false
4167,APP-BABY-230226,143,21,1,"{""componentJson"": [{""id"": 8279, ""isActive"": true, ""displayOrder"": 1}]}","2026-03-01 12:22:14.192","2036-02-22 06:40:53.008",1,8,"","","","",630,1,0,true,false,1,"2026-03-02 12:21:57.916187",false
4166,APP-BABY-230226,143,2,1,"{""componentJson"": [{""id"": 8279, ""isActive"": true, ""displayOrder"": 1}]}","2026-03-01 12:22:08.319","2036-02-22 06:40:53.008",1,8,"","","","",620,1,0,true,false,1,"2026-03-02 12:21:57.883736",false
4054,APP-ERKEK-230226,13,13,126,"{""componentJson"": []}","2026-02-23 11:36:13.605","2036-02-23 11:36:40.420338",6,8,"","","","",,1,0,true,false,1,"2026-02-23 13:36:54.387287",true
4053,APP-ERKEK-230226,13,2,126,"{""componentJson"": []}","2026-02-23 11:36:13.605","2036-02-23 11:36:40.420338",6,8,"","","","",,1,0,true,false,1,"2026-02-23 13:36:54.364556",true
4052,APP-ERKEK-230226,12,8,126,"{""componentJson"": []}","2026-02-23 10:36:13.605","2036-02-23 10:36:40.420338",6,8,"","","","",,1,0,true,false,1,"2026-02-23 13:36:54.340749",true
4051,APP-ERKEK-230226,12,2,126,"{""componentJson"": []}","2026-02-23 10:36:13.605","2036-02-23 10:36:40.420338",6,8,"","","","",,1,0,true,false,1,"2026-02-23 13:36:54.318158",true
4050,APP-ERKEK-230226,10,6,126,"{""componentJson"": []}","2026-02-23 09:36:13.605","2036-02-23 09:36:40.420338",6,8,"","","","",,1,0,true,false,1,"2026-02-23 13:36:54.296095",true
4049,APP-ERKEK-230226,10,3,126,"{""componentJson"": []}","2026-02-23 09:36:13.605","2036-02-23 09:36:40.420338",6,8,"","","","",,1,0,true,false,1,"2026-02-23 13:36:54.27258",true
4048,APP-ERKEK-230226,9,3,126,"{""componentJson"": []}","2026-02-23 11:36:13.605","2036-02-23 11:36:40.420338",6,8,"","","","",,1,0,true,false,1,"2026-02-23 13:36:54.249359",true
4047,APP-ERKEK-230226,8,12,126,"{""componentJson"": []}","2026-02-23 12:36:13.605","2036-02-23 12:36:40.420338",6,8,"","","","",,1,0,true,false,1,"2026-02-23 13:36:54.226173",true
4046,APP-ERKEK-230226,8,2,126,"{""componentJson"": []}","2026-02-23 12:36:13.605","2036-02-23 12:36:40.420338",6,8,"","","","",,1,0,true,false,1,"2026-02-23 13:36:54.202777",true
4074,APP-ERKEK-230226,125,9,126,"{""componentJson"": []}","2026-02-23 13:36:13.605","2036-02-23 13:36:40.420338",6,8,"","","","",,1,0,true,false,1,"2026-02-23 13:36:54.837007",true
4073,APP-ERKEK-230226,58,17,126,"{""componentJson"": []}","2026-02-23 13:36:13.605","2036-02-23 13:36:40.420338",6,8,"","","","",,1,0,true,false,1,"2026-02-23 13:36:54.812774",true
4072,APP-ERKEK-230226,58,2,126,"{""componentJson"": []}","2026-02-23 13:36:13.605","2036-02-23 13:36:40.420338",6,8,"","","","",,1,0,true,false,1,"2026-02-23 13:36:54.790402",true
4071,APP-ERKEK-230226,52,11,126,"{""componentJson"": []}","2026-02-23 12:36:13.605","2036-02-23 12:36:40.420338",6,8,"","","","",,1,0,true,false,1,"2026-02-23 13:36:54.768629",true
4070,APP-ERKEK-230226,52,2,126,"{""componentJson"": []}","2026-02-23 12:36:13.605","2036-02-23 12:36:40.420338",6,8,"","","","",,1,0,true,false,1,"2026-02-23 13:36:54.74672",true
4069,APP-ERKEK-230226,50,7,126,"{""componentJson"": []}","2026-02-23 12:36:13.605","2036-02-23 12:36:40.420338",6,8,"","","","",,1,0,true,false,1,"2026-02-23 13:36:54.725208",true
4068,APP-ERKEK-230226,50,2,126,"{""componentJson"": []}","2026-02-23 12:36:13.605","2036-02-23 12:36:40.420338",6,8,"","","","",,1,0,true,false,1,"2026-02-23 13:36:54.70226",true
4067,APP-ERKEK-230226,38,2,126,"{""componentJson"": []}","2026-02-23 13:36:13.605","2036-02-23 13:36:40.420338",6,8,"","","","",,1,0,true,false,1,"2026-02-23 13:36:54.680247",true
4066,APP-ERKEK-230226,35,23,126,"{""componentJson"": []}","2026-02-23 12:36:13.605","2036-02-23 12:36:40.420338",6,8,"","","","",,1,0,true,false,1,"2026-02-23 13:36:54.657996",true
4065,APP-ERKEK-230226,35,2,126,"{""componentJson"": []}","2026-02-23 12:36:13.605","2036-02-23 12:36:40.420338",6,8,"","","","",,1,0,true,false,1,"2026-02-23 13:36:54.635328",true
4064,APP-ERKEK-230226,27,10,126,"{""componentJson"": []}","2026-02-23 13:36:13.605","2036-02-23 13:36:40.420338",6,8,"","","","",,1,0,true,false,1,"2026-02-23 13:36:54.613504",true
4063,APP-ERKEK-230226,27,1,126,"{""componentJson"": []}","2026-02-23 13:36:13.605","2036-02-23 13:36:40.420338",6,8,"","","","",,1,0,true,false,1,"2026-02-23 13:36:54.589986",true
4062,APP-ERKEK-230226,25,4,126,"{""componentJson"": []}","2026-02-23 13:36:13.605","2036-02-23 13:36:40.420338",6,8,"","","","",,1,0,true,false,1,"2026-02-23 13:36:54.56721",true
4061,APP-ERKEK-230226,25,1,126,"{""componentJson"": []}","2026-02-23 13:36:13.605","2036-02-23 13:36:40.420338",6,8,"","","","",,1,0,true,false,1,"2026-02-23 13:36:54.545809",true
4060,APP-ERKEK-230226,24,5,126,"{""componentJson"": []}","2026-02-23 12:36:13.605","2036-02-23 12:36:40.420338",6,8,"","","","",,1,0,true,false,1,"2026-02-23 13:36:54.523724",true
4059,APP-ERKEK-230226,24,3,126,"{""componentJson"": []}","2026-02-23 12:36:13.605","2036-02-23 12:36:40.420338",6,8,"","","","",,1,0,true,false,1,"2026-02-23 13:36:54.501463",true
4058,APP-ERKEK-230226,16,15,126,"{""componentJson"": []}","2026-02-23 14:36:13.605","2036-02-23 13:36:40.420338",6,8,"","","","",,1,0,true,false,1,"2026-02-23 13:36:54.476128",true
4057,APP-ERKEK-230226,16,10,126,"{""componentJson"": []}","2026-02-23 14:36:13.605","2036-02-23 13:36:40.420338",6,8,"","","","",,1,0,true,false,1,"2026-02-23 13:36:54.453796",true
4056,APP-ERKEK-230226,16,2,126,"{""componentJson"": []}","2026-02-23 14:36:13.605","2036-02-23 13:36:40.420338",6,8,"","","","",,1,0,true,false,1,"2026-02-23 13:36:54.431368",true
4055,APP-ERKEK-230226,13,14,126,"{""componentJson"": []}","2026-02-23 11:36:13.605","2036-02-23 11:36:40.420338",6,8,"","","","",,1,0,true,false,1,"2026-02-23 13:36:54.409366",true
2794,[OLD] DENIM-ERKEK-TREND,1,1,1,"{""componentJson"": [{""id"": 7473, ""status"": true, ""displayOrder"": 1}, {""id"": 7345, ""status"": true, ""displayOrder"": 2}, {""id"": 7474, ""status"": true, ""displayOrder"": 3}]}","2024-09-12 13:57:34","2030-01-01 00:00:00",1,2,denim-erkek-trend,/katalog,"","",0,0,0,false,false,1,"2026-02-17 21:39:48.797117",false
4093,APP-ERKEK-230226,38,2,126,"{""componentJson"": [{""id"": 7279, ""displayOrder"": 1}]}","2026-02-23 11:36:13.605","2036-02-23 11:36:40.42",6,8,"","","","",,1,0,true,false,1,"2026-02-23 13:41:22.440478",true
4090,APP-ERKEK-230226,27,10,126,"{""componentJson"": [{""id"": 7279, ""displayOrder"": 1}]}","2026-02-23 11:36:13.605","2036-02-23 11:36:40.42",6,8,"","","","",,1,0,true,false,1,"2026-02-23 13:41:22.376929",true
4089,APP-ERKEK-230226,27,1,126,"{""componentJson"": [{""id"": 7279, ""displayOrder"": 1}]}","2026-02-23 11:36:13.605","2036-02-23 11:36:40.42",6,8,"","","","",,1,0,true,false,1,"2026-02-23 13:41:22.356044",true
4169,APP-BOYS-230226,143,21,1,"{""componentJson"": [{""id"": 8248, ""isActive"": true, ""displayOrder"": 1}]}","2026-03-01 08:22:59.413","2036-02-22 00:15:40.457",1,8,"","","","",629,1,0,true,false,1,"2026-03-02 12:22:39.422653",false
4168,APP-BOYS-230226,143,2,1,"{""componentJson"": [{""id"": 8248, ""isActive"": true, ""displayOrder"": 1}]}","2026-03-01 12:22:51.669","2036-02-22 04:15:40.457",1,8,"","","","",619,1,0,true,false,1,"2026-03-02 12:22:39.396034",false
3865,APP-BOYS-230226,9,3,1,"{""componentJson"": [{""id"": 8248, ""isActive"": true, ""displayOrder"": 1}]}","2026-04-28 05:47:42.553","2030-04-21 07:21:28.539",1,8,"","","","",486,1,0,true,false,1,"2026-02-23 10:17:05.387532",false
4171,WEB-BOYS-230226,143,21,1,"{""componentJson"": [{""id"": 8243, ""isActive"": true, ""displayOrder"": 1}]}","2026-05-05 07:28:28.557","2036-06-08 05:10:27.201513",1,8,"","","","",633,0,0,false,false,1,"2026-03-02 12:22:42.197878",false
4170,WEB-BOYS-230226,143,2,1,"{""componentJson"": [{""id"": 8243, ""isActive"": true, ""displayOrder"": 1}]}","2026-03-01 10:23:04.606","2036-02-22 02:15:40.439",1,8,"","","","",624,0,0,false,false,1,"2026-03-02 12:22:42.168228",false
4100,APP-ERKEK-230226,125,9,1,"{""componentJson"": [{""id"": 8282, ""isActive"": true, ""displayOrder"": 1}]}","2026-02-22 03:41:32.588","2036-02-21 23:36:40.42",1,8,"","","","",74,1,0,true,false,1,"2026-02-23 13:41:22.599073",false
4099,APP-ERKEK-230226,58,17,1,"{""componentJson"": [{""id"": 8282, ""isActive"": true, ""displayOrder"": 1}]}","2026-02-22 01:42:04.718","2036-02-21 21:36:40.42",1,8,"","","","",450,1,0,true,false,1,"2026-02-23 13:41:22.577573",false
4098,APP-ERKEK-230226,58,2,1,"{""componentJson"": [{""id"": 8282, ""isActive"": true, ""displayOrder"": 1}]}","2026-02-22 01:42:57.93","2036-02-21 21:36:40.42",1,8,"","","","",443,1,0,true,false,1,"2026-02-23 13:41:22.556308",false
4097,APP-ERKEK-230226,52,11,1,"{""componentJson"": [{""id"": 8282, ""isActive"": true, ""displayOrder"": 1}]}","2026-02-22 22:43:26.44","2036-02-22 18:36:40.42",1,8,"","","","",159,1,0,true,false,1,"2026-02-23 13:41:22.534633",false
4092,APP-ERKEK-230226,35,23,1,"{""componentJson"": [{""id"": 8282, ""isActive"": true, ""displayOrder"": 1}]}","2026-02-22 21:45:13.193","2036-02-22 17:36:40.42",1,8,"","","","",217,1,0,true,false,1,"2026-02-23 13:41:22.419562",false
4088,APP-ERKEK-230226,25,4,1,"{""componentJson"": [{""id"": 8282, ""isActive"": true, ""displayOrder"": 1}]}","2026-02-22 07:46:19.255","2036-02-22 03:36:40.42",1,8,"","","","",511,1,0,true,false,1,"2026-02-23 13:41:22.335334",false
4087,APP-ERKEK-230226,25,1,1,"{""componentJson"": [{""id"": 8282, ""isActive"": true, ""displayOrder"": 1}]}","2026-02-22 05:46:28.909","2036-02-22 01:36:40.42",1,8,"","","","",516,1,0,true,false,1,"2026-02-23 13:41:22.314471",false
4086,APP-ERKEK-230226,24,5,1,"{""componentJson"": [{""id"": 8282, ""isActive"": true, ""displayOrder"": 1}]}","2026-02-22 22:47:03.641","2036-02-22 18:36:40.42",1,8,"","","","",375,1,0,true,false,1,"2026-02-23 13:41:22.291949",false
4085,APP-ERKEK-230226,24,3,1,"{""componentJson"": [{""id"": 8282, ""isActive"": true, ""displayOrder"": 1}]}","2026-02-22 22:47:29.425","2036-02-22 18:36:40.42",1,8,"","","","",381,1,0,true,false,1,"2026-02-23 13:41:22.248782",false
4084,APP-ERKEK-230226,13,14,1,"{""componentJson"": [{""id"": 8282, ""isActive"": true, ""displayOrder"": 1}]}","2026-02-23 13:47:51.505","2036-02-23 09:36:40.42",1,8,"","","","",164,1,0,true,false,1,"2026-02-23 13:41:22.223149",false
4083,APP-ERKEK-230226,13,13,1,"{""componentJson"": [{""id"": 8282, ""isActive"": true, ""displayOrder"": 1}]}","2026-02-23 13:48:07.596","2036-02-23 09:36:40.42",1,8,"","","","",169,1,0,true,false,1,"2026-02-23 13:41:22.199121",false
4082,APP-ERKEK-230226,13,2,1,"{""componentJson"": [{""id"": 8282, ""isActive"": true, ""displayOrder"": 1}]}","2026-02-23 13:48:16.693","2036-02-23 09:36:40.42",1,8,"","","","",29,1,0,true,false,1,"2026-02-23 13:41:22.176972",false
4081,APP-ERKEK-230226,12,8,1,"{""componentJson"": [{""id"": 8282, ""isActive"": true, ""displayOrder"": 1}]}","2026-02-24 04:48:43.847","2036-02-24 00:36:40.42",1,8,"","","","",500,1,0,true,false,1,"2026-02-23 13:41:22.15456",false
4080,APP-ERKEK-230226,12,2,1,"{""componentJson"": [{""id"": 8282, ""isActive"": true, ""displayOrder"": 1}]}","2026-02-24 06:48:53.615","2036-02-24 02:36:40.42",1,8,"","","","",494,1,0,true,false,1,"2026-02-23 13:41:22.133088",false
4079,APP-ERKEK-230226,10,6,1,"{""componentJson"": [{""id"": 8282, ""isActive"": true, ""displayOrder"": 1}]}","2026-02-24 23:49:10.047","2036-02-24 19:36:40.42",1,8,"","","","",335,1,0,true,false,1,"2026-02-23 13:41:22.112162",false
4075,APP-ERKEK-230226,8,2,1,"{""componentJson"": [{""id"": 8282, ""isActive"": true, ""displayOrder"": 1}, {""id"": 8063, ""isActive"": true, ""displayOrder"": 2}]}","2026-02-22 20:50:28.121","2036-02-22 16:36:40.42",1,8,"","","","",59,1,0,true,false,1,"2026-02-23 13:41:22.027668",false
2799,[OLD] DENIM-KADIN-TREND,1,1,1,"{""componentJson"": [{""id"": 7441, ""status"": true, ""displayOrder"": 1}, {""id"": 7343, ""status"": true, ""displayOrder"": 2}, {""id"": 7443, ""status"": true, ""displayOrder"": 3}, {""id"": 7442, ""status"": true, ""displayOrder"": 4}]}","2024-09-12 13:12:03","2030-01-30 15:45:00",1,2,denim-kadin-trend,/katalog,"","",0,0,0,false,false,1,"2026-02-17 21:39:49.255132",false
4173,WEB-WOMEN-230226,143,21,126,"{""componentJson"": [{""id"": 8222, ""isActive"": true, ""displayOrder"": 1}]}","2026-03-01 16:29:31.556","2036-02-22 06:52:14.89",1,8,"","","","",631,0,0,false,false,1,"2026-03-02 12:29:09.722218",false
2835,[OLD] DENIM-ERKEK-TREND-NT,1,1,1,"{""componentJson"": [{""id"": 7344, ""displayOrder"": 1}]}","2024-09-13 00:08:01","2030-01-01 00:00:00",1,2,denim-erkek-trend-nt,/katalog,"","",,1,0,true,false,1,"2026-02-17 21:39:53.062132",false
4172,WEB-WOMEN-230226,143,2,126,"{""componentJson"": [{""id"": 8222, ""isActive"": true, ""displayOrder"": 1}]}","2026-03-01 16:29:25.065","2036-02-22 06:52:14.89",1,8,"","","","",621,0,0,false,false,1,"2026-03-02 12:29:09.700813",false
4101,APP-GIRLS-230226,125,2,126,"{""componentJson"": [{""id"": 8260, ""isActive"": true, ""displayOrder"": 1}, {""id"": 7759, ""isActive"": true, ""displayOrder"": 2}]}","2026-02-22 05:43:04.313","2036-02-22 05:43:40.414",1,8,"","","","",233,1,0,true,false,1,"2026-02-23 13:43:28.669551",false
2563,[OLD] APP-GIRLS-RSEN-010126,125,2,1,"{""componentJson"": [{""id"": 4847, ""displayOrder"": 1}]}","2026-02-16 06:18:27","2026-02-23 13:43:40.41141",4,8,"","","","",233,1,120467,true,false,0,"2026-02-17 21:38:45.50392",false
3924,WEB-MEN-230226,8,12,126,"{""componentJson"": [{""id"": 8281, ""isActive"": true, ""displayOrder"": 1}, {""id"": 8064, ""isActive"": true, ""displayOrder"": 2}]}","2026-02-22 19:43:47.361","2036-02-22 11:22:21",1,8,"","","","",64,0,0,false,false,1,"2026-02-23 12:23:31.845823",false
3948,WEB-MEN-230226,52,11,126,"{""componentJson"": [{""id"": 8281, ""isActive"": true, ""displayOrder"": 1}]}","2026-02-22 22:32:11.447","2036-02-22 14:22:21",1,8,"","","","",98,0,0,false,false,1,"2026-02-23 12:23:32.404984",false
2857,[OLD] DENIM-KADIN-TREND-2025,1,1,1,"{""componentJson"": [{""id"": 5516, ""displayOrder"": 1}, {""id"": 5517, ""displayOrder"": 2}, {""id"": 5518, ""displayOrder"": 3}, {""id"": 5519, ""displayOrder"": 4}]}","2025-03-12 13:56:02","2030-01-30 15:45:00",4,2,denim-kadin-trend,/katalog,Kadın Denim Koleksiyonu 2025,LCW jeans ve tüm diğer markaların en trend denim parçalarıyla tarzını tamamla! Kadın denim fiyatları ve modellerini keşfetmek için tıkla!,95675,0,106858,false,false,0,"2026-02-17 21:39:57.457791",false
2883,[OLD] WEB-DENIM-KADIN-TREND-2025-WINTER,1,1,1,"{""componentJson"": [{""id"": 5596, ""displayOrder"": 1}, {""id"": 5597, ""displayOrder"": 2}, {""id"": 5598, ""displayOrder"": 3}]}","2025-03-12 13:56:02","2030-01-30 15:45:00",4,2,denim-kadin-trend,/katalog,Kadın Denim Koleksiyonu 2025,LCW jeans ve tüm diğer markaların en trend denim parçalarıyla tarzını tamamla! Kadın denim fiyatları ve modellerini keşfetmek için tıkla!,95675,0,110088,false,false,0,"2026-02-17 21:40:02.108319",false
2860,[OLD] DENIM-ERKEK-TREND-NT-2025,1,1,1,"{""componentJson"": [{""id"": 5528, ""displayOrder"": 1}, {""id"": 5529, ""displayOrder"": 2}, {""id"": 5530, ""displayOrder"": 3}, {""id"": 5531, ""displayOrder"": 4}]}","2025-03-17 13:37:52","2030-01-01 00:00:00",4,2,denim-erkek-trend-nt,/katalog,"","",95675,0,106861,true,false,0,"2026-02-17 21:39:58.131319",false
2886,[OLD] APP-DENIM-ERKEK-TREND-NT-2025-WINTER,1,1,1,"{""componentJson"": [{""id"": 5605, ""displayOrder"": 1}, {""id"": 5606, ""displayOrder"": 2}, {""id"": 5607, ""displayOrder"": 3}]}","2025-09-15 10:32:25","2030-01-01 00:00:00",4,2,denim-erkek-trend-nt,/katalog,"","",95675,0,110091,true,false,0,"2026-02-17 21:40:02.681697",false
4180,DENIM KIZ COCUK TREND ,1,1,1,"{""componentJson"": [{""id"": 7351, ""displayOrder"": 1}, {""id"": 7358, ""displayOrder"": 2}, {""id"": 7359, ""displayOrder"": 3}]}","2026-03-03 12:24:27.593","2027-03-03 12:02:51.67",1,2,denim-kiz-cocuk-trend,/katalog,"","",0,0,0,false,false,1,"2026-03-03 12:07:52.188323",false
4184,APP-HOME-EK-040226,52,2,53,"{""componentJson"": [{""id"": 7357, ""displayOrder"": 1}]}","2026-03-04 12:48:51.891","2026-03-12 11:21:09.013696",4,8,"","","","",645,1,0,true,false,1,"2026-03-04 12:49:09.791031",false
4185,APP-HOME-EK-040226,10,3,53,"{""componentJson"": [{""id"": 7357, ""displayOrder"": 1}]}","2026-03-04 12:51:12.019","2026-03-12 11:22:13.399608",4,8,"","","","",653,1,0,true,false,1,"2026-03-04 12:50:59.120691",false
4123,APP-GIRLS-230226,38,2,126,"{""componentJson"": [{""id"": 7284, ""displayOrder"": 1}]}","2026-02-23 13:43:04.313","2036-02-23 13:43:40.414547",6,8,"","","","",,1,0,true,false,1,"2026-02-23 13:44:04.500117",true
4120,APP-GIRLS-230226,27,10,126,"{""componentJson"": [{""id"": 7284, ""displayOrder"": 1}]}","2026-02-23 13:43:04.313","2036-02-23 13:43:40.414547",6,8,"","","","",,1,0,true,false,1,"2026-02-23 13:44:04.419716",true
4119,APP-GIRLS-230226,27,1,126,"{""componentJson"": [{""id"": 7284, ""displayOrder"": 1}]}","2026-02-23 13:43:04.313","2036-02-23 13:43:40.414547",6,8,"","","","",,1,0,true,false,1,"2026-02-23 13:44:04.398728",true
4174,APP-23-NISAN-2026,1,1,1,"{""componentJson"": [{""id"": 5100, ""displayOrder"": 1}, {""id"": 7327, ""displayOrder"": 2}, {""id"": 5105, ""displayOrder"": 3}, {""id"": 7329, ""displayOrder"": 4}, {""id"": 5107, ""displayOrder"": 5}, {""id"": 7330, ""displayOrder"": 6}]}","2026-03-02 13:46:10.355","2036-03-02 13:48:26.402286",1,8,"","","","",639,1,0,true,false,1,"2026-03-02 13:48:16.179328",false
4125,APP-GIRLS-230226,50,7,126,"{""componentJson"": [{""id"": 8260, ""isActive"": true, ""displayOrder"": 1}, {""id"": 7759, ""isActive"": true, ""displayOrder"": 2}]}","2026-02-22 16:45:05.792","2036-02-22 14:43:40.414",1,8,"","","","",227,1,0,true,false,1,"2026-02-23 13:44:04.54184",false
4124,APP-GIRLS-230226,50,2,126,"{""componentJson"": [{""id"": 8260, ""isActive"": true, ""displayOrder"": 1}, {""id"": 7759, ""isActive"": true, ""displayOrder"": 2}]}","2026-02-22 17:45:14.642","2036-02-22 15:43:40.414",1,8,"","","","",224,1,0,true,false,1,"2026-02-23 13:44:04.521327",false
4111,APP-GIRLS-230226,13,14,126,"{""componentJson"": [{""id"": 8260, ""isActive"": true, ""displayOrder"": 1}, {""id"": 7759, ""isActive"": true, ""displayOrder"": 2}]}","2026-02-23 13:47:18.822","2036-02-23 11:43:40.414",1,8,"","","","",315,1,0,true,false,1,"2026-02-23 13:44:04.224536",false
4110,APP-GIRLS-230226,13,13,126,"{""componentJson"": [{""id"": 8260, ""isActive"": true, ""displayOrder"": 1}, {""id"": 7759, ""isActive"": true, ""displayOrder"": 2}]}","2026-02-23 13:47:35.59","2036-02-23 11:43:40.414",1,8,"","","","",317,1,0,true,false,1,"2026-02-23 13:44:04.203487",false
4122,APP-GIRLS-230226,35,23,126,"{""componentJson"": [{""id"": 8260, ""isActive"": true, ""displayOrder"": 1}, {""id"": 7759, ""isActive"": true, ""displayOrder"": 2}]}","2026-02-22 16:45:36.232","2036-02-22 14:43:40.414",1,8,"","","","",253,1,0,true,false,1,"2026-02-23 13:44:04.478838",false
4121,APP-GIRLS-230226,35,2,126,"{""componentJson"": [{""id"": 8260, ""isActive"": true, ""displayOrder"": 1}, {""id"": 7759, ""isActive"": true, ""displayOrder"": 2}]}","2026-02-22 19:45:41.55","2036-02-22 17:43:40.414",1,8,"","","","",246,1,0,true,false,1,"2026-02-23 13:44:04.458219",false
4118,APP-GIRLS-230226,25,4,126,"{""componentJson"": [{""id"": 8260, ""isActive"": true, ""displayOrder"": 1}, {""id"": 7759, ""isActive"": true, ""displayOrder"": 2}]}","2026-02-21 23:46:07.55","2036-02-21 21:43:40.414",1,8,"","","","",512,1,0,true,false,1,"2026-02-23 13:44:04.377935",false
4126,APP-GIRLS-230226,52,2,126,"{""componentJson"": [{""id"": 8260, ""isActive"": true, ""displayOrder"": 1}, {""id"": 7759, ""isActive"": true, ""displayOrder"": 2}]}","2026-02-22 16:44:48.851","2036-02-22 14:43:40.414",1,8,"","","","",259,1,0,true,false,1,"2026-02-23 13:44:04.563229",false
4104,APP-GIRLS-230226,9,3,126,"{""componentJson"": [{""id"": 8260, ""isActive"": true, ""displayOrder"": 1}, {""id"": 7759, ""isActive"": true, ""displayOrder"": 2}]}","2026-02-23 13:48:45.297","2036-02-23 11:43:40.414",1,8,"","","","",485,1,0,true,false,1,"2026-02-23 13:44:04.062657",false
4108,APP-GIRLS-230226,12,8,126,"{""componentJson"": [{""id"": 8260, ""isActive"": true, ""displayOrder"": 1}, {""id"": 7759, ""isActive"": true, ""displayOrder"": 2}]}","2026-02-24 07:47:55.121","2036-02-24 05:43:40.414",1,8,"","","","",501,1,0,true,false,1,"2026-02-23 13:44:04.160445",false
4114,APP-GIRLS-230226,16,15,126,"{""componentJson"": [{""id"": 8260, ""isActive"": true, ""displayOrder"": 1}, {""id"": 7759, ""isActive"": true, ""displayOrder"": 2}]}","2026-02-21 07:46:54.06","2036-02-21 23:43:40.414",1,8,"","","","",389,1,0,true,false,1,"2026-02-23 13:44:04.293501",false
4113,APP-GIRLS-230226,16,10,126,"{""componentJson"": [{""id"": 8260, ""isActive"": true, ""displayOrder"": 1}, {""id"": 7759, ""isActive"": true, ""displayOrder"": 2}]}","2026-02-21 04:47:02.499","2036-02-21 21:43:40.414",1,8,"","","","",396,1,0,true,false,1,"2026-02-23 13:44:04.271305",false
4129,APP-GIRLS-230226,58,17,126,"{""componentJson"": [{""id"": 8260, ""isActive"": true, ""displayOrder"": 1}, {""id"": 7759, ""isActive"": true, ""displayOrder"": 2}]}","2026-02-21 23:44:20.003","2036-02-21 21:43:40.414",1,8,"","","","",451,1,0,true,false,1,"2026-02-23 13:44:04.626803",false
4116,APP-GIRLS-230226,24,5,126,"{""componentJson"": [{""id"": 8260, ""isActive"": true, ""displayOrder"": 1}, {""id"": 7759, ""isActive"": true, ""displayOrder"": 2}]}","2026-02-22 19:46:33.375","2036-02-22 17:43:40.414",1,8,"","","","",376,1,0,true,false,1,"2026-02-23 13:44:04.336421",false
4106,APP-GIRLS-230226,10,6,126,"{""componentJson"": [{""id"": 8260, ""isActive"": true, ""displayOrder"": 1}, {""id"": 7759, ""isActive"": true, ""displayOrder"": 2}]}","2026-02-24 23:48:23.765","2036-02-24 21:43:40.414",1,8,"","","","",336,1,0,true,false,1,"2026-02-23 13:44:04.115986",false
4105,APP-GIRLS-230226,10,3,126,"{""componentJson"": [{""id"": 8260, ""isActive"": true, ""displayOrder"": 1}, {""id"": 7759, ""isActive"": true, ""displayOrder"": 2}]}","2026-02-24 23:48:37.168","2036-02-24 21:43:40.414",1,8,"","","","",348,1,0,true,false,1,"2026-02-23 13:44:04.087219",false
3945,WEB-MEN-230226,50,2,126,"{""componentJson"": [{""id"": 8281, ""isActive"": true, ""displayOrder"": 1}]}","2026-02-22 22:27:20.461","2036-02-22 14:22:21",1,8,"","","","",34,0,0,false,false,1,"2026-02-23 12:23:32.33338",false
4181,DENIM-KIZ-COCUK-TREND-NT,1,1,1,"{""componentJson"": [{""id"": 7352, ""displayOrder"": 1}]}","2026-03-03 12:24:37.796","2027-03-03 12:08:15.695",1,2,denim-kiz-cocuk-trend-nt,/katalog,"","",0,1,0,true,false,1,"2026-03-03 12:12:16.175",false
4177,DENEMELANDINGPAGE7,1,1,1,"{""componentJson"": []}","2026-03-03 05:50:47.078","2027-03-03 05:50:32.559",5,2,denemeali4,/katalog,"","",0,0,0,false,false,1,"2026-03-03 05:50:50.424994",false
2121,[OLD] APP-MEN-RO-010126,50,7,1,"{""componentJson"": [{""id"": 4204, ""displayOrder"": 1}, {""id"": 4205, ""displayOrder"": 2}]}","2026-02-17 09:47:31.97132","2026-02-23 13:44:15.126702",4,8,"","","","",49,1,120510,true,false,0,"2026-02-17 21:36:57.244367",false
4188,APP-HOME-EK-040226,25,4,53,"{""componentJson"": [{""id"": 7357, ""displayOrder"": 1}]}","2026-03-04 12:51:31.938","2026-03-12 11:21:56.088994",4,8,"","","","",649,1,0,true,false,1,"2026-03-04 12:50:59.196536",false
4178,DENEMELANDINGPAGE8,1,1,1,"{""componentJson"": []}","2026-03-03 05:51:38.344","2027-03-03 05:51:21.577",5,2,denemeali4,/katalog,"","",0,0,0,false,false,1,"2026-03-03 05:51:45.601006",false
4189,APP-HOME-EK-040226,35,2,126,"{""componentJson"": [{""id"": 7662, ""displayOrder"": 1}]}","2026-03-04 11:51:36.964","2026-04-13 07:05:40.454459",4,8,"","","","",652,1,0,true,false,1,"2026-03-04 12:50:59.219305",false
3928,WEB-MEN-230226,12,2,126,"{""componentJson"": [{""id"": 8281, ""isActive"": true, ""displayOrder"": 1}]}","2026-02-24 03:25:42.999","2036-02-23 19:22:21",1,8,"","","","",406,0,0,false,false,1,"2026-02-23 12:23:31.933615",false
4182,DENIM-ERKEK-COCUK-TREND,1,1,1,"{""componentJson"": [{""id"": 7353, ""displayOrder"": 1}, {""id"": 7361, ""displayOrder"": 2}, {""id"": 7362, ""displayOrder"": 3}]}","2026-03-03 12:21:53.325","2027-03-03 12:21:09.932",1,2,denim-erkek-cocuk-trend,/katalog,"","",0,0,0,false,false,1,"2026-03-03 12:22:00.421298",false
4193,APP-HOME-EK-040226,58,17,36,"{""componentJson"": [{""id"": 7357, ""displayOrder"": 1}]}","2026-03-04 12:53:15.707","2026-03-12 11:20:52.058338",4,8,"","","","",648,1,0,true,false,1,"2026-03-04 12:50:59.311541",false
4192,APP-HOME-EK-040226,58,2,36,"{""componentJson"": [{""id"": 7357, ""displayOrder"": 1}]}","2026-03-04 12:53:11.456","2026-03-12 11:20:57.664102",4,8,"","","","",647,1,0,true,false,1,"2026-03-04 12:50:59.288701",false
4191,APP-HOME-EK-040226,52,11,36,"{""componentJson"": [{""id"": 7357, ""displayOrder"": 1}]}","2026-03-04 12:53:05.389","2026-03-12 11:21:04.065955",4,8,"","","","",646,1,0,true,false,1,"2026-03-04 12:50:59.266106",false
4190,APP-HOME-EK-040226,35,23,36,"{""componentJson"": [{""id"": 7357, ""displayOrder"": 1}]}","2026-03-04 12:52:56.815","2026-03-12 11:21:31.793193",4,8,"","","","",651,1,0,true,false,1,"2026-03-04 12:50:59.242763",false
4187,APP-HOME-EK-040226,25,1,53,"{""componentJson"": [{""id"": 7357, ""displayOrder"": 1}]}","2026-03-04 12:51:26.819","2026-03-12 11:22:01.448359",4,8,"","","","",650,1,0,true,false,1,"2026-03-04 12:50:59.173715",false
4186,APP-HOME-EK-040226,10,6,53,"{""componentJson"": [{""id"": 7357, ""displayOrder"": 1}]}","2026-03-04 12:51:21.436","2026-03-12 11:22:08.105744",4,8,"","","","",654,1,0,true,false,1,"2026-03-04 12:50:59.147945",false
4183,DENIM-ERKEK-COCUK-TREND-NT,1,1,1,"{""componentJson"": [{""id"": 7354, ""displayOrder"": 1}]}","2026-03-03 12:23:38.391","2027-03-03 12:23:07.119",1,2,denim-erkek-cocuk-trend-nt,/katalog,"","",0,1,0,true,false,1,"2026-03-03 12:23:43.949217",false
2790,[OLD] LCW-WEB-TASARIM-ADMIN-TEST-SAYFASI-DESKTOP&RESPONSIVE,1,1,1,"{""componentJson"": [{""id"": 5364, ""status"": true, ""displayOrder"": 1}, {""id"": 7540, ""status"": true, ""displayOrder"": 2}, {""id"": 5912, ""status"": true, ""displayOrder"": 3}, {""id"": 5365, ""status"": true, ""displayOrder"": 4}, {""id"": 5366, ""status"": true, ""displayOrder"": 5}, {""id"": 5367, ""status"": true, ""displayOrder"": 6}, {""id"": 5369, ""status"": true, ""displayOrder"": 7}]}","2025-12-17 09:08:06","2030-11-27 04:00:00",1,2,admin-test,/katalog,"","",0,0,0,false,false,1,"2026-02-17 21:39:47.338694",false
4194,SEPETMODAL MOBILE TEMPLATE,1,1,1,"{""componentJson"": [{""id"": 7384, ""status"": false, ""displayOrder"": 1}]}","2026-03-06 07:18:02.768","2054-03-06 07:13:23.416",1,2,sepetmobil,"","","",0,1,0,true,false,1,"2026-03-06 07:13:44.347327",false
2791,[OLD] LCW-WEB-TASARIM-ADMIN-TEST-SAYFASI-APP,1,1,1,"{""componentJson"": [{""id"": 5370, ""displayOrder"": 1}, {""id"": 5371, ""displayOrder"": 2}, {""id"": 5372, ""displayOrder"": 3}, {""id"": 5373, ""displayOrder"": 4}, {""id"": 5374, ""displayOrder"": 5}, {""id"": 5375, ""displayOrder"": 6}, {""id"": 5376, ""displayOrder"": 7}, {""id"": 5377, ""displayOrder"": 8}, {""id"": 5378, ""displayOrder"": 9}, {""id"": 5379, ""displayOrder"": 10}, {""id"": 5380, ""displayOrder"": 11}, {""id"": 5381, ""displayOrder"": 12}, {""id"": 5382, ""displayOrder"": 13}, {""id"": 5383, ""displayOrder"": 14}, {""id"": 5384, ""displayOrder"": 15}, {""id"": 5385, ""displayOrder"": 16}]}","2026-02-09 08:11:11.763","2030-11-27 04:00:00",1,2,admin-test-nt,"","","",0,1,0,true,false,1,"2026-02-17 21:39:48.204578",false
4209,WEB-HOMELP-230226,35,23,126,"{""componentJson"": [{""id"": 8194, ""isActive"": true, ""displayOrder"": 1}]}","2026-03-12 06:23:34.112","2036-02-24 02:17:40.423",1,8,"","","","",657,0,0,false,false,1,"2026-03-12 11:04:08.943388",false
4195,SIPARISONAYMODAL MOBIL,1,1,1,"{""componentJson"": []}","2026-03-06 07:35:22.672","2091-03-06 07:33:11.849",1,2,siparisonaymobil,"","","",0,1,0,true,false,1,"2026-03-06 07:34:07.251619",false
4208,WEB-HOMELP-230226,35,2,126,"{""componentJson"": [{""id"": 8194, ""isActive"": true, ""displayOrder"": 1}]}","2026-03-12 06:23:39.301","2036-02-24 02:17:40.423",1,8,"","","","",658,0,0,false,false,1,"2026-03-12 11:04:08.923087",false
4205,WEB-HOMELP-230226,25,4,126,"{""componentJson"": [{""id"": 8194, ""isActive"": true, ""displayOrder"": 1}]}","2026-03-12 01:23:56.925","2036-02-23 21:17:40.423",1,8,"","","","",662,0,0,false,false,1,"2026-03-12 11:04:08.858951",false
4210,WEB-HOMELP-230226,38,2,126,"{""componentJson"": [{""id"": 8194, ""isActive"": true, ""displayOrder"": 1}]}","2026-03-12 01:22:55.448","2036-02-23 21:17:40.423",1,8,"","","","",665,0,0,false,false,1,"2026-03-12 11:04:08.964298",false
4212,WEB-HOMELP-230226,52,11,126,"{""componentJson"": [{""id"": 8194, ""isActive"": true, ""displayOrder"": 1}]}","2026-03-12 06:22:43.409","2036-02-24 02:17:40.423",1,8,"","","","",656,0,0,false,false,1,"2026-03-12 11:04:09.004958",false
4211,WEB-HOMELP-230226,52,2,126,"{""componentJson"": [{""id"": 8194, ""isActive"": true, ""displayOrder"": 1}]}","2026-03-12 06:22:49.693","2036-02-24 02:17:40.423",1,8,"","","","",655,0,0,false,false,1,"2026-03-12 11:04:08.984533",false
4200,APP-MARKALAR-TEST-LP-IRMAK-110326,1,1,1,"{""componentJson"": [{""id"": 7372, ""displayOrder"": 1}, {""id"": 7448, ""displayOrder"": 2}, {""id"": 7449, ""displayOrder"": 3}, {""id"": 7449, ""displayOrder"": 4}, {""id"": 7227, ""displayOrder"": 5}, {""id"": 7450, ""displayOrder"": 6}, {""id"": 7446, ""displayOrder"": 7}, {""id"": 7453, ""displayOrder"": 8}]}","2026-03-11 07:53:50.001","2027-03-11 07:27:42.289",1,2,markalar-test-nt,"","","",0,1,0,true,false,1,"2026-03-11 07:30:01.648472",false
4207,WEB-HOMELP-230226,27,10,126,"{""componentJson"": [{""id"": 8194, ""isActive"": true, ""displayOrder"": 1}]}","2026-03-12 01:23:44.79","2036-02-23 21:17:40.423",1,8,"","","","",663,0,0,false,false,1,"2026-03-12 11:04:08.903327",false
4206,WEB-HOMELP-230226,27,1,126,"{""componentJson"": [{""id"": 8194, ""isActive"": true, ""displayOrder"": 1}]}","2026-03-12 01:23:50.532","2036-02-23 21:17:40.423",1,8,"","","","",664,0,0,false,false,1,"2026-03-12 11:04:08.882975",false
4203,WEB-HOMELP-230226,10,6,126,"{""componentJson"": [{""id"": 8194, ""isActive"": true, ""displayOrder"": 1}]}","2026-03-12 21:24:13.234","2036-02-24 17:17:40.423",1,8,"","","","",660,0,0,false,false,1,"2026-03-12 11:04:08.818625",false
4202,WEB-HOMELP-230226,10,3,126,"{""componentJson"": [{""id"": 8194, ""isActive"": true, ""displayOrder"": 1}]}","2026-03-12 21:24:18.607","2036-02-24 17:17:40.423",1,8,"","","","",659,0,0,false,false,1,"2026-03-12 11:04:08.798655",false
3734,[OLD] APP-DEALZONE-UARU-080126,24,3,126,"{""componentJson"": [{""id"": 8213, ""isActive"": true, ""displayOrder"": 1}, {""id"": 7773, ""isActive"": true, ""displayOrder"": 2}, {""id"": 7454, ""isActive"": true, ""displayOrder"": 3}, {""id"": 7235, ""isActive"": true, ""displayOrder"": 4}, {""id"": 7130, ""isActive"": true, ""displayOrder"": 5}, {""id"": 7237, ""isActive"": true, ""displayOrder"": 6}]}","2026-02-06 03:21:53.267","2036-01-09 03:22:36",1,8,"","","","",385,1,0,true,false,1,"2026-02-17 21:46:09.797284",false
3813,APP-WOMEN-230226,13,13,126,"{""componentJson"": [{""id"": 8223, ""isActive"": true, ""displayOrder"": 1}]}","2026-02-23 07:05:20.897","2036-02-23 04:52:14.221",1,8,"","","","",168,1,0,true,false,1,"2026-02-23 06:55:09.652748",false
4127,APP-GIRLS-230226,52,11,126,"{""componentJson"": [{""id"": 8260, ""isActive"": true, ""displayOrder"": 1}, {""id"": 7759, ""isActive"": true, ""displayOrder"": 2}]}","2026-02-22 19:44:40.832","2036-02-22 17:43:40.414",1,8,"","","","",265,1,0,true,false,1,"2026-02-23 13:44:04.58387",false
4094,APP-ERKEK-230226,50,2,1,"{""componentJson"": [{""id"": 8282, ""isActive"": true, ""displayOrder"": 1}]}","2026-02-22 21:44:35.723","2036-02-22 17:36:40.42",1,8,"","","","",39,1,0,true,false,1,"2026-02-23 13:41:22.462274",false
4201,WEB-HOMELP-230226,9,3,126,"{""componentJson"": [{""id"": 7287, ""displayOrder"": 1}]}","2026-02-24 07:17:11.348","2036-02-24 07:17:40.423326",6,8,"","","","",,0,0,false,false,1,"2026-03-12 11:04:08.769167",true
4196,ODEMEMODAL MOBIL,1,1,1,"{""componentJson"": []}","2026-03-06 07:35:22.672","2091-03-06 07:33:11.849",1,2,odememobil,"","","",0,1,0,true,false,1,"2026-03-06 07:34:07.251619",false
4198,SIPARISONAYMODAL WEB,1,1,1,"{""componentJson"": []}","2026-03-06 07:35:22.672","2091-03-06 07:33:11.849",1,2,siparisonay,"","","",0,0,0,false,false,1,"2026-03-06 07:34:07.251619",false
4199,ODEMEMODAL WEB,1,1,1,"{""componentJson"": []}","2026-03-06 07:35:22.672","2091-03-06 07:33:11.849",1,2,odeme,"","","",0,0,0,false,false,1,"2026-03-06 07:34:07.251619",false
4222,APP-HOMELP-230226,35,23,126,"{""componentJson"": [{""id"": 8195, ""isActive"": true, ""displayOrder"": 1}]}","2026-03-12 06:21:30.406","2036-02-24 02:17:40.416",1,8,"","","","",651,1,0,true,false,1,"2026-03-12 11:04:26.570941",false
4219,APP-HOMELP-230226,25,4,126,"{""componentJson"": [{""id"": 8195, ""isActive"": true, ""displayOrder"": 1}]}","2026-03-12 01:21:54.623","2036-02-23 21:17:40.416",1,8,"","","","",649,1,0,true,false,1,"2026-03-12 11:04:26.504358",false
4218,APP-HOMELP-230226,25,1,126,"{""componentJson"": [{""id"": 8195, ""isActive"": true, ""displayOrder"": 1}]}","2026-03-12 01:22:00.087","2036-02-23 21:17:40.416",1,8,"","","","",650,1,0,true,false,1,"2026-03-12 11:04:26.484167",false
4225,APP-HOMELP-230226,52,11,126,"{""componentJson"": [{""id"": 8195, ""isActive"": true, ""displayOrder"": 1}]}","2026-03-12 06:21:02.735","2036-02-24 02:17:40.416",1,8,"","","","",646,1,0,true,false,1,"2026-03-12 11:04:26.632494",false
4224,APP-HOMELP-230226,52,2,126,"{""componentJson"": [{""id"": 8195, ""isActive"": true, ""displayOrder"": 1}]}","2026-03-12 06:21:07.649","2036-02-24 02:17:40.416",1,8,"","","","",645,1,0,true,false,1,"2026-03-12 11:04:26.61225",false
4227,APP-HOMELP-230226,58,17,126,"{""componentJson"": [{""id"": 8195, ""isActive"": true, ""displayOrder"": 1}]}","2026-03-12 01:20:50.709","2036-02-23 21:17:40.416",1,8,"","","","",648,1,0,true,false,1,"2026-03-12 11:04:26.672519",false
4226,APP-HOMELP-230226,58,2,126,"{""componentJson"": [{""id"": 8195, ""isActive"": true, ""displayOrder"": 1}]}","2026-03-12 01:20:56.554","2036-02-23 21:17:40.416",1,8,"","","","",647,1,0,true,false,1,"2026-03-12 11:04:26.652543",false
4214,WEB-HOMELP-230226,58,17,126,"{""componentJson"": [{""id"": 8194, ""isActive"": true, ""displayOrder"": 1}]}","2026-03-12 01:22:27.687","2036-02-23 21:17:40.423",1,8,"","","","",667,0,0,false,false,1,"2026-03-12 11:04:09.045738",false
4217,APP-HOMELP-230226,10,6,126,"{""componentJson"": [{""id"": 8195, ""isActive"": true, ""displayOrder"": 1}]}","2026-03-12 21:22:06.206","2036-02-24 17:17:40.416",1,8,"","","","",654,1,0,true,false,1,"2026-03-12 11:04:26.463701",false
4216,APP-HOMELP-230226,10,3,126,"{""componentJson"": [{""id"": 8195, ""isActive"": true, ""displayOrder"": 1}]}","2026-03-12 21:22:12.153","2036-02-24 17:17:40.416",1,8,"","","","",653,1,0,true,false,1,"2026-03-12 11:04:26.442765",false
4223,APP-HOMELP-230226,38,2,126,"{""componentJson"": [{""id"": 7286, ""displayOrder"": 1}]}","2026-02-24 09:17:13.17","2036-02-24 09:17:40.41688",6,8,"","","","",,1,0,true,false,1,"2026-03-12 11:04:26.591479",true
4221,APP-HOMELP-230226,27,10,126,"{""componentJson"": [{""id"": 7286, ""displayOrder"": 1}]}","2026-02-24 09:17:13.17","2036-02-24 09:17:40.41688",6,8,"","","","",,1,0,true,false,1,"2026-03-12 11:04:26.550239",true
4220,APP-HOMELP-230226,27,1,126,"{""componentJson"": [{""id"": 7286, ""displayOrder"": 1}]}","2026-02-24 09:17:13.17","2036-02-24 09:17:40.41688",6,8,"","","","",,1,0,true,false,1,"2026-03-12 11:04:26.530245",true
4109,APP-GIRLS-230226,13,2,126,"{""componentJson"": [{""id"": 8260, ""isActive"": true, ""displayOrder"": 1}, {""id"": 7759, ""isActive"": true, ""displayOrder"": 2}]}","2026-02-23 13:47:41.074","2036-02-23 11:43:40.414",1,8,"","","","",310,1,0,true,false,1,"2026-02-23 13:44:04.182382",false
4091,APP-ERKEK-230226,35,2,1,"{""componentJson"": [{""id"": 8282, ""isActive"": true, ""displayOrder"": 1}]}","2026-02-22 20:45:59.897","2036-02-22 16:36:40.42",1,8,"","","","",243,1,0,true,false,1,"2026-02-23 13:41:22.398671",false
4215,APP-HOMELP-230226,9,3,126,"{""componentJson"": [{""id"": 7286, ""displayOrder"": 1}]}","2026-02-24 07:17:13.17","2036-02-24 07:17:40.41688",6,8,"","","","",,1,0,true,false,1,"2026-03-12 11:04:26.423161",true
4197,SEPETMODAL  WEB,1,1,1,"{""componentJson"": [{""id"": 7434, ""status"": false, ""displayOrder"": 1}]}","2026-03-06 07:18:02.768","2054-03-06 07:13:23.416",1,2,sepet,"","","",0,0,0,false,false,1,"2026-03-06 07:13:44.347327",false
4204,WEB-HOMELP-230226,25,1,126,"{""componentJson"": [{""id"": 8194, ""isActive"": true, ""displayOrder"": 1}]}","2026-03-12 01:24:03.266","2036-02-23 21:17:40.423",1,8,"","","","",661,0,0,false,false,1,"2026-03-12 11:04:08.838988",false
4213,WEB-HOMELP-230226,58,2,126,"{""componentJson"": [{""id"": 8194, ""isActive"": true, ""displayOrder"": 1}]}","2026-03-12 01:22:33.772","2036-02-23 21:17:40.423",1,8,"","","","",666,0,0,false,false,1,"2026-03-12 11:04:09.026057",false
3190,[OLD] APP-MARKALAR-ANASAYFA,1,1,1,"{""componentJson"": [{""id"": 7253, ""isActive"": true, ""displayOrder"": 1}, {""id"": 8201, ""isActive"": true, ""displayOrder"": 2}, {""id"": 8204, ""isActive"": true, ""displayOrder"": 3}, {""id"": 8193, ""isActive"": true, ""displayOrder"": 4}, {""id"": 8207, ""isActive"": true, ""displayOrder"": 5}, {""id"": 8210, ""isActive"": true, ""displayOrder"": 6}]}","2026-02-17 10:41:33.961","2035-08-10 21:00:20",1,8,"","","","",95692,1,0,true,false,1,"2026-02-17 21:41:06.387225",false
2552,[OLD] DEALZONE-GREN-080126,35,2,126,"{""componentJson"": [{""id"": 4804, ""isActive"": true, ""displayOrder"": 1}, {""id"": 8212, ""isActive"": true, ""displayOrder"": 2}, {""id"": 7774, ""isActive"": true, ""displayOrder"": 3}, {""id"": 7455, ""isActive"": true, ""displayOrder"": 4}, {""id"": 7236, ""isActive"": true, ""displayOrder"": 5}, {""id"": 7238, ""isActive"": true, ""displayOrder"": 6}, {""id"": 7239, ""isActive"": true, ""displayOrder"": 7}]}","2026-02-05 04:52:43.607","2036-01-09 04:46:36",1,8,"","","","",105,0,0,false,false,1,"2026-02-17 21:38:34.849144",false
4228,WEB-DEALZONE-160326,38,2,126,"{""componentJson"": [{""id"": 8212, ""isActive"": true, ""displayOrder"": 1}, {""id"": 7774, ""isActive"": true, ""displayOrder"": 2}, {""id"": 7455, ""isActive"": true, ""displayOrder"": 3}, {""id"": 6609, ""isActive"": true, ""displayOrder"": 4}, {""id"": 6610, ""isActive"": true, ""displayOrder"": 5}, {""id"": 7238, ""isActive"": true, ""displayOrder"": 6}, {""id"": 7239, ""isActive"": true, ""displayOrder"": 7}]}","2026-03-15 17:39:09.101","2036-03-15 17:39:43.683",1,8,"","","","",125,0,0,false,false,1,"2026-03-16 05:39:27.567374",false
3598,[OLD] APP-MEN-MAEN-111225,16,2,126,"{""componentJson"": [{""id"": 8221, ""isActive"": true, ""displayOrder"": 1}]}","2026-02-16 12:13:15.091","2035-12-10 15:04:36",1,8,"","","","",400,1,0,true,false,1,"2026-02-17 21:43:47.414945",false
3879,APP-BOYS-230226,25,4,1,"{""componentJson"": [{""id"": 8248, ""isActive"": true, ""displayOrder"": 1}]}","2026-02-22 04:22:23.663","2036-02-22 02:15:40.457",1,8,"","","","",513,1,0,true,false,1,"2026-02-23 10:17:05.71208",false
3878,APP-BOYS-230226,25,1,1,"{""componentJson"": [{""id"": 8248, ""isActive"": true, ""displayOrder"": 1}]}","2026-02-22 06:22:11.32","2036-02-22 04:15:40.457",1,8,"","","","",518,1,0,true,false,1,"2026-02-23 10:17:05.689758",false
3868,APP-BOYS-230226,12,2,1,"{""componentJson"": [{""id"": 8248, ""isActive"": true, ""displayOrder"": 1}]}","2026-02-24 01:19:39.233","2036-02-23 23:15:40.457",1,8,"","","","",496,1,0,true,false,1,"2026-02-23 10:17:05.46259",false
3893,WEB-BOYS-230226,8,12,1,"{""componentJson"": [{""id"": 8243, ""isActive"": true, ""displayOrder"": 1}, {""id"": 8230, ""isActive"": true, ""displayOrder"": 2}]}","2026-02-22 17:25:12.247","2036-02-22 15:15:40.439",1,8,"","","","",193,0,0,false,false,1,"2026-02-23 10:17:08.394604",false
3934,WEB-MEN-230226,16,10,126,"{""componentJson"": [{""id"": 8281, ""isActive"": true, ""displayOrder"": 1}]}","2026-02-21 15:28:07.338","2036-02-21 22:22:21",1,8,"","","","",143,0,0,false,false,1,"2026-02-23 12:23:32.082043",false
4017,WEB-GIRLS-230226,8,12,126,"{""componentJson"": [{""id"": 8259, ""isActive"": true, ""displayOrder"": 1}, {""id"": 7758, ""isActive"": true, ""displayOrder"": 2}, {""id"": 8065, ""isActive"": true, ""displayOrder"": 3}]}","2026-02-22 20:40:05.093","2036-02-22 18:33:53.011",1,8,"","","","",192,0,0,false,false,1,"2026-02-23 13:34:30.232033",false
4038,WEB-GIRLS-230226,50,2,126,"{""componentJson"": [{""id"": 8259, ""isActive"": true, ""displayOrder"": 1}, {""id"": 7758, ""isActive"": true, ""displayOrder"": 2}]}","2026-02-22 21:35:43.922","2036-02-22 19:33:53.011",1,8,"","","","",183,0,0,false,false,1,"2026-02-23 13:34:30.719133",false
3933,WEB-MEN-230226,16,2,126,"{""componentJson"": [{""id"": 8281, ""isActive"": true, ""displayOrder"": 1}]}","2026-02-21 15:25:22.988","2036-02-21 22:22:21",1,8,"","","","",138,0,0,false,false,1,"2026-02-23 12:23:32.061034",false
4095,APP-ERKEK-230226,50,7,1,"{""componentJson"": [{""id"": 8282, ""isActive"": true, ""displayOrder"": 1}]}","2026-02-22 20:44:13.995","2036-02-22 16:36:40.42",1,8,"","","","",49,1,0,true,false,1,"2026-02-23 13:41:22.483769",false
2350,[OLD] WEB-DEALZONE-080126,13,14,126,"{""componentJson"": [{""id"": 4532, ""isActive"": true, ""displayOrder"": 1}, {""id"": 8212, ""isActive"": true, ""displayOrder"": 2}, {""id"": 7601, ""isActive"": true, ""displayOrder"": 3}, {""id"": 7292, ""isActive"": true, ""displayOrder"": 4}, {""id"": 7315, ""isActive"": true, ""displayOrder"": 5}, {""id"": 7230, ""isActive"": true, ""displayOrder"": 6}, {""id"": 7236, ""isActive"": true, ""displayOrder"": 7}, {""id"": 4536, ""isActive"": true, ""displayOrder"": 8}, {""id"": 7238, ""isActive"": true, ""displayOrder"": 9}, {""id"": 7239, ""isActive"": true, ""displayOrder"": 10}]}","2026-02-06 05:25:09.361","2036-01-08 08:23:29",1,8,"","","","",81,0,0,false,false,1,"2026-02-17 21:37:46.263116",false
3840,WEB-WOMEN-230226,13,2,126,"{""componentJson"": [{""id"": 8222, ""isActive"": true, ""displayOrder"": 1}]}","2026-02-23 07:01:59.597","2036-02-23 04:52:14.89",1,8,"","","","",23,0,0,false,false,1,"2026-02-23 06:55:14.251019",false
4229,TEST-BETUL,1,1,1,"{""componentJson"": []}","2026-03-24 11:00:51.994","2026-03-24 11:45:08.380299",4,8,"","","","",95697,0,0,false,false,1,"2026-03-24 11:01:05.322689",false
3870,APP-BOYS-230226,13,2,1,"{""componentJson"": [{""id"": 8248, ""isActive"": true, ""displayOrder"": 1}]}","2026-02-23 10:20:04.022","2036-02-23 08:15:40.457",1,8,"","","","",303,1,0,true,false,1,"2026-02-23 10:17:05.507499",false
4179,APP-GIRLS-230226,125,9,126,"{""componentJson"": [{""id"": 8260, ""isActive"": true, ""displayOrder"": 1}, {""id"": 7759, ""isActive"": true, ""displayOrder"": 2}]}","2026-03-02 02:55:16.949","2036-02-22 01:43:40.414",1,8,"","","","",230,1,0,true,false,1,"2026-03-03 10:54:46.876114",false
4117,APP-GIRLS-230226,25,1,126,"{""componentJson"": [{""id"": 8260, ""isActive"": true, ""displayOrder"": 1}, {""id"": 7759, ""isActive"": true, ""displayOrder"": 2}]}","2026-02-22 01:46:20.484","2036-02-21 23:43:40.414",1,8,"","","","",517,1,0,true,false,1,"2026-02-23 13:44:04.357514",false
4112,APP-GIRLS-230226,16,2,126,"{""componentJson"": [{""id"": 8260, ""isActive"": true, ""displayOrder"": 1}, {""id"": 7759, ""isActive"": true, ""displayOrder"": 2}]}","2026-02-21 04:47:08.501","2036-02-21 21:43:40.414",1,8,"","","","",402,1,0,true,false,1,"2026-02-23 13:44:04.244717",false
4240,APP-BABY-230226,155,21,1,"{""componentJson"": [{""id"": 8279, ""isActive"": true, ""displayOrder"": 1}]}","2026-03-25 17:46:27.647","2036-02-22 06:40:53.008",1,8,"","","","",719,1,0,true,false,1,"2026-03-26 11:33:33.773162",false
4239,APP-BABY-230226,155,2,1,"{""componentJson"": [{""id"": 8279, ""isActive"": true, ""displayOrder"": 1}]}","2026-03-25 15:46:32.543","2036-02-22 04:40:53.008",1,8,"","","","",709,1,0,true,false,1,"2026-03-26 11:33:33.753757",false
4238,APP-BABY-230226,138,16,1,"{""componentJson"": [{""id"": 8279, ""isActive"": true, ""displayOrder"": 1}]}","2026-03-25 21:46:39.57","2036-02-22 10:40:53.008",1,8,"","","","",739,1,0,true,false,1,"2026-03-26 11:33:33.734375",false
4237,APP-BABY-230226,138,2,1,"{""componentJson"": [{""id"": 8279, ""isActive"": true, ""displayOrder"": 1}]}","2026-03-25 15:46:44.552","2036-02-22 04:40:53.008",1,8,"","","","",729,1,0,true,false,1,"2026-03-26 11:33:33.71443",false
4236,APP-BABY-230226,119,20,1,"{""componentJson"": [{""id"": 8279, ""isActive"": true, ""displayOrder"": 1}]}","2026-03-25 23:46:49.506","2036-02-22 12:40:53.008",1,8,"","","","",759,1,0,true,false,1,"2026-03-26 11:33:33.695823",false
4235,APP-BABY-230226,119,2,1,"{""componentJson"": [{""id"": 8279, ""isActive"": true, ""displayOrder"": 1}]}","2026-03-25 21:46:55.311","2036-02-22 10:40:53.008",1,8,"","","","",749,1,0,true,false,1,"2026-03-26 11:33:33.672669",false
4233,APP-BABY-230226,114,21,1,"{""componentJson"": [{""id"": 8279, ""isActive"": true, ""displayOrder"": 1}]}","2026-03-25 21:47:06.539","2036-02-22 10:40:53.008",1,8,"","","","",689,1,0,true,false,1,"2026-03-26 11:33:33.632614",false
4234,APP-BABY-230226,114,22,1,"{""componentJson"": [{""id"": 8279, ""isActive"": true, ""displayOrder"": 1}]}","2026-03-25 15:47:01.96","2036-02-22 04:40:53.008",1,8,"","","","",699,1,0,true,false,1,"2026-03-26 11:33:33.652879",false
4232,APP-BABY-230226,114,2,1,"{""componentJson"": [{""id"": 8279, ""isActive"": true, ""displayOrder"": 1}]}","2026-03-25 19:47:10.875","2036-02-22 08:40:53.008",1,8,"","","","",679,1,0,true,false,1,"2026-03-26 11:33:33.605343",false
3981,APP-BABY-230226,52,2,1,"{""componentJson"": [{""id"": 8279, ""isActive"": true, ""displayOrder"": 1}]}","2026-02-22 22:52:54.318","2036-02-22 20:40:53.008",1,8,"","","","",261,1,0,true,false,1,"2026-02-23 12:46:22.039864",false
3949,WEB-MEN-230226,58,2,126,"{""componentJson"": [{""id"": 8281, ""isActive"": true, ""displayOrder"": 1}]}","2026-02-22 08:26:55.096","2036-02-22 00:22:21",1,8,"","","","",358,0,0,false,false,1,"2026-02-23 12:23:32.438722",false
4078,APP-ERKEK-230226,10,3,1,"{""componentJson"": [{""id"": 8282, ""isActive"": true, ""displayOrder"": 1}]}","2026-02-25 01:49:26.18","2036-02-24 21:36:40.42",1,8,"","","","",347,1,0,true,false,1,"2026-02-23 13:41:22.090774",false
4231,DENIM KIZ COCUK TREND ,8,12,1,"{""componentJson"": [{""id"": 7351, ""displayOrder"": 1}, {""id"": 7358, ""displayOrder"": 2}, {""id"": 7359, ""displayOrder"": 3}]}","2026-03-03 13:24:27.593","2027-03-03 13:02:51.67",6,2,denim-kiz-cocuk-trend,/katalog,"","",,0,0,false,false,1,"2026-03-24 11:14:21.826238",true
4267,WEB-BOYS-230226,155,21,1,"{""componentJson"": [{""id"": 8243, ""isActive"": true, ""displayOrder"": 1}]}","2026-03-25 17:43:36.378","2036-02-22 04:15:40.439",1,8,"","","","",723,0,0,false,false,1,"2026-03-26 11:34:22.133156",false
4266,WEB-BOYS-230226,155,2,1,"{""componentJson"": [{""id"": 8243, ""isActive"": true, ""displayOrder"": 1}]}","2026-03-25 15:43:40.788","2036-02-22 02:15:40.439",1,8,"","","","",713,0,0,false,false,1,"2026-03-26 11:34:22.112984",false
4262,WEB-BOYS-230226,119,2,1,"{""componentJson"": [{""id"": 8243, ""isActive"": true, ""displayOrder"": 1}]}","2026-03-25 21:44:02.641","2036-02-22 08:15:40.439",1,8,"","","","",753,0,0,false,false,1,"2026-03-26 11:34:22.030369",false
4259,WEB-BOYS-230226,114,2,1,"{""componentJson"": [{""id"": 8243, ""isActive"": true, ""displayOrder"": 1}]}","2026-03-25 19:44:21.586","2036-02-22 06:15:40.439",1,8,"","","","",683,0,0,false,false,1,"2026-03-26 11:34:21.956981",false
4261,WEB-BOYS-230226,114,22,1,"{""componentJson"": [{""id"": 8243, ""isActive"": true, ""displayOrder"": 1}]}","2026-03-25 17:44:08.061","2036-02-22 04:15:40.439",1,8,"","","","",703,0,0,false,false,1,"2026-03-26 11:34:22.009942",false
4103,APP-GIRLS-230226,8,12,126,"{""componentJson"": [{""id"": 8260, ""isActive"": true, ""displayOrder"": 1}, {""id"": 7759, ""isActive"": true, ""displayOrder"": 2}, {""id"": 8066, ""isActive"": true, ""displayOrder"": 3}]}","2026-02-22 18:48:54.245","2036-02-22 16:43:40.414",1,8,"","","","",239,1,0,true,false,1,"2026-02-23 13:44:04.041591",false
4249,WEB-BABY-230226,155,21,1,"{""componentJson"": [{""id"": 8280, ""isActive"": true, ""displayOrder"": 1}]}","2026-03-25 17:45:18.167","2036-02-22 06:40:53.054",1,8,"","","","",724,0,0,false,false,1,"2026-03-26 11:33:58.310166",false
4248,WEB-BABY-230226,155,2,1,"{""componentJson"": [{""id"": 8280, ""isActive"": true, ""displayOrder"": 1}]}","2026-03-25 17:45:43.931","2036-02-22 06:40:53.054",1,8,"","","","",714,0,0,false,false,1,"2026-03-26 11:33:58.291042",false
4247,WEB-BABY-230226,138,16,1,"{""componentJson"": [{""id"": 8280, ""isActive"": true, ""displayOrder"": 1}]}","2026-03-25 19:45:48.557","2036-02-22 08:40:53.054",1,8,"","","","",744,0,0,false,false,1,"2026-03-26 11:33:58.271393",false
4246,WEB-BABY-230226,138,2,1,"{""componentJson"": [{""id"": 8280, ""isActive"": true, ""displayOrder"": 1}]}","2026-03-25 21:45:53.122","2036-02-22 10:40:53.054",1,8,"","","","",734,0,0,false,false,1,"2026-03-26 11:33:58.242202",false
4245,WEB-BABY-230226,119,20,1,"{""componentJson"": [{""id"": 8280, ""isActive"": true, ""displayOrder"": 1}]}","2026-03-25 21:45:59.572","2036-02-22 10:40:53.054",1,8,"","","","",764,0,0,false,false,1,"2026-03-26 11:33:58.222455",false
4244,WEB-BABY-230226,119,2,1,"{""componentJson"": [{""id"": 8280, ""isActive"": true, ""displayOrder"": 1}]}","2026-03-25 23:46:05.362","2036-02-22 12:40:53.054",1,8,"","","","",754,0,0,false,false,1,"2026-03-26 11:33:58.20197",false
4243,WEB-BABY-230226,114,22,1,"{""componentJson"": [{""id"": 8280, ""isActive"": true, ""displayOrder"": 1}]}","2026-03-25 19:46:10.042","2036-02-22 08:40:53.054",1,8,"","","","",704,0,0,false,false,1,"2026-03-26 11:33:58.180528",false
4242,WEB-BABY-230226,114,21,1,"{""componentJson"": [{""id"": 8280, ""isActive"": true, ""displayOrder"": 1}]}","2026-03-25 17:46:17.338","2036-02-22 06:40:53.054",1,8,"","","","",694,0,0,false,false,1,"2026-03-26 11:33:58.155231",false
4241,WEB-BABY-230226,114,2,1,"{""componentJson"": [{""id"": 8280, ""isActive"": true, ""displayOrder"": 1}]}","2026-03-25 21:46:22.271","2036-02-22 10:40:53.054",1,8,"","","","",684,0,0,false,false,1,"2026-03-26 11:33:58.13184",false
4011,WEB-BABY-230226,52,11,1,"{""componentJson"": [{""id"": 8280, ""isActive"": true, ""displayOrder"": 1}]}","2026-02-22 21:48:00.105","2036-02-22 19:40:53.054",1,8,"","","","",264,0,0,false,false,1,"2026-02-23 12:46:23.645417",false
4027,WEB-GIRLS-230226,16,10,126,"{""componentJson"": [{""id"": 8259, ""isActive"": true, ""displayOrder"": 1}, {""id"": 7758, ""isActive"": true, ""displayOrder"": 2}]}","2026-02-21 13:38:12.668","2036-02-22 03:33:53.011",1,8,"","","","",280,0,0,false,false,1,"2026-02-23 13:34:30.474049",false
4077,APP-ERKEK-230226,9,3,1,"{""componentJson"": [{""id"": 8282, ""isActive"": true, ""displayOrder"": 1}]}","2026-02-23 13:49:48.604","2036-02-23 09:36:40.42",1,8,"","","","",484,1,0,true,false,1,"2026-02-23 13:41:22.070147",false
4230,TEST-BETUL,8,12,1,"{""componentJson"": []}","2026-03-24 12:00:51.994","2036-03-24 12:01:08.381645",6,8,"","","","",,0,0,false,false,1,"2026-03-24 11:13:33.907544",true
4260,WEB-BOYS-230226,114,21,1,"{""componentJson"": [{""id"": 8017, ""isActive"": true, ""displayOrder"": 1}]}","2026-03-25 21:44:15.798","2036-02-22 08:15:40.439",1,8,"","","","",693,0,0,false,false,1,"2026-03-26 11:34:21.989644",false
4258,APP-BOYS-230226,155,21,1,"{""componentJson"": [{""id"": 8248, ""isActive"": true, ""displayOrder"": 1}]}","2026-03-25 17:44:27.245","2036-02-22 04:15:40.457",1,8,"","","","",718,1,0,true,false,1,"2026-03-26 11:34:14.484606",false
4257,APP-BOYS-230226,155,2,1,"{""componentJson"": [{""id"": 8248, ""isActive"": true, ""displayOrder"": 1}]}","2026-03-25 17:44:32.087","2036-02-22 04:15:40.457",1,8,"","","","",708,1,0,true,false,1,"2026-03-26 11:34:14.461133",false
4256,APP-BOYS-230226,138,16,1,"{""componentJson"": [{""id"": 8248, ""isActive"": true, ""displayOrder"": 1}]}","2026-03-25 19:44:39.192","2036-02-22 06:15:40.457",1,8,"","","","",738,1,0,true,false,1,"2026-03-26 11:34:14.441286",false
4255,APP-BOYS-230226,138,2,1,"{""componentJson"": [{""id"": 8248, ""isActive"": true, ""displayOrder"": 1}]}","2026-03-25 15:44:45.1","2036-02-22 02:15:40.457",1,8,"","","","",728,1,0,true,false,1,"2026-03-26 11:34:14.422163",false
4254,APP-BOYS-230226,119,20,1,"{""componentJson"": [{""id"": 8248, ""isActive"": true, ""displayOrder"": 1}]}","2026-03-25 21:44:49.876","2036-02-22 08:15:40.457",1,8,"","","","",758,1,0,true,false,1,"2026-03-26 11:34:14.403751",false
4253,APP-BOYS-230226,119,2,1,"{""componentJson"": [{""id"": 8248, ""isActive"": true, ""displayOrder"": 1}]}","2026-03-25 21:44:55.92","2036-02-22 08:15:40.457",1,8,"","","","",748,1,0,true,false,1,"2026-03-26 11:34:14.384558",false
4252,APP-BOYS-230226,114,22,1,"{""componentJson"": [{""id"": 8248, ""isActive"": true, ""displayOrder"": 1}]}","2026-03-25 17:45:00.831","2036-02-22 04:15:40.457",1,8,"","","","",698,1,0,true,false,1,"2026-03-26 11:34:14.364963",false
4102,APP-GIRLS-230226,8,2,126,"{""componentJson"": [{""id"": 8260, ""isActive"": true, ""displayOrder"": 1}, {""id"": 7759, ""isActive"": true, ""displayOrder"": 2}, {""id"": 8066, ""isActive"": true, ""displayOrder"": 3}]}","2026-02-22 18:49:01.741","2036-02-22 16:43:40.414",1,8,"","","","",236,1,0,true,false,1,"2026-02-23 13:44:04.019704",false
3991,WEB-BABY-230226,12,2,1,"{""componentJson"": [{""id"": 8280, ""isActive"": true, ""displayOrder"": 1}]}","2026-02-24 03:51:14.447","2036-02-24 01:40:53.054",1,8,"","","","",409,0,0,false,false,1,"2026-02-23 12:46:23.215481",false
4076,APP-ERKEK-230226,8,12,1,"{""componentJson"": [{""id"": 8282, ""isActive"": true, ""displayOrder"": 1}, {""id"": 8063, ""isActive"": true, ""displayOrder"": 2}]}","2026-02-22 20:50:19.526","2036-02-22 16:36:40.42",1,8,"","","","",69,1,0,true,false,1,"2026-02-23 13:41:22.048771",false
4283,WEB-GIRLS-230226,119,20,126,"{""componentJson"": [{""id"": 8259, ""isActive"": true, ""displayOrder"": 1}]}","2026-03-25 21:41:51.398","2036-02-22 11:33:53.011",1,8,"","","","",762,0,0,false,false,1,"2026-03-26 11:34:48.088833",false
4272,APP-GIRLS-230226,119,20,126,"{""componentJson"": [{""id"": 8260, ""isActive"": true, ""displayOrder"": 1}]}","2026-03-25 21:43:09.536","2036-02-22 11:43:40.414",1,8,"","","","",757,1,0,true,false,1,"2026-03-26 11:34:34.409302",false
4271,APP-GIRLS-230226,119,2,126,"{""componentJson"": [{""id"": 8260, ""isActive"": true, ""displayOrder"": 1}]}","2026-03-25 19:43:16.919","2036-02-22 09:43:40.414",1,8,"","","","",747,1,0,true,false,1,"2026-03-26 11:34:34.388164",false
4285,WEB-GIRLS-230226,138,16,126,"{""componentJson"": [{""id"": 8259, ""isActive"": true, ""displayOrder"": 1}]}","2026-03-25 21:41:40.554","2036-02-22 11:33:53.011",1,8,"","","","",742,0,0,false,false,1,"2026-03-26 11:34:48.139555",false
4284,WEB-GIRLS-230226,138,2,126,"{""componentJson"": [{""id"": 8259, ""isActive"": true, ""displayOrder"": 1}]}","2026-03-25 21:41:46.215","2036-02-22 11:33:53.011",1,8,"","","","",732,0,0,false,false,1,"2026-03-26 11:34:48.115123",false
4274,APP-GIRLS-230226,138,16,126,"{""componentJson"": [{""id"": 8260, ""isActive"": true, ""displayOrder"": 1}]}","2026-03-25 23:42:59.938","2036-02-22 13:43:40.414",1,8,"","","","",737,1,0,true,false,1,"2026-03-26 11:34:34.45224",false
4273,APP-GIRLS-230226,138,2,126,"{""componentJson"": [{""id"": 8260, ""isActive"": true, ""displayOrder"": 1}]}","2026-03-25 23:43:04.796","2036-02-22 13:43:40.414",1,8,"","","","",727,1,0,true,false,1,"2026-03-26 11:34:34.430608",false
4286,WEB-GIRLS-230226,143,2,126,"{""componentJson"": [{""id"": 8259, ""isActive"": true, ""displayOrder"": 1}]}","2026-03-25 17:41:36.13","2036-02-22 07:33:53.011",1,8,"","","","",623,0,0,false,false,1,"2026-03-26 11:34:48.164125",false
4276,APP-GIRLS-230226,143,21,126,"{""componentJson"": [{""id"": 8260, ""isActive"": true, ""displayOrder"": 1}]}","2026-03-25 15:42:40.861","2036-02-22 05:43:40.414",1,8,"","","","",628,1,0,true,false,1,"2026-03-26 11:34:34.495695",false
4275,APP-GIRLS-230226,143,2,126,"{""componentJson"": [{""id"": 8260, ""isActive"": true, ""displayOrder"": 1}]}","2026-03-25 19:42:53.812","2036-02-22 09:43:40.414",1,8,"","","","",618,1,0,true,false,1,"2026-03-26 11:34:34.474354",false
4288,WEB-GIRLS-230226,155,2,126,"{""componentJson"": [{""id"": 8259, ""isActive"": true, ""displayOrder"": 1}]}","2026-03-25 17:41:18.904","2036-02-22 07:33:53.011",1,8,"","","","",712,0,0,false,false,1,"2026-03-26 11:34:48.209022",false
4278,APP-GIRLS-230226,155,21,126,"{""componentJson"": [{""id"": 8260, ""isActive"": true, ""displayOrder"": 1}]}","2026-03-25 19:42:20.152","2036-02-22 09:43:40.414",1,8,"","","","",717,1,0,true,false,1,"2026-03-26 11:34:34.542085",false
4277,APP-GIRLS-230226,155,2,126,"{""componentJson"": [{""id"": 8260, ""isActive"": true, ""displayOrder"": 1}]}","2026-03-25 17:42:26.953","2036-02-22 07:43:40.414",1,8,"","","","",707,1,0,true,false,1,"2026-03-26 11:34:34.52035",false
4280,WEB-GIRLS-230226,114,21,126,"{""componentJson"": [{""id"": 8259, ""isActive"": true, ""displayOrder"": 1}]}","2026-03-25 19:42:09.228","2036-02-22 09:33:53.011",1,8,"","","","",692,0,0,false,false,1,"2026-03-26 11:34:48.012472",false
4279,WEB-GIRLS-230226,114,2,126,"{""componentJson"": [{""id"": 8259, ""isActive"": true, ""displayOrder"": 1}]}","2026-03-25 19:42:14.006","2036-02-22 09:33:53.011",1,8,"","","","",682,0,0,false,false,1,"2026-03-26 11:34:47.988674",false
4270,APP-GIRLS-230226,114,22,126,"{""componentJson"": [{""id"": 8260, ""isActive"": true, ""displayOrder"": 1}]}","2026-03-25 21:43:21.617","2036-02-22 11:43:40.414",1,8,"","","","",697,1,0,true,false,1,"2026-03-26 11:34:34.366598",false
4269,APP-GIRLS-230226,114,21,126,"{""componentJson"": [{""id"": 8260, ""isActive"": true, ""displayOrder"": 1}]}","2026-03-25 21:43:26.108","2036-02-22 11:43:40.414",1,8,"","","","",687,1,0,true,false,1,"2026-03-26 11:34:34.344913",false
4268,APP-GIRLS-230226,114,2,126,"{""componentJson"": [{""id"": 8260, ""isActive"": true, ""displayOrder"": 1}]}","2026-03-25 19:43:30.294","2036-02-22 09:43:40.414",1,8,"","","","",677,1,0,true,false,1,"2026-03-26 11:34:34.315411",false
4043,WEB-GIRLS-230226,58,17,126,"{""componentJson"": [{""id"": 8259, ""isActive"": true, ""displayOrder"": 1}, {""id"": 7758, ""isActive"": true, ""displayOrder"": 2}]}","2026-02-22 05:34:58.093","2036-02-22 03:33:53.011",1,8,"","","","",366,0,0,false,false,1,"2026-02-23 13:34:30.83261",false
4029,WEB-GIRLS-230226,24,3,126,"{""componentJson"": [{""id"": 8259, ""isActive"": true, ""displayOrder"": 1}, {""id"": 7758, ""isActive"": true, ""displayOrder"": 2}]}","2026-02-22 21:37:50.5","2036-02-22 19:33:53.011",1,8,"","","","",211,0,0,false,false,1,"2026-02-23 13:34:30.519572",false
4020,WEB-GIRLS-230226,10,6,126,"{""componentJson"": [{""id"": 8259, ""isActive"": true, ""displayOrder"": 1}, {""id"": 7758, ""isActive"": true, ""displayOrder"": 2}]}","2026-02-24 21:39:27.716","2036-02-24 19:33:53.011",1,8,"","","","",330,0,0,false,false,1,"2026-02-23 13:34:30.30462",false
4296,APP-ERKEK-230226,138,16,1,"{""componentJson"": [{""id"": 8282, ""isActive"": true, ""displayOrder"": 1}]}","2026-03-25 23:40:29.584","2036-02-22 11:36:40.42",1,8,"","","","",736,1,0,true,false,1,"2026-03-26 11:35:07.689111",false
4295,APP-ERKEK-230226,138,2,1,"{""componentJson"": [{""id"": 8282, ""isActive"": true, ""displayOrder"": 1}]}","2026-03-25 19:40:36.086","2036-02-22 07:36:40.42",1,8,"","","","",726,1,0,true,false,1,"2026-03-26 11:35:07.667702",false
4294,APP-ERKEK-230226,119,20,1,"{""componentJson"": [{""id"": 8282, ""isActive"": true, ""displayOrder"": 1}]}","2026-03-25 21:40:41.034","2036-02-22 09:36:40.42",1,8,"","","","",756,1,0,true,false,1,"2026-03-26 11:35:07.646315",false
4293,APP-ERKEK-230226,119,2,1,"{""componentJson"": [{""id"": 8282, ""isActive"": true, ""displayOrder"": 1}]}","2026-03-25 19:40:46.181","2036-02-22 07:36:40.42",1,8,"","","","",746,1,0,true,false,1,"2026-03-26 11:35:07.624912",false
4292,APP-ERKEK-230226,114,22,1,"{""componentJson"": [{""id"": 8282, ""isActive"": true, ""displayOrder"": 1}]}","2026-03-25 15:40:50.68","2036-02-22 03:36:40.42",1,8,"","","","",696,1,0,true,false,1,"2026-03-26 11:35:07.603257",false
4019,WEB-GIRLS-230226,10,3,126,"{""componentJson"": [{""id"": 8259, ""isActive"": true, ""displayOrder"": 1}, {""id"": 7758, ""isActive"": true, ""displayOrder"": 2}]}","2026-02-24 21:39:41.957","2036-02-24 19:33:53.011",1,8,"","","","",342,0,0,false,false,1,"2026-02-23 13:34:30.28265",false
4300,APP-ERKEK-230226,155,21,1,"{""componentJson"": [{""id"": 8282, ""isActive"": true, ""displayOrder"": 1}]}","2026-03-25 19:39:57.334","2036-02-22 07:36:40.42",1,8,"","","","",716,1,0,true,false,1,"2026-03-26 11:35:07.777587",false
4299,APP-ERKEK-230226,155,2,1,"{""componentJson"": [{""id"": 8282, ""isActive"": true, ""displayOrder"": 1}]}","2026-03-25 17:40:04.271","2036-02-22 05:36:40.42",1,8,"","","","",706,1,0,true,false,1,"2026-03-26 11:35:07.753991",false
4298,APP-ERKEK-230226,143,21,1,"{""componentJson"": [{""id"": 8282, ""isActive"": true, ""displayOrder"": 1}]}","2026-03-25 17:40:14.298","2036-02-22 05:36:40.42",1,8,"","","","",627,1,0,true,false,1,"2026-03-26 11:35:07.732275",false
4305,WEB-MEN-230226,119,20,126,"{""componentJson"": [{""id"": 8281, ""isActive"": true, ""displayOrder"": 1}]}","2026-03-25 21:39:19.785","2036-02-22 04:22:21",1,8,"","","","",761,0,0,false,false,1,"2026-03-26 11:35:21.758172",false
4304,WEB-MEN-230226,119,2,126,"{""componentJson"": [{""id"": 8281, ""isActive"": true, ""displayOrder"": 1}]}","2026-03-25 21:39:30.135","2036-02-22 04:22:21",1,8,"","","","",751,0,0,false,false,1,"2026-03-26 11:35:21.736217",false
4307,WEB-MEN-230226,138,16,126,"{""componentJson"": [{""id"": 8281, ""isActive"": true, ""displayOrder"": 1}]}","2026-03-25 19:39:09.919","2036-02-22 02:22:21",1,8,"","","","",741,0,0,false,false,1,"2026-03-26 11:35:21.800465",false
4306,WEB-MEN-230226,138,2,126,"{""componentJson"": [{""id"": 8281, ""isActive"": true, ""displayOrder"": 1}]}","2026-03-25 21:39:14.052","2036-02-22 04:22:21",1,8,"","","","",731,0,0,false,false,1,"2026-03-26 11:35:21.779491",false
4309,WEB-MEN-230226,143,21,126,"{""componentJson"": [{""id"": 8281, ""isActive"": true, ""displayOrder"": 1}]}","2026-03-25 17:38:58.187","2036-02-22 00:22:21",1,8,"","","","",632,0,0,false,false,1,"2026-03-26 11:35:21.844359",false
4308,WEB-MEN-230226,143,2,126,"{""componentJson"": [{""id"": 8281, ""isActive"": true, ""displayOrder"": 1}]}","2026-03-25 17:39:05.087","2036-02-22 00:22:21",1,8,"","","","",622,0,0,false,false,1,"2026-03-26 11:35:21.822521",false
4311,WEB-MEN-230226,155,21,126,"{""componentJson"": [{""id"": 8281, ""isActive"": true, ""displayOrder"": 1}]}","2026-03-25 17:38:37.506","2036-02-22 00:22:21",1,8,"","","","",721,0,0,false,false,1,"2026-03-26 11:35:21.901799",false
4310,WEB-MEN-230226,155,2,126,"{""componentJson"": [{""id"": 8281, ""isActive"": true, ""displayOrder"": 1}]}","2026-03-25 17:38:42.869","2036-02-22 00:22:21",1,8,"","","","",711,0,0,false,false,1,"2026-03-26 11:35:21.879665",false
4303,WEB-MEN-230226,114,22,126,"{""componentJson"": [{""id"": 8281, ""isActive"": true, ""displayOrder"": 1}]}","2026-03-25 19:39:34.526","2036-02-22 02:22:21",1,8,"","","","",701,0,0,false,false,1,"2026-03-26 11:35:21.714396",false
4302,WEB-MEN-230226,114,21,126,"{""componentJson"": [{""id"": 8281, ""isActive"": true, ""displayOrder"": 1}]}","2026-03-25 21:39:44.888","2036-02-22 04:22:21",1,8,"","","","",691,0,0,false,false,1,"2026-03-26 11:35:21.693301",false
4301,WEB-MEN-230226,114,2,126,"{""componentJson"": [{""id"": 8281, ""isActive"": true, ""displayOrder"": 1}]}","2026-03-25 19:39:52.102","2036-02-22 02:22:21",1,8,"","","","",681,0,0,false,false,1,"2026-03-26 11:35:21.67158",false
4325,WEB-WOMEN-230226,114,22,126,"{""componentJson"": [{""id"": 8125, ""isActive"": true, ""displayOrder"": 1}]}","2026-03-25 23:36:56.951","2036-02-22 08:52:14.89",1,8,"","","","",700,0,0,false,false,1,"2026-03-26 11:35:40.941559",false
4324,WEB-WOMEN-230226,114,21,126,"{""componentJson"": [{""id"": 8125, ""isActive"": true, ""displayOrder"": 1}]}","2026-03-25 23:37:02.922","2036-02-22 08:52:14.89",1,8,"","","","",690,0,0,false,false,1,"2026-03-26 11:35:40.922167",false
4323,WEB-WOMEN-230226,114,2,126,"{""componentJson"": [{""id"": 8125, ""isActive"": true, ""displayOrder"": 1}]}","2026-03-25 23:37:08.212","2036-02-22 08:52:14.89",1,8,"","","","",680,0,0,false,false,1,"2026-03-26 11:35:40.902772",false
4314,APP-WOMEN-230226,114,22,126,"{""componentJson"": [{""id"": 8124, ""isActive"": true, ""displayOrder"": 1}]}","2026-03-25 19:38:10.511","2036-02-22 00:52:14.221",1,8,"","","","",695,1,0,true,false,1,"2026-03-26 11:35:33.889821",false
4313,APP-WOMEN-230226,114,21,126,"{""componentJson"": [{""id"": 8124, ""isActive"": true, ""displayOrder"": 1}]}","2026-03-25 23:38:15.191","2036-02-22 04:52:14.221",1,8,"","","","",685,1,0,true,false,1,"2026-03-26 11:35:33.871169",false
4312,APP-WOMEN-230226,114,2,126,"{""componentJson"": [{""id"": 8124, ""isActive"": true, ""displayOrder"": 1}]}","2026-03-25 21:38:28.334","2036-02-22 02:52:14.221",1,8,"","","","",675,1,0,true,false,1,"2026-03-26 11:35:33.851086",false
4327,WEB-WOMEN-230226,119,20,126,"{""componentJson"": [{""id"": 8170, ""isActive"": true, ""displayOrder"": 1}]}","2026-03-25 21:36:48.212","2036-02-22 06:52:14.89",1,8,"","","","",760,0,0,false,false,1,"2026-03-26 11:35:40.981362",false
4326,WEB-WOMEN-230226,119,2,126,"{""componentJson"": [{""id"": 8170, ""isActive"": true, ""displayOrder"": 1}]}","2026-03-25 21:36:52.427","2036-02-22 06:52:14.89",1,8,"","","","",750,0,0,false,false,1,"2026-03-26 11:35:40.961327",false
4316,APP-WOMEN-230226,119,20,126,"{""componentJson"": [{""id"": 8171, ""isActive"": true, ""displayOrder"": 1}]}","2026-03-25 21:38:01.194","2036-02-22 02:52:14.221",1,8,"","","","",755,1,0,true,false,1,"2026-03-26 11:35:33.927529",false
4315,APP-WOMEN-230226,119,2,126,"{""componentJson"": [{""id"": 8171, ""isActive"": true, ""displayOrder"": 1}]}","2026-03-25 19:38:05.646","2036-02-22 00:52:14.221",1,8,"","","","",745,1,0,true,false,1,"2026-03-26 11:35:33.909042",false
4329,WEB-WOMEN-230226,138,16,126,"{""componentJson"": [{""id"": 8222, ""isActive"": true, ""displayOrder"": 1}]}","2026-03-25 21:36:37.109","2036-02-22 06:52:14.89",1,8,"","","","",740,0,0,false,false,1,"2026-03-26 11:35:41.019579",false
4328,WEB-WOMEN-230226,138,2,126,"{""componentJson"": [{""id"": 8222, ""isActive"": true, ""displayOrder"": 1}]}","2026-03-25 21:36:43.992","2036-02-22 06:52:14.89",1,8,"","","","",730,0,0,false,false,1,"2026-03-26 11:35:41.000125",false
4318,APP-WOMEN-230226,138,16,126,"{""componentJson"": [{""id"": 8223, ""isActive"": true, ""displayOrder"": 1}]}","2026-03-25 21:37:49.472","2036-02-22 02:52:14.221",1,8,"","","","",735,1,0,true,false,1,"2026-03-26 11:35:33.966135",false
4317,APP-WOMEN-230226,138,2,126,"{""componentJson"": [{""id"": 8223, ""isActive"": true, ""displayOrder"": 1}]}","2026-03-25 21:37:55.301","2036-02-22 02:52:14.221",1,8,"","","","",725,1,0,true,false,1,"2026-03-26 11:35:33.946659",false
4320,APP-WOMEN-230226,143,21,126,"{""componentJson"": [{""id"": 8223, ""isActive"": true, ""displayOrder"": 1}]}","2026-03-25 19:37:36.704","2036-02-22 00:52:14.221",1,8,"","","","",626,1,0,true,false,1,"2026-03-26 11:35:34.004947",false
4319,APP-WOMEN-230226,143,2,126,"{""componentJson"": [{""id"": 8223, ""isActive"": true, ""displayOrder"": 1}]}","2026-03-25 17:37:43.303","2036-02-21 22:52:14.221",1,8,"","","","",616,1,0,true,false,1,"2026-03-26 11:35:33.985942",false
4331,WEB-WOMEN-230226,155,21,126,"{""componentJson"": [{""id"": 8222, ""isActive"": true, ""displayOrder"": 1}]}","2026-03-25 19:36:08.908","2036-02-22 04:52:14.89",1,8,"","","","",720,0,0,false,false,1,"2026-03-26 11:35:41.057818",false
4330,WEB-WOMEN-230226,155,2,126,"{""componentJson"": [{""id"": 8222, ""isActive"": true, ""displayOrder"": 1}]}","2026-03-25 19:36:27.659","2036-02-22 04:52:14.89",1,8,"","","","",710,0,0,false,false,1,"2026-03-26 11:35:41.03872",false
4322,APP-WOMEN-230226,155,21,126,"{""componentJson"": [{""id"": 8223, ""isActive"": true, ""displayOrder"": 1}]}","2026-03-25 19:37:13.65","2036-02-22 00:52:14.221",1,8,"","","","",715,1,0,true,false,1,"2026-03-26 11:35:34.045399",false
4321,APP-WOMEN-230226,155,2,126,"{""componentJson"": [{""id"": 8223, ""isActive"": true, ""displayOrder"": 1}]}","2026-03-25 19:37:21.446","2036-02-22 00:52:14.221",1,8,"","","","",705,1,0,true,false,1,"2026-03-26 11:35:34.024816",false
4282,WEB-GIRLS-230226,119,2,126,"{""componentJson"": [{""id"": 8259, ""isActive"": true, ""displayOrder"": 1}]}","2026-03-25 21:41:57.068","2036-02-22 11:33:53.011",1,8,"","","","",752,0,0,false,false,1,"2026-03-26 11:34:48.062401",false
4297,APP-ERKEK-230226,143,2,1,"{""componentJson"": [{""id"": 8282, ""isActive"": true, ""displayOrder"": 1}]}","2026-03-25 15:40:23.365","2036-02-22 03:36:40.42",1,8,"","","","",617,1,0,true,false,1,"2026-03-26 11:35:07.710443",false
4291,APP-ERKEK-230226,114,21,1,"{""componentJson"": [{""id"": 8282, ""isActive"": true, ""displayOrder"": 1}]}","2026-03-25 15:41:01.018","2036-02-22 03:36:40.42",1,8,"","","","",686,1,0,true,false,1,"2026-03-26 11:35:07.581201",false
3157,[OLD] YENIDOGAN-BEBEK-IHTIYAC-LISTESI-LP-NT,1,1,1,"{""componentJson"": [{""id"": 6294, ""status"": true, ""displayOrder"": 1}, {""id"": 6293, ""status"": true, ""displayOrder"": 2}, {""id"": 6295, ""status"": true, ""displayOrder"": 3}, {""id"": 7544, ""status"": true, ""displayOrder"": 4}]}","2025-03-06 12:37:27","2030-01-01 00:00:00",1,2,yenidogan-bebek-ihtiyac-listesi-nt,/katalog,"","",0,1,0,true,false,1,"2026-02-17 21:40:52.898096",false
4290,APP-ERKEK-230226,114,2,1,"{""componentJson"": [{""id"": 8282, ""isActive"": true, ""displayOrder"": 1}]}","2026-03-25 15:41:05.802","2036-02-22 03:36:40.42",1,8,"","","","",676,1,0,true,false,1,"2026-03-26 11:35:07.551313",false
4289,WEB-GIRLS-230226,155,21,126,"{""componentJson"": [{""id"": 8259, ""isActive"": true, ""displayOrder"": 1}]}","2026-03-25 17:41:13.382","2036-02-22 07:33:53.011",1,8,"","","","",722,0,0,false,false,1,"2026-03-26 11:34:48.247454",false
4287,WEB-GIRLS-230226,143,21,126,"{""componentJson"": [{""id"": 8259, ""isActive"": true, ""displayOrder"": 1}]}","2026-05-26 03:36:43.758","2026-06-08 05:10:27.19596",4,8,"","","","",633,0,0,false,false,1,"2026-03-26 11:34:48.186213",false
4250,APP-BOYS-230226,114,2,1,"{""componentJson"": [{""id"": 8248, ""isActive"": true, ""displayOrder"": 1}]}","2026-03-25 21:45:12.908","2036-02-22 08:15:40.457",1,8,"","","","",678,1,0,true,false,1,"2026-03-26 11:34:14.316223",false
4281,WEB-GIRLS-230226,114,22,126,"{""componentJson"": [{""id"": 8259, ""isActive"": true, ""displayOrder"": 1}]}","2026-03-25 19:42:04.348","2036-02-22 09:33:53.011",1,8,"","","","",702,0,0,false,false,1,"2026-03-26 11:34:48.037322",false
4251,APP-BOYS-230226,114,21,1,"{""componentJson"": [{""id"": 8248, ""isActive"": true, ""displayOrder"": 1}]}","2026-03-25 21:45:08.424","2036-02-22 08:15:40.457",1,8,"","","","",688,1,0,true,false,1,"2026-03-26 11:34:14.344239",false
4265,WEB-BOYS-230226,138,16,1,"{""componentJson"": [{""id"": 8243, ""isActive"": true, ""displayOrder"": 1}]}","2026-03-25 17:43:44.748","2036-02-22 04:15:40.439",1,8,"","","","",743,0,0,false,false,1,"2026-03-26 11:34:22.091037",false
4263,WEB-BOYS-230226,119,20,1,"{""componentJson"": [{""id"": 8243, ""isActive"": true, ""displayOrder"": 1}]}","2026-03-25 19:43:55.739","2036-02-22 06:15:40.439",1,8,"","","","",763,0,0,false,false,1,"2026-03-26 11:34:22.050038",false
4264,WEB-BOYS-230226,138,2,1,"{""componentJson"": [{""id"": 8243, ""isActive"": true, ""displayOrder"": 1}]}","2026-03-25 19:43:50.811","2036-02-22 06:15:40.439",1,8,"","","","",733,0,0,false,false,1,"2026-03-26 11:34:22.071159",false
3120,[OLD] NEWBORN-LP,1,1,1,"{""componentJson"": [{""id"": 6195, ""displayOrder"": 1}, {""id"": 6196, ""displayOrder"": 2}, {""id"": 6197, ""displayOrder"": 3}, {""id"": 6198, ""displayOrder"": 4}]}","2024-01-22 14:39:15","2026-03-26 11:50:49.875736",4,2,yenidogan-bebek-ihtiyac-listesi,/katalog,"","",95675,0,99021,false,false,0,"2026-02-17 21:40:47.392305",false
3198,[OLD] APP-ERKEK-COCUK-ANASAYFASI-YENI-SEZON,1,1,1,"{""componentJson"": [{""id"": 8239, ""isActive"": true, ""displayOrder"": 1}, {""id"": 8196, ""isActive"": true, ""displayOrder"": 2}, {""id"": 8046, ""isActive"": true, ""displayOrder"": 3}, {""id"": 6421, ""isActive"": true, ""displayOrder"": 4}, {""id"": 6422, ""isActive"": true, ""displayOrder"": 5}, {""id"": 6423, ""isActive"": true, ""displayOrder"": 6}]}","2026-02-16 03:23:02","2035-08-15 05:01:15",1,8,"","","","",95684,1,0,true,false,1,"2026-02-17 21:41:08.922461",false
4001,WEB-BABY-230226,25,1,1,"{""componentJson"": [{""id"": 8280, ""isActive"": true, ""displayOrder"": 1}]}","2026-02-22 06:49:27.912","2036-02-22 04:40:53.054",1,8,"","","","",300,0,0,false,false,1,"2026-02-23 12:46:23.430189",false
3942,WEB-MEN-230226,35,2,126,"{""componentJson"": [{""id"": 8281, ""isActive"": true, ""displayOrder"": 1}]}","2026-02-22 22:26:25.457","2036-02-22 14:22:21",1,8,"","","","",103,0,0,false,false,1,"2026-02-23 12:23:32.266065",false
2001,[OLD] deneme-set,8,12,1,"{""componentJson"": [{""id"": 3984, ""displayOrder"": 1}]}","2025-01-01 00:00:22","2075-01-01 00:00:22",1,2,deneme-set,/catalog,"",denme-set,0,0,21515,false,false,0,"2026-02-17 21:36:28.998905",false
2002,[OLD] deneme-set-en,8,2,1,"{""componentJson"": [{""id"": 3985, ""displayOrder"": 1}]}","2025-01-01 00:00:22","2075-01-01 00:00:22",1,2,deneme-set-en,/catalog,"",denme-set-en,0,0,21516,false,false,0,"2026-02-17 21:36:29.107846",false
2003,[OLD] back-to-school-eg,8,12,1,"{""componentJson"": [{""id"": 3986, ""displayOrder"": 1}]}","2025-01-01 00:00:22","2075-01-01 00:00:22",1,2,back-to-school-eg,/catalog,"",back to school lcwaikiki egypt 2022,0,0,21517,false,false,0,"2026-02-17 21:36:29.188646",false
2004,[OLD] back-to-college-egypt,8,12,1,"{""componentJson"": [{""id"": 3986, ""displayOrder"": 1}]}","2025-01-01 00:00:22","2075-01-01 00:00:22",1,2,back-to-college-egypt,/catalog,"",back to college lcwaikiki egypt 2022  ,0,0,21518,false,false,0,"2026-02-17 21:36:29.264727",false
2005,[OLD] back-to-college-egypt-en,8,2,1,"{""componentJson"": [{""id"": 3987, ""displayOrder"": 1}]}","2025-01-01 00:00:22","2075-01-01 00:00:22",1,2,back-to-college-egypt-en,/catalog,"",back to college lcwaikiki egypt 2022  ,0,0,21519,false,false,0,"2026-02-17 21:36:29.351042",false
2006,[OLD] back-to-school-egypt-en,8,2,1,"{""componentJson"": [{""id"": 3988, ""displayOrder"": 1}]}","2025-01-01 00:00:22","2075-01-01 00:00:22",1,2,back-to-school-egypt-en,/catalog,"",back to school lcwaikiki egypt 2022  ,0,0,21520,false,false,0,"2026-02-17 21:36:29.432698",false
2007,[OLD] back-to-school-egypt-en,8,2,1,"{""componentJson"": [{""id"": 3988, ""displayOrder"": 1}]}","2025-01-01 00:00:22","2075-01-01 00:00:22",1,2,back-to-school-egypt-en,/catalog,"",back to school lcwaikiki egypt 2022  ,0,0,21521,false,false,0,"2026-02-17 21:36:29.50233",false
2008,[OLD] back-to-school-egypt,8,12,1,"{""componentJson"": [{""id"": 3989, ""displayOrder"": 1}]}","2025-01-01 00:00:22","2075-01-01 00:00:22",1,2,back-to-school-egypt,/catalog,"",back to school lcwaikiki egypt 2022  ,0,0,21522,false,false,0,"2026-02-17 21:36:29.58625",false
2009,[OLD] black-friday-egypt,8,12,1,"{""componentJson"": [{""id"": 3990, ""displayOrder"": 1}]}","2025-01-01 00:00:22","2075-01-01 00:00:22",1,2,black-friday-egypt,/catalog,"",Black Friday LC Waikiki Egypt 2022  ,0,0,21523,false,false,0,"2026-02-17 21:36:29.67574",false
2010,[OLD] christmas-shop,8,12,1,"{""componentJson"": [{""id"": 3991, ""displayOrder"": 1}]}","2025-01-01 00:00:22","2075-01-01 00:00:22",1,2,christmas-shop,/catalog,"","Get great Christmas gifts and amazing discounts for 2023. LC Waikiki has a wide selection of Xmas gifts for men, women, and kids for you to choose from.",0,0,21524,false,false,0,"2026-02-17 21:36:29.756979",false
2011,[OLD] christmas-shop,8,2,1,"{""componentJson"": [{""id"": 3992, ""displayOrder"": 1}]}","2025-01-01 00:00:22","2075-01-01 00:00:22",1,2,christmas-shop,/catalog,"","Get great Christmas gifts and amazing discounts for 2023. LC Waikiki has a wide selection of Xmas gifts for men, women, and kids for you to choose from.",0,0,21525,false,false,0,"2026-02-17 21:36:29.837631",false
2012,[OLD] winter-white,8,12,1,"{""componentJson"": [{""id"": 3993, ""displayOrder"": 1}]}","2025-01-01 00:00:22","2075-01-01 00:00:22",1,2,winter-white,/catalog,"",Winter White Egypt 2022  ,0,0,21526,false,false,0,"2026-02-17 21:36:29.917354",false
2013,[OLD] winter-white,8,2,1,"{""componentJson"": [{""id"": 3994, ""displayOrder"": 1}]}","2025-01-01 00:00:22","2075-01-01 00:00:22",1,2,winter-white,/catalog,"",Winter White Egypt 2022  ,0,0,21527,false,false,0,"2026-02-17 21:36:29.999371",false
2014,[OLD] christmas-family-gifts,8,12,1,"{""componentJson"": [{""id"": 3995, ""displayOrder"": 1}]}","2025-01-01 00:00:22","2075-01-01 00:00:22",1,2,christmas-family-gifts,/catalog,"",Christmas Family Gifts Egypt,0,0,21528,false,false,0,"2026-02-17 21:36:30.078648",false
2015,[OLD] christmas-family-gifts,8,2,1,"{""componentJson"": [{""id"": 3996, ""displayOrder"": 1}]}","2025-01-01 00:00:22","2075-01-01 00:00:22",1,2,christmas-family-gifts,/catalog,"",Christmas Family Gifts Egypt,0,0,21529,false,false,0,"2026-02-17 21:36:30.154992",false
2016,[OLD] christmas-family-gifts,8,2,1,"{""componentJson"": [{""id"": 3996, ""displayOrder"": 1}]}","2025-01-01 00:00:22","2075-01-01 00:00:22",1,2,christmas-family-gifts,/catalog,"",Christmas Family Gifts Egypt,0,0,21530,false,false,0,"2026-02-17 21:36:30.223885",false
2017,[OLD] christmas-family-gifts,8,2,1,"{""componentJson"": [{""id"": 3996, ""displayOrder"": 1}]}","2025-01-01 00:00:22","2075-01-01 00:00:22",1,2,christmas-family-gifts,/catalog,"",Christmas Family Gifts Egypt,0,0,21531,false,false,0,"2026-02-17 21:36:30.298622",false
2018,[OLD] sibling-style,8,12,1,"{""componentJson"": [{""id"": 3997, ""displayOrder"": 1}]}","2025-01-01 00:00:22","2075-01-01 00:00:22",1,2,sibling-style,/catalog,"",SIBLING STYLE Special Picks for Kids & Baby,0,0,21532,false,false,0,"2026-02-17 21:36:30.378836",false
2019,[OLD] sibling-style,8,2,1,"{""componentJson"": [{""id"": 3998, ""displayOrder"": 1}]}","2025-01-01 00:00:22","2075-01-01 00:00:22",1,2,sibling-style,/catalog,"",SIBLING STYLE Special Picks for Kids & Baby,0,0,21533,false,false,0,"2026-02-17 21:36:30.468109",false
2020,[OLD] modest,8,12,1,"{""componentJson"": [{""id"": 3999, ""displayOrder"": 1}]}","2025-01-01 00:00:22","2075-01-01 00:00:22",1,2,modest,/catalog,"",LCW MODEST,0,0,21534,false,false,0,"2026-02-17 21:36:30.548886",false
2021,[OLD] modest,8,2,1,"{""componentJson"": [{""id"": 4000, ""displayOrder"": 1}]}","2025-01-01 00:00:22","2075-01-01 00:00:22",1,2,modest,/catalog,"",LCW MODEST,0,0,21535,false,false,0,"2026-02-17 21:36:30.629725",false
2022,[OLD] valentines-day,8,2,1,"{""componentJson"": [{""id"": 4001, ""displayOrder"": 1}]}","2025-01-01 00:00:22","2075-01-01 00:00:22",1,2,valentines-day,/catalog,"",VALENTINE'S DAY,0,0,21536,false,false,0,"2026-02-17 21:36:30.711762",false
2023,[OLD] valentines-day,8,12,1,"{""componentJson"": [{""id"": 4002, ""displayOrder"": 1}]}","2025-01-01 00:00:22","2075-01-01 00:00:22",1,2,valentines-day,/catalog,"",VALENTINE'S DAY,0,0,21537,false,false,0,"2026-02-17 21:36:30.792979",false
2024,[OLD] new-season-women,8,2,1,"{""componentJson"": [{""id"": 4003, ""displayOrder"": 1}]}","2025-01-01 00:00:22","2075-01-01 00:00:22",1,2,new-season-women,/catalog,"","Discover the latest trends with the new season products of our women's clothing collection. Shop the newest women's tops, bottoms, dresses and more.
",0,0,21538,false,false,0,"2026-02-17 21:36:30.877337",false
2025,[OLD] ramadan-home,8,12,1,"{""componentJson"": [{""id"": 4004, ""displayOrder"": 1}]}","2025-01-01 00:00:22","2075-01-01 00:00:22",1,2,ramadan-home,/catalog,"","THE JOY OF RAMADAN, RAMADAN, HOME",0,0,21539,false,false,0,"2026-02-17 21:36:30.957387",false
2026,[OLD] ramadan-home,8,2,1,"{""componentJson"": [{""id"": 4005, ""displayOrder"": 1}]}","2025-01-01 00:00:22","2075-01-01 00:00:22",1,2,ramadan-home,/catalog,"","THE JOY OF RAMADAN, RAMADAN, HOME",0,0,21540,false,false,0,"2026-02-17 21:36:31.037602",false
1869,[OLD] WOMEN-111225,12,2,12,"{""componentJson"": [{""id"": 3888, ""displayOrder"": 1}]}","2026-01-29 07:19:15.315","2026-02-23 07:00:17.130568",4,8,"","","","",405,0,0,false,true,1,"2026-02-13 00:03:35.439115",false
1873,[OLD] WOMEN-111225,12,8,12,"{""componentJson"": [{""id"": 3888, ""displayOrder"": 1}]}","2026-01-29 08:17:29.72","2026-02-23 07:00:20.83577",4,8,"","","","",411,0,0,false,false,1,"2026-02-13 00:03:36.004235",false
1874,[OLD] APP-WOMEN-111225,12,8,12,"{""componentJson"": [{""id"": 3887, ""displayOrder"": 1}]}","2026-01-29 08:17:24.434","2026-02-23 07:05:31.783842",4,8,"","","","",499,1,0,true,false,1,"2026-02-13 00:03:36.079953",false
1878,[OLD] APP-WOMEN-111225,12,2,12,"{""componentJson"": [{""id"": 3887, ""displayOrder"": 1}]}","2026-01-29 08:19:10.636","2026-02-23 07:05:41.337867",4,8,"","","","",493,1,0,true,true,1,"2026-02-13 00:03:36.396315",false
1881,[OLD] APP-BOYS-111225,12,2,12,"{""componentJson"": [{""id"": 3886, ""displayOrder"": 1}]}","2026-01-29 07:40:44.919","2026-02-23 10:19:40.325826",4,8,"","","","",496,1,0,true,true,1,"2026-02-13 00:03:36.627949",false
1876,[OLD] APP-BOYS-111225,12,8,12,"{""componentJson"": [{""id"": 3886, ""displayOrder"": 1}]}","2026-01-29 07:38:20.671","2026-02-23 10:19:55.657905",4,8,"","","","",502,1,0,true,false,1,"2026-02-13 00:03:36.232363",false
1866,[OLD] BOYS-111225,12,2,12,"{""componentJson"": [{""id"": 3885, ""displayOrder"": 1}]}","2026-01-29 07:40:40.234","2026-02-23 10:26:32.439577",4,8,"","","","",408,0,0,false,true,1,"2026-02-13 00:03:34.975082",false
1871,[OLD] BOYS-111225,12,8,12,"{""componentJson"": [{""id"": 3885, ""displayOrder"": 1}]}","2026-01-29 08:38:15.827","2026-02-23 10:26:44.341722",4,8,"","","","",414,0,0,false,false,1,"2026-02-13 00:03:35.725585",false
1868,[OLD] MEN-111225,12,2,12,"{""componentJson"": [{""id"": 3893, ""displayOrder"": 1}]}","2026-01-29 07:30:08.677","2026-02-23 12:25:45.820683",4,8,"","","","",406,0,0,false,true,1,"2026-02-13 00:03:35.3206",false
1872,[OLD] MEN-111225,12,8,12,"{""componentJson"": [{""id"": 3893, ""displayOrder"": 1}]}","2026-01-29 07:28:55.577","2026-02-23 12:42:34.04882",4,8,"","","","",412,0,0,false,false,1,"2026-02-13 00:03:35.883423",false
1870,[OLD] BABY-111225,12,8,12,"{""componentJson"": [{""id"": 3890, ""displayOrder"": 1}]}","2026-02-05 07:44:32.232","2026-02-23 12:51:09.563207",4,8,"","","","",415,0,0,false,false,1,"2026-02-13 00:03:35.56919",false
1865,[OLD] BABY-111225,12,2,12,"{""componentJson"": [{""id"": 3890, ""displayOrder"": 1}]}","2026-02-05 08:44:02.004","2026-02-23 12:51:15.792577",4,8,"","","","",409,0,0,false,true,1,"2026-02-13 00:03:34.805452",false
1882,[OLD] APP-BABY-111225,12,2,12,"{""componentJson"": [{""id"": 3891, ""displayOrder"": 1}]}","2026-02-05 07:43:28.781","2026-02-23 12:55:45.572112",4,8,"","","","",497,1,0,true,true,1,"2026-02-13 00:03:36.703365",false
1864,[OLD] GIRLS-111225,12,8,12,"{""componentJson"": [{""id"": 3850, ""displayOrder"": 1}]}","2026-01-29 08:34:16.418","2026-02-23 13:39:13.069268",4,8,"","","","",413,0,0,false,false,1,"2026-02-13 00:03:34.673429",false
1867,[OLD] GIRLS-111225,12,2,12,"{""componentJson"": [{""id"": 3850, ""displayOrder"": 1}]}","2026-01-29 09:31:05.626","2026-02-23 13:39:19.118327",4,8,"","","","",407,0,0,false,true,1,"2026-02-13 00:03:35.149304",false
1883,[OLD] APP-GIRLS-111225,12,8,12,"{""componentJson"": [{""id"": 3849, ""displayOrder"": 1}]}","2026-01-29 08:34:21.324","2026-02-23 13:47:56.212476",4,8,"","","","",501,1,0,true,false,1,"2026-02-13 00:03:36.781198",false
1880,[OLD] APP-GIRLS-111225,12,2,12,"{""componentJson"": [{""id"": 3849, ""displayOrder"": 1}]}","2026-01-29 08:30:46.646","2026-02-23 13:48:01.362687",4,8,"","","","",495,1,0,true,true,1,"2026-02-13 00:03:36.546169",false
1875,[OLD] APP-MEN-111225,12,8,12,"{""componentJson"": [{""id"": 3892, ""displayOrder"": 1}]}","2026-01-29 07:29:00.778","2026-02-23 13:48:44.853685",4,8,"","","","",500,1,0,true,false,1,"2026-02-13 00:03:36.156762",false
1879,[OLD] APP-MEN-111225,12,2,12,"{""componentJson"": [{""id"": 3892, ""displayOrder"": 1}]}","2026-01-29 07:30:14.741","2026-02-23 13:48:54.694432",4,8,"","","","",494,1,0,true,true,1,"2026-02-13 00:03:36.471202",false
1884,[OLD] HOMEPAGE-010126,12,8,1,"{""componentJson"": [{""id"": 3773, ""displayOrder"": 1}, {""id"": 3774, ""displayOrder"": 2}]}","2026-01-10 08:45:19.80079","2036-01-01 05:00:57",1,8,"","","","",370,0,120028,false,false,0,"2026-02-13 00:03:36.90636",false
1885,[OLD] APP-HOMEPAGE-010126,12,8,1,"{""componentJson"": [{""id"": 3775, ""displayOrder"": 1}, {""id"": 3776, ""displayOrder"": 2}]}","2026-01-10 08:48:31.679075","2036-01-01 05:00:36",1,8,"","","","",498,1,120030,true,false,0,"2026-02-13 00:03:37.042727",false
1886,[OLD] APP-HOMEPAGE-010126,12,2,1,"{""componentJson"": [{""id"": 3777, ""displayOrder"": 1}, {""id"": 3778, ""displayOrder"": 2}]}","2026-01-10 08:49:00.914362","2036-01-01 05:00:42",1,8,"","","","",492,1,120031,true,true,0,"2026-02-13 00:03:37.166444",false
1887,[OLD] HOMEPAGE-010126,12,2,1,"{""componentJson"": [{""id"": 3779, ""displayOrder"": 1}, {""id"": 3780, ""displayOrder"": 2}]}","2026-01-10 08:49:25.68612","2036-01-01 05:00:59",1,8,"","","","",371,0,120032,false,true,0,"2026-02-13 00:03:37.288343",false
1877,[OLD] APP-BABY-111225,12,8,12,"{""componentJson"": [{""id"": 3891, ""displayOrder"": 1}]}","2026-02-05 07:44:16.508","2035-12-17 08:21:36",1,8,"","","","",409,1,0,true,false,1,"2026-02-13 00:03:36.320033",false
2231,[OLD] men-denim,50,2,1,"{""componentJson"": [{""id"": 4307, ""displayOrder"": 1}]}","2025-01-01 00:00:22","2075-01-01 00:00:22",1,2,men-denim,/catalog,"",Men Denim,0,0,22205,false,false,0,"2026-02-17 21:37:14.074887",false
2232,[OLD] denim-women,50,2,1,"{""componentJson"": [{""id"": 4308, ""displayOrder"": 1}]}","2025-01-01 00:00:22","2075-01-01 00:00:22",1,2,denim-women,/catalog,"",Denim Woman Trend,0,0,22206,false,false,0,"2026-02-17 21:37:14.156308",false
2233,[OLD] denim-men,50,2,1,"{""componentJson"": [{""id"": 4309, ""displayOrder"": 1}]}","2025-01-01 00:00:22","2075-01-01 00:00:22",1,2,denim-men,/catalog,"",Denim Men Trend,0,0,22207,false,false,0,"2026-02-17 21:37:14.237113",false
2234,[OLD] hot-summer,50,2,1,"{""componentJson"": [{""id"": 4310, ""displayOrder"": 1}]}","2025-01-01 00:00:22","2075-01-01 00:00:22",1,2,hot-summer,/catalog,"",HOT SUMMER,0,0,22208,false,false,0,"2026-02-17 21:37:14.32456",false
1891,[OLD] DEALZONE-080126,12,8,126,"{""componentJson"": [{""id"": 3795, ""isActive"": true, ""displayOrder"": 1}, {""id"": 8212, ""isActive"": true, ""displayOrder"": 2}, {""id"": 7455, ""isActive"": true, ""displayOrder"": 3}, {""id"": 7709, ""isActive"": true, ""displayOrder"": 4}, {""id"": 7236, ""isActive"": true, ""displayOrder"": 5}, {""id"": 3773, ""isActive"": true, ""displayOrder"": 6}, {""id"": 7238, ""isActive"": true, ""displayOrder"": 7}, {""id"": 7239, ""isActive"": true, ""displayOrder"": 8}]}","2026-02-06 10:30:03.796","2036-01-09 14:47:36",1,8,"","","","",416,0,0,false,false,1,"2026-02-13 00:03:38.521087",false
1890,[OLD] APP-DEALZONE-080126,12,8,126,"{""componentJson"": [{""id"": 8213, ""isActive"": true, ""displayOrder"": 1}, {""id"": 7454, ""isActive"": true, ""displayOrder"": 2}, {""id"": 7710, ""isActive"": true, ""displayOrder"": 3}, {""id"": 7235, ""isActive"": true, ""displayOrder"": 4}, {""id"": 3775, ""isActive"": true, ""displayOrder"": 5}, {""id"": 7237, ""isActive"": true, ""displayOrder"": 6}]}","2026-02-06 10:30:10.565","2036-01-09 14:47:29",1,8,"","","","",505,1,0,true,false,1,"2026-02-13 00:03:38.197639",false
1896,[OLD] CHRISTMAS,12,2,1,"{""componentJson"": [{""id"": 3807, ""displayOrder"": 1}]}","2025-11-17 11:04:23.98129","2029-12-31 20:00:00",1,2,christmas,/catalog,christmas,christmas,0,0,114360,false,false,0,"2026-02-13 00:03:49.520365",false
1897,[OLD] CHRISTMAS,12,8,1,"{""componentJson"": [{""id"": 3808, ""displayOrder"": 1}]}","2025-11-17 11:05:19.210072","2029-12-31 20:00:00",1,2,christmas,/katalog,christmas,christmas,0,0,114363,false,false,0,"2026-02-13 00:03:49.598745",false
1898,[OLD] WINTER LP,12,8,1,"{""componentJson"": [{""id"": 3809, ""displayOrder"": 1}, {""id"": 3810, ""displayOrder"": 2}]}","2025-12-04 08:54:30.049091","2029-12-31 20:00:00",1,2,winter-lp,/katalog,Winter LP,Winter LP,0,0,117010,false,false,0,"2026-02-13 00:03:49.726492",false
1899,[OLD] WINTER LP,12,2,1,"{""componentJson"": [{""id"": 3811, ""displayOrder"": 1}, {""id"": 3812, ""displayOrder"": 2}]}","2025-12-04 08:53:58.91581","2029-12-31 20:00:00",1,2,winter-lp,/catalog,Winter LP,Winter LP,0,0,117011,false,false,0,"2026-02-13 00:03:49.841048",false
1900,[OLD] WINTER LP APP,12,2,1,"{""componentJson"": [{""id"": 3813, ""displayOrder"": 1}, {""id"": 3814, ""displayOrder"": 2}]}","2025-12-25 07:31:32.309018","2029-12-31 20:00:00",1,2,winter-lp-nt,/catalog,Winter LP App,Winter LP App,0,0,119543,true,false,0,"2026-02-13 00:03:49.959646",false
1901,[OLD] WINTER LP APP,12,8,1,"{""componentJson"": [{""id"": 3815, ""displayOrder"": 1}, {""id"": 3816, ""displayOrder"": 2}]}","2025-12-25 07:32:19.790328","2029-12-31 20:00:00",1,2,winter-lp-nt,/katalog,Winter LP App,Winter LP App,0,0,119544,true,false,0,"2026-02-13 00:03:50.072994",false
1902,[OLD] HOME-MESR-010126,119,20,1,"{""componentJson"": [{""id"": 3817, ""displayOrder"": 1}, {""id"": 3818, ""displayOrder"": 2}]}","2026-01-16 07:43:20","2036-01-01 07:01:36",1,8,"","","","",560,0,122229,false,false,0,"2026-02-13 00:05:25.977263",false
1903,[OLD] HOME-MEEN-010126,119,2,1,"{""componentJson"": [{""id"": 3817, ""displayOrder"": 1}, {""id"": 3818, ""displayOrder"": 2}]}","2026-01-16 07:43:20","2036-01-01 07:01:36",1,8,"","","","",561,0,122230,false,false,0,"2026-02-13 00:05:26.119762",false
1904,[OLD] APP-SRME-HOME,119,20,1,"{""componentJson"": [{""id"": 3819, ""displayOrder"": 1}]}","2026-01-20 10:51:34.776649","2036-01-01 07:01:57",1,8,"","","","",571,1,122363,true,false,0,"2026-02-13 00:05:26.233509",false
1905,[OLD] APP-ENME-HOME,119,2,1,"{""componentJson"": [{""id"": 3819, ""displayOrder"": 1}]}","2026-01-20 10:51:34.776649","2036-01-01 07:01:57",1,8,"","","","",572,1,122364,true,false,0,"2026-02-13 00:05:26.32447",false
1907,[OLD] URUN-SIRALAMA-SECENEKLERI-VE-ALGORITMASI,119,20,1,"{""componentJson"": [{""id"": 3821, ""displayOrder"": 1}]}","2026-02-12 05:28:08.419806","2056-02-12 09:25:00",1,7,urun-siralama-secenekleri-ve-algoritmasi,"","","",0,0,124280,false,false,0,"2026-02-13 00:05:26.554043",false
1912,[OLD] HOMEPAGE-DEF,138,16,1,"{""componentJson"": [{""id"": 3825, ""displayOrder"": 1}, {""id"": 3826, ""displayOrder"": 2}, {""id"": 3827, ""displayOrder"": 3}, {""id"": 3828, ""displayOrder"": 4}]}","2026-01-14 07:36:33","2036-01-01 07:02:36",1,8,"","","","",454,0,122185,false,false,0,"2026-02-13 00:06:04.152595",false
1913,[OLD] HOMEPAGE-DEF-BA-EN,138,2,1,"{""componentJson"": [{""id"": 3825, ""displayOrder"": 1}, {""id"": 3826, ""displayOrder"": 2}, {""id"": 3827, ""displayOrder"": 3}, {""id"": 3828, ""displayOrder"": 4}]}","2026-01-14 07:36:33","2036-01-01 07:02:36",1,8,"","","","",554,0,122205,false,false,0,"2026-02-13 00:06:04.356545",false
1914,[OLD] APP-BSBA-HOME,138,16,1,"{""componentJson"": [{""id"": 3819, ""displayOrder"": 1}]}","2026-01-20 10:51:34.776649","2036-01-01 07:01:57",1,8,"","","","",564,1,122356,true,false,0,"2026-02-13 00:06:04.434215",false
1915,[OLD] APP-ENBA-HOME,138,2,1,"{""componentJson"": [{""id"": 3819, ""displayOrder"": 1}]}","2026-01-20 10:51:34.776649","2036-01-01 07:01:57",1,8,"","","","",565,1,122357,true,false,0,"2026-02-13 00:06:04.502008",false
1893,[OLD] HOME LP,12,8,1,"{""componentJson"": [{""id"": 3802, ""displayOrder"": 1}, {""id"": 3803, ""displayOrder"": 2}]}","2026-01-16 07:16:11.870186","2026-02-24 09:21:18.373994",4,8,home-lp,/katalog,HOME LP,HOME LP,553,0,121872,false,false,0,"2026-02-13 00:03:38.73536",false
1895,[OLD] HOME LP,12,2,1,"{""componentJson"": [{""id"": 3805, ""displayOrder"": 1}, {""id"": 3806, ""displayOrder"": 2}]}","2026-01-16 07:16:31.538057","2026-02-24 09:21:27.25368",4,8,home-lp,/catalog,HOME LP,HOME LP,551,0,121874,false,false,0,"2026-02-13 00:03:38.938012",false
1892,[OLD] APP HOME LP,12,8,1,"{""componentJson"": [{""id"": 3801, ""displayOrder"": 1}]}","2026-01-14 11:01:41.781093","2026-02-24 09:23:26.237685",4,8,home-lp-app,/katalog,APP HOME LP,APP HOME LP,552,1,121871,true,false,0,"2026-02-13 00:03:38.596931",false
1894,[OLD] APP HOME LP,12,2,1,"{""componentJson"": [{""id"": 3804, ""displayOrder"": 1}]}","2026-01-14 11:02:27.09305","2026-02-24 09:23:31.754387",4,8,home-lp-app,/catalog,APP HOME LP,APP HOME LP,550,1,121873,true,false,0,"2026-02-13 00:03:38.82269",false
1916,[OLD] APP-DEALZONE-BA,138,16,1,"{""componentJson"": [{""id"": 3829, ""displayOrder"": 1}, {""id"": 3830, ""displayOrder"": 2}]}","2026-01-29 10:57:27.12597","2036-01-29 11:57:27.617959",1,8,"","","","",581,1,123288,true,false,0,"2026-02-13 00:06:04.63992",false
1917,[OLD] WEB-DEALZONE-BA,138,16,1,"{""componentJson"": [{""id"": 3831, ""displayOrder"": 1}, {""id"": 3832, ""displayOrder"": 2}, {""id"": 3833, ""displayOrder"": 3}]}","2026-01-29 10:57:39.644565","2036-01-29 11:57:43.710877",1,8,"","","","",582,0,123289,false,false,0,"2026-02-13 00:06:04.795413",false
1918,[OLD] WEB-DEALZONE-BA,138,2,1,"{""componentJson"": [{""id"": 3834, ""displayOrder"": 1}, {""id"": 3835, ""displayOrder"": 2}, {""id"": 3836, ""displayOrder"": 3}]}","2026-01-29 10:59:22.551038","2036-01-29 11:59:27.61598",1,8,"","","","",580,0,123290,false,false,0,"2026-02-13 00:06:04.957853",false
1919,[OLD] APP-DEALZONE-BA,138,2,1,"{""componentJson"": [{""id"": 3837, ""displayOrder"": 1}, {""id"": 3838, ""displayOrder"": 2}]}","2026-01-29 10:59:39.309622","2036-01-29 11:59:43.714137",1,8,"","","","",579,1,123291,true,false,0,"2026-02-13 00:06:05.07072",false
1920,[OLD] WOMEN-AL-010126,143,21,1,"{""componentJson"": [{""id"": 3817, ""displayOrder"": 1}, {""id"": 3818, ""displayOrder"": 2}]}","2026-01-16 07:43:20","2036-01-01 07:01:36",1,8,"","","","",555,0,122224,false,false,0,"2026-02-13 00:06:27.422194",false
1921,[OLD] WOMEN-ALEN-010126,143,2,1,"{""componentJson"": [{""id"": 3817, ""displayOrder"": 1}, {""id"": 3818, ""displayOrder"": 2}]}","2026-01-16 07:43:20","2036-01-01 07:01:36",1,8,"","","","",556,0,122225,false,false,0,"2026-02-13 00:06:27.55385",false
1928,[OLD] HOME-XKEN-010126,155,2,1,"{""componentJson"": [{""id"": 3817, ""displayOrder"": 1}, {""id"": 3818, ""displayOrder"": 2}]}","2026-01-16 07:43:20","2036-01-01 07:01:36",1,8,"","","","",562,0,122231,false,false,0,"2026-02-13 00:06:44.105461",false
1929,[OLD] HOME-XKAL-010126,155,21,1,"{""componentJson"": [{""id"": 3817, ""displayOrder"": 1}, {""id"": 3818, ""displayOrder"": 2}]}","2026-01-16 07:43:20","2036-01-01 07:01:36",1,8,"","","","",563,0,122232,false,false,0,"2026-02-13 00:06:44.208181",false
1930,[OLD] APP-ENXK-HOME,155,2,1,"{""componentJson"": [{""id"": 3819, ""displayOrder"": 1}]}","2026-01-20 10:51:34.776649","2036-01-01 07:01:57",1,8,"","","","",573,1,122365,true,false,0,"2026-02-13 00:06:44.281926",false
1931,[OLD] APP-SQXK-HOME,155,21,1,"{""componentJson"": [{""id"": 3819, ""displayOrder"": 1}]}","2026-01-20 10:51:34.776649","2036-01-01 07:01:57",1,8,"","","","",574,1,122366,true,false,0,"2026-02-13 00:06:44.362516",false
1932,[OLD] HOME-MKEN-010126,114,2,1,"{""componentJson"": [{""id"": 3817, ""displayOrder"": 1}, {""id"": 3818, ""displayOrder"": 2}]}","2026-01-16 07:43:20","2036-01-01 07:01:36",1,8,"","","","",557,0,122226,false,false,0,"2026-02-13 00:06:55.215881",false
1933,[OLD] HOME-MKMK-010126,114,22,1,"{""componentJson"": [{""id"": 3817, ""displayOrder"": 1}, {""id"": 3818, ""displayOrder"": 2}]}","2026-01-16 07:43:20","2036-01-01 07:01:36",1,8,"","","","",558,0,122227,false,false,0,"2026-02-13 00:06:55.347249",false
1934,[OLD] HOME-MKAL-010126,114,21,1,"{""componentJson"": [{""id"": 3817, ""displayOrder"": 1}, {""id"": 3818, ""displayOrder"": 2}]}","2026-01-16 07:43:20","2036-01-01 07:01:36",1,8,"","","","",559,0,122228,false,false,0,"2026-02-13 00:06:55.474223",false
1935,[OLD] APP-ENMK-HOME,114,2,1,"{""componentJson"": [{""id"": 3819, ""displayOrder"": 1}]}","2026-01-20 10:51:34.776649","2036-01-01 07:01:57",1,8,"","","","",568,1,122360,true,false,0,"2026-02-13 00:06:55.570003",false
1936,[OLD] APP-SQMK-HOME,114,21,1,"{""componentJson"": [{""id"": 3819, ""displayOrder"": 1}]}","2026-01-20 10:51:34.776649","2036-01-01 07:01:57",1,8,"","","","",569,1,122361,true,false,0,"2026-02-13 00:06:55.655346",false
1937,[OLD] APP-MKMK-HOME,114,22,1,"{""componentJson"": [{""id"": 3819, ""displayOrder"": 1}]}","2026-01-20 10:51:34.776649","2036-01-01 07:01:57",1,8,"","","","",570,1,122362,true,false,0,"2026-02-13 00:06:55.736041",false
1963,[OLD] KIDS-BABY-EGEN,8,2,1,"{""componentJson"": [{""id"": 3894, ""displayOrder"": 1}, {""id"": 3895, ""displayOrder"": 2}, {""id"": 3896, ""displayOrder"": 3}, {""id"": 3897, ""displayOrder"": 4}, {""id"": 3898, ""displayOrder"": 5}, {""id"": 3899, ""displayOrder"": 6}, {""id"": 3900, ""displayOrder"": 7}]}","2025-08-28 16:33:37.708667","2035-08-28 16:33:39.998207",1,8,"","","","",55,0,23782,false,false,0,"2026-02-17 21:36:15.260906",false
1964,[OLD] APP-KIDS-BABY-EGEN,8,2,1,"{""componentJson"": [{""id"": 3901, ""displayOrder"": 1}, {""id"": 3902, ""displayOrder"": 2}, {""id"": 3903, ""displayOrder"": 3}, {""id"": 3904, ""displayOrder"": 4}, {""id"": 3905, ""displayOrder"": 5}, {""id"": 3906, ""displayOrder"": 6}, {""id"": 3907, ""displayOrder"": 7}]}","2025-09-12 09:38:59.830802","2035-08-28 16:34:18",1,8,"","","","",60,1,23783,true,false,0,"2026-02-17 21:36:15.591491",false
1965,[OLD] KIDS-BABY-EG,8,12,1,"{""componentJson"": [{""id"": 3908, ""displayOrder"": 1}, {""id"": 3909, ""displayOrder"": 2}, {""id"": 3910, ""displayOrder"": 3}, {""id"": 3911, ""displayOrder"": 4}, {""id"": 3912, ""displayOrder"": 5}, {""id"": 3913, ""displayOrder"": 6}, {""id"": 3914, ""displayOrder"": 7}]}","2025-08-28 18:50:57.525557","2035-08-28 18:51:18.809559",1,8,"","","","",65,0,23789,false,false,0,"2026-02-17 21:36:15.902948",false
1923,[OLD] APP-ENAL-HOME,143,2,126,"{""componentJson"": [{""id"": 8195, ""isActive"": true, ""displayOrder"": 1}]}","2026-01-20 08:51:34.776","2036-01-01 05:01:57",1,8,"","","","",567,1,0,true,false,1,"2026-02-13 00:06:27.724664",false
1922,[OLD] APP-SQAL-HOME,143,21,126,"{""componentJson"": [{""id"": 8195, ""isActive"": true, ""displayOrder"": 1}]}","2026-01-20 08:51:34.776","2036-01-01 05:01:57",1,8,"","","","",566,1,0,true,false,1,"2026-02-13 00:06:27.640933",false
1924,[OLD] APP-DEALZONE-ALEN,143,2,126,"{""componentJson"": [{""id"": 8076, ""isActive"": true, ""displayOrder"": 1}, {""id"": 8213, ""isActive"": true, ""displayOrder"": 2}, {""id"": 8077, ""isActive"": true, ""displayOrder"": 3}, {""id"": 3839, ""isActive"": true, ""displayOrder"": 4}, {""id"": 3840, ""isActive"": true, ""displayOrder"": 5}]}","2026-01-29 04:50:26.188","2036-01-29 05:50:27.624",1,8,"","","","",575,1,0,true,false,1,"2026-02-13 00:06:27.854603",false
1966,[OLD] APP-KIDS-BABY-EG,8,12,1,"{""componentJson"": [{""id"": 3915, ""displayOrder"": 1}, {""id"": 3916, ""displayOrder"": 2}, {""id"": 3917, ""displayOrder"": 3}, {""id"": 3918, ""displayOrder"": 4}, {""id"": 3919, ""displayOrder"": 5}, {""id"": 3920, ""displayOrder"": 6}, {""id"": 3921, ""displayOrder"": 7}]}","2025-09-12 09:45:21.12058","2035-08-28 19:08:39",1,8,"","","","",70,1,23794,true,false,0,"2026-02-17 21:36:16.212675",false
1967,[OLD] APP-NEWYEAR-HOME-EG,8,12,1,"{""componentJson"": [{""id"": 3922, ""displayOrder"": 1}]}","2025-11-28 10:50:32.456496","2035-11-28 10:50:37.83274",1,8,newyear-nt,/catalog,Newyear,Newyear,467,1,116124,true,false,0,"2026-02-17 21:36:16.284053",false
1968,[OLD] APP-NEWYEAR-HOME-EGEN,8,2,1,"{""componentJson"": [{""id"": 3923, ""displayOrder"": 1}]}","2025-11-28 10:50:54.24748","2035-11-28 10:51:00.507247",1,8,newyear-nt,/catalog,Newyear,Newyear,466,1,116125,true,false,0,"2026-02-17 21:36:16.356572",false
1969,[OLD] APP-HOMEPAGE-EGEN-010126,8,2,1,"{""componentJson"": [{""id"": 3924, ""displayOrder"": 1}, {""id"": 3925, ""displayOrder"": 2}, {""id"": 3926, ""displayOrder"": 3}]}","2026-01-01 06:30:36","2036-01-01 06:31:36",1,8,"","","","",57,1,120058,true,false,0,"2026-02-17 21:36:16.5304",false
1970,[OLD] HOMEPAGE-EGEN-010126,8,2,1,"{""componentJson"": [{""id"": 3927, ""displayOrder"": 1}, {""id"": 3928, ""displayOrder"": 2}, {""id"": 3929, ""displayOrder"": 3}, {""id"": 3930, ""displayOrder"": 4}]}","2026-01-01 06:30:32","2036-01-01 06:31:36",1,8,"","","","",52,0,120059,false,false,0,"2026-02-17 21:36:16.738324",false
1971,[OLD] APP-HOMEPAGE-EG-010126,8,12,1,"{""componentJson"": [{""id"": 3931, ""displayOrder"": 1}, {""id"": 3932, ""displayOrder"": 2}, {""id"": 3933, ""displayOrder"": 3}]}","2026-01-01 06:30:52","2036-01-01 06:32:29",1,8,"","","","",67,1,120062,true,false,0,"2026-02-17 21:36:16.910296",false
1972,[OLD] HOMEPAGE-EG-010126,8,12,1,"{""componentJson"": [{""id"": 3934, ""displayOrder"": 1}, {""id"": 3935, ""displayOrder"": 2}, {""id"": 3936, ""displayOrder"": 3}, {""id"": 3937, ""displayOrder"": 4}]}","2026-01-01 06:30:56","2036-01-01 06:32:42",1,8,"","","","",62,0,120063,false,false,0,"2026-02-17 21:36:17.107918",false
1990,[OLD] APP-WOMEN-EG-010126,8,12,1,"{""componentJson"": [{""id"": 3955, ""displayOrder"": 1}]}","2026-02-17 10:28:55.408061","2026-02-23 06:56:23.185472",4,8,"","","","",68,1,120561,true,false,0,"2026-02-17 21:36:18.582875",false
1992,[OLD] WOMEN-EGEN-010126,8,2,1,"{""componentJson"": [{""id"": 3957, ""displayOrder"": 1}]}","2026-02-17 10:28:12.621854","2026-02-23 06:56:27.919801",4,8,"","","","",53,0,120564,false,false,0,"2026-02-17 21:36:18.737862",false
1989,[OLD] WOMEN-EG-010126,8,12,1,"{""componentJson"": [{""id"": 3954, ""displayOrder"": 1}]}","2026-02-17 10:28:59.79161","2026-02-23 06:56:32.496322",4,8,"","","","",63,0,120560,false,false,0,"2026-02-17 21:36:18.505795",false
1991,[OLD] APP-WOMEN-EGEN-010126,8,2,1,"{""componentJson"": [{""id"": 3956, ""displayOrder"": 1}]}","2026-02-17 10:28:17.6604","2026-02-23 07:06:06.99281",4,8,"","","","",58,1,120563,true,false,0,"2026-02-17 21:36:18.664744",false
1976,[OLD] APP-BOYS-EGEN-010126,8,2,1,"{""componentJson"": [{""id"": 3941, ""displayOrder"": 1}]}","2026-02-17 10:52:16.825998","2026-02-23 10:18:07.831022",4,8,"","","","",237,1,120499,true,false,0,"2026-02-17 21:36:17.401012",false
1982,[OLD] APP-BOYS-EG-010126,8,12,1,"{""componentJson"": [{""id"": 3947, ""displayOrder"": 1}]}","2026-02-17 10:53:04.008292","2026-02-23 10:18:33.482763",4,8,"","","","",240,1,120515,true,false,0,"2026-02-17 21:36:17.877926",false
1975,[OLD] BOYS-EGEN-010126,8,2,1,"{""componentJson"": [{""id"": 3940, ""displayOrder"": 1}]}","2026-02-17 10:52:23.578176","2026-02-23 10:24:58.393429",4,8,"","","","",190,0,120496,false,false,0,"2026-02-17 21:36:17.330225",false
1981,[OLD] BOYS-EG-010126,8,12,1,"{""componentJson"": [{""id"": 3946, ""displayOrder"": 1}]}","2026-02-17 10:53:09.234912","2026-02-23 10:25:13.943701",4,8,"","","","",193,0,120511,false,false,0,"2026-02-17 21:36:17.789354",false
1988,[OLD] MEN-EGEN-010126,8,2,1,"{""componentJson"": [{""id"": 3953, ""displayOrder"": 1}]}","2026-02-17 09:40:06.924523","2026-02-23 12:24:40.415344",4,8,"","","","",54,0,120533,false,false,0,"2026-02-17 21:36:18.431649",false
1985,[OLD] MEN-EG-010126,8,12,1,"{""componentJson"": [{""id"": 3950, ""displayOrder"": 1}]}","2026-02-17 09:42:30.094347","2026-02-23 12:43:48.921075",4,8,"","","","",64,0,120520,false,false,0,"2026-02-17 21:36:18.146789",false
1984,[OLD] BABY-EG-010126,8,12,1,"{""componentJson"": [{""id"": 3949, ""displayOrder"": 1}]}","2026-02-17 05:50:43.031728","2026-02-23 12:52:10.896221",4,8,"","","","",194,0,120519,false,false,0,"2026-02-17 21:36:18.044033",false
1978,[OLD] BABY-EGEN-010126,8,2,1,"{""componentJson"": [{""id"": 3943, ""displayOrder"": 1}]}","2026-02-17 05:44:04.966472","2026-02-23 12:52:15.955108",4,8,"","","","",191,0,120504,false,false,0,"2026-02-17 21:36:17.54835",false
1983,[OLD] APP-BABY-EG-010126,8,12,1,"{""componentJson"": [{""id"": 3948, ""displayOrder"": 1}]}","2026-02-17 05:50:49.577028","2026-02-23 12:56:45.617847",4,8,"","","","",241,1,120518,true,false,0,"2026-02-17 21:36:17.959986",false
1977,[OLD] APP-BABY-EGEN-010126,8,2,8,"{""componentJson"": [{""id"": 3942, ""displayOrder"": 1}]}","2026-02-17 03:43:56.459","2026-02-23 12:56:54.238644",4,8,"","","","",238,1,0,true,false,1,"2026-02-17 21:36:17.475041",false
1979,[OLD] GIRLS-EG-010126,8,12,1,"{""componentJson"": [{""id"": 3944, ""displayOrder"": 1}]}","2026-02-11 08:58:58","2026-02-23 13:40:06.66453",4,8,"","","","",192,0,120507,false,false,0,"2026-02-17 21:36:17.621534",false
1973,[OLD] GIRLS-EGEN-010126,8,2,1,"{""componentJson"": [{""id"": 3938, ""displayOrder"": 1}]}","2026-02-11 08:57:03","2026-02-23 13:40:14.741999",4,8,"","","","",189,0,120494,false,false,0,"2026-02-17 21:36:17.179939",false
1980,[OLD] APP-GIRLS-EG-010126,8,12,1,"{""componentJson"": [{""id"": 3945, ""displayOrder"": 1}]}","2026-02-11 08:58:52","2026-02-23 13:48:55.48283",4,8,"","","","",239,1,120508,true,false,0,"2026-02-17 21:36:17.694721",false
1974,[OLD] APP-GIRLS-EGEN-010126,8,2,1,"{""componentJson"": [{""id"": 3939, ""displayOrder"": 1}]}","2026-02-11 08:56:58","2026-02-23 13:49:02.875675",4,8,"","","","",236,1,120495,true,false,0,"2026-02-17 21:36:17.253512",false
1986,[OLD] APP-MEN-EG-010126,8,12,1,"{""componentJson"": [{""id"": 3951, ""displayOrder"": 1}]}","2026-02-17 09:42:26.500489","2026-02-23 13:50:22.546067",4,8,"","","","",69,1,120521,true,false,0,"2026-02-17 21:36:18.237795",false
1987,[OLD] APP-MEN-EGEN-010126,8,2,1,"{""componentJson"": [{""id"": 3952, ""displayOrder"": 1}]}","2026-02-17 09:40:11.534973","2026-02-23 13:50:29.341634",4,8,"","","","",59,1,120532,true,false,0,"2026-02-17 21:36:18.346625",false
1996,[OLD] WEB-DEALZONE-080126,8,12,126,"{""componentJson"": [{""id"": 3972, ""isActive"": true, ""displayOrder"": 1}, {""id"": 8212, ""isActive"": true, ""displayOrder"": 2}, {""id"": 7601, ""isActive"": true, ""displayOrder"": 3}, {""id"": 7292, ""isActive"": true, ""displayOrder"": 4}, {""id"": 7315, ""isActive"": true, ""displayOrder"": 5}, {""id"": 7234, ""isActive"": true, ""displayOrder"": 6}, {""id"": 7236, ""isActive"": true, ""displayOrder"": 7}, {""id"": 3975, ""isActive"": true, ""displayOrder"": 8}, {""id"": 3935, ""isActive"": true, ""displayOrder"": 9}, {""id"": 7238, ""isActive"": true, ""displayOrder"": 10}, {""id"": 7239, ""isActive"": true, ""displayOrder"": 11}]}","2026-02-05 23:52:05.249","2036-01-08 01:27:42",1,8,"","","","",66,0,0,false,false,1,"2026-02-17 21:36:19.829284",false
1995,[OLD] APP-DEALZONE-080126,8,12,126,"{""componentJson"": [{""id"": 8213, ""isActive"": true, ""displayOrder"": 1}, {""id"": 7600, ""isActive"": true, ""displayOrder"": 2}, {""id"": 7291, ""isActive"": true, ""displayOrder"": 3}, {""id"": 7314, ""isActive"": true, ""displayOrder"": 4}, {""id"": 7233, ""isActive"": true, ""displayOrder"": 5}, {""id"": 7235, ""isActive"": true, ""displayOrder"": 6}, {""id"": 3970, ""isActive"": true, ""displayOrder"": 7}, {""id"": 3932, ""isActive"": true, ""displayOrder"": 8}, {""id"": 7237, ""isActive"": true, ""displayOrder"": 9}]}","2026-02-05 23:52:12.849","2036-01-08 01:27:42",1,8,"","","","",71,1,0,true,false,1,"2026-02-17 21:36:19.520836",false
1994,[OLD] WEB-DEALZONE-080126,8,2,126,"{""componentJson"": [{""id"": 3962, ""isActive"": true, ""displayOrder"": 1}, {""id"": 8212, ""isActive"": true, ""displayOrder"": 2}, {""id"": 7601, ""isActive"": true, ""displayOrder"": 3}, {""id"": 7292, ""isActive"": true, ""displayOrder"": 4}, {""id"": 7315, ""isActive"": true, ""displayOrder"": 5}, {""id"": 7234, ""isActive"": true, ""displayOrder"": 6}, {""id"": 7236, ""isActive"": true, ""displayOrder"": 7}, {""id"": 3965, ""isActive"": true, ""displayOrder"": 8}, {""id"": 3928, ""isActive"": true, ""displayOrder"": 9}, {""id"": 7238, ""isActive"": true, ""displayOrder"": 10}, {""id"": 7239, ""isActive"": true, ""displayOrder"": 11}]}","2026-02-05 23:49:14.215","2036-01-08 01:27:36",1,8,"","","","",56,0,0,false,false,1,"2026-02-17 21:36:19.287791",false
2000,[OLD] HOME LP,8,12,1,"{""componentJson"": [{""id"": 3982, ""displayOrder"": 1}, {""id"": 3983, ""displayOrder"": 2}]}","2026-02-09 08:18:42.728464","2026-02-24 09:21:35.496938",4,8,home-lp,/catalog,HOME LP,HOME LP,529,0,121848,false,false,0,"2026-02-17 21:36:20.203822",false
1998,[OLD] HOME LP,8,2,1,"{""componentJson"": [{""id"": 3979, ""displayOrder"": 1}, {""id"": 3980, ""displayOrder"": 2}]}","2026-02-09 08:16:37.364855","2026-02-24 09:21:40.58636",4,8,home-lp,/catalog,HOME LP,HOME LP,527,0,121846,false,false,0,"2026-02-17 21:36:20.018806",false
1999,[OLD] APP HOME LP,8,12,1,"{""componentJson"": [{""id"": 3981, ""displayOrder"": 1}]}","2026-02-09 08:18:38.711933","2026-02-24 09:23:40.194076",4,8,home-lp-app,/catalog,APP HOME LP,APP HOME LP,528,1,121847,true,false,0,"2026-02-17 21:36:20.091201",false
1997,[OLD] APP HOME LP,8,2,1,"{""componentJson"": [{""id"": 3978, ""displayOrder"": 1}]}","2026-02-09 08:16:34.626559","2026-02-24 09:23:45.576973",4,8,home-lp-app,/catalog,APP HOME LP,APP HOME LP,526,1,121845,true,false,0,"2026-02-17 21:36:19.905019",false
2027,[OLD] ramadan-fashion,8,12,1,"{""componentJson"": [{""id"": 4006, ""displayOrder"": 1}]}","2025-01-01 00:00:22","2075-01-01 00:00:22",1,2,ramadan-fashion,/catalog,"","Feast of Ramadan, Ramadan, Feast",0,0,21541,false,false,0,"2026-02-17 21:36:31.117872",false
2028,[OLD] ramadan-fashion,8,2,1,"{""componentJson"": [{""id"": 4007, ""displayOrder"": 1}]}","2025-01-01 00:00:22","2075-01-01 00:00:22",1,2,ramadan-fashion,/catalog,"","Feast of Ramadan, Ramadan, Feast",0,0,21542,false,false,0,"2026-02-17 21:36:31.200881",false
2029,[OLD] denim-woman-trend,8,12,1,"{""componentJson"": [{""id"": 4008, ""displayOrder"": 1}]}","2025-01-01 00:00:22","2075-01-01 00:00:22",1,2,denim-woman-trend,/catalog,"",Denim Woman Trend,0,0,21543,false,false,0,"2026-02-17 21:36:31.278536",false
2030,[OLD] denim-women,8,12,1,"{""componentJson"": [{""id"": 4008, ""displayOrder"": 1}]}","2025-01-01 00:00:22","2075-01-01 00:00:22",1,2,denim-women,/catalog,"",Denim Women Trend,0,0,21544,false,false,0,"2026-02-17 21:36:31.35163",false
2031,[OLD] denim-man-trend,8,12,1,"{""componentJson"": [{""id"": 4009, ""displayOrder"": 1}]}","2025-01-01 00:00:22","2075-01-01 00:00:22",1,2,denim-man-trend,/catalog,"",Denim Man Trend,0,0,21545,false,false,0,"2026-02-17 21:36:31.435946",false
2032,[OLD] denim-man,8,12,1,"{""componentJson"": [{""id"": 4009, ""displayOrder"": 1}]}","2025-01-01 00:00:22","2075-01-01 00:00:22",1,2,denim-man,/catalog,"",Denim Man Trend,0,0,21546,false,false,0,"2026-02-17 21:36:31.507273",false
2033,[OLD] denim-woman-trend,8,2,1,"{""componentJson"": [{""id"": 4010, ""displayOrder"": 1}]}","2025-01-01 00:00:22","2075-01-01 00:00:22",1,2,denim-woman-trend,/catalog,"",Denim Woman Trend,0,0,21547,false,false,0,"2026-02-17 21:36:31.590316",false
2034,[OLD] denim-women,8,2,1,"{""componentJson"": [{""id"": 4010, ""displayOrder"": 1}]}","2025-01-01 00:00:22","2075-01-01 00:00:22",1,2,denim-women,/catalog,"",Denim Women Trend,0,0,21548,false,false,0,"2026-02-17 21:36:31.659076",false
2035,[OLD] denim-man-trend,8,2,1,"{""componentJson"": [{""id"": 4011, ""displayOrder"": 1}]}","2025-01-01 00:00:22","2075-01-01 00:00:22",1,2,denim-man-trend,/catalog,"",Denim Man Trend,0,0,21549,false,false,0,"2026-02-17 21:36:31.747642",false
2036,[OLD] denim-man,8,2,1,"{""componentJson"": [{""id"": 4011, ""displayOrder"": 1}]}","2025-01-01 00:00:22","2075-01-01 00:00:22",1,2,denim-man,/catalog,"",Denim Man Trend,0,0,21550,false,false,0,"2026-02-17 21:36:31.826959",false
2037,[OLD] download-our-app,8,12,1,"{""componentJson"": [{""id"": 4012, ""displayOrder"": 1}]}","2025-01-01 00:00:22","2075-01-01 00:00:22",1,2,download-our-app,/catalog,"",DOWNLOAD OUR APP,0,0,21551,false,false,0,"2026-02-17 21:36:31.922172",false
2038,[OLD] download-our-app,8,2,1,"{""componentJson"": [{""id"": 4013, ""displayOrder"": 1}]}","2025-01-01 00:00:22","2075-01-01 00:00:22",1,2,download-our-app,/catalog,"",DOWNLOAD OUR APP,0,0,21552,false,false,0,"2026-02-17 21:36:31.99963",false
2039,[OLD] back-to-school,8,12,1,"{""componentJson"": [{""id"": 4014, ""displayOrder"": 1}]}","2025-01-01 00:00:22","2075-01-01 00:00:22",1,2,back-to-school,/catalog,"",BACK TO SCHOOL,0,0,21553,false,false,0,"2026-02-17 21:36:32.079849",false
2040,[OLD] back-to-school,8,2,1,"{""componentJson"": [{""id"": 4015, ""displayOrder"": 1}]}","2025-01-01 00:00:22","2075-01-01 00:00:22",1,2,back-to-school,/catalog,"",BACK TO SCHOOL,0,0,21554,false,false,0,"2026-02-17 21:36:32.163758",false
2041,[OLD] hot-summer,8,12,1,"{""componentJson"": [{""id"": 4016, ""displayOrder"": 1}]}","2025-01-01 00:00:22","2075-01-01 00:00:22",1,2,hot-summer,/catalog,"",HOT SUMMER,0,0,21555,false,false,0,"2026-02-17 21:36:32.26194",false
2042,[OLD] hot-summer,8,2,1,"{""componentJson"": [{""id"": 4017, ""displayOrder"": 1}]}","2025-01-01 00:00:22","2075-01-01 00:00:22",1,2,hot-summer,/catalog,"",HOT SUMMER,0,0,21556,false,false,0,"2026-02-17 21:36:32.354671",false
2043,[OLD] back-to-kindergarden,8,12,1,"{""componentJson"": [{""id"": 4018, ""displayOrder"": 1}]}","2025-01-01 00:00:22","2075-01-01 00:00:22",1,2,back-to-kindergarden,/catalog,"",BACK TO KINDERGARDEN,0,0,21557,false,false,0,"2026-02-17 21:36:32.437074",false
2044,[OLD] back-to-kindergarden,8,2,1,"{""componentJson"": [{""id"": 4019, ""displayOrder"": 1}]}","2025-01-01 00:00:22","2075-01-01 00:00:22",1,2,back-to-kindergarden,/catalog,"",BACK TO KINDERGARDEN,0,0,21558,false,false,0,"2026-02-17 21:36:32.519586",false
2045,[OLD] back-to-college,8,12,1,"{""componentJson"": [{""id"": 4020, ""displayOrder"": 1}]}","2025-01-01 00:00:22","2075-01-01 00:00:22",1,2,back-to-college,/catalog,"",BACK TO COLLEGE,0,0,21559,false,false,0,"2026-02-17 21:36:32.600475",false
2046,[OLD] back-to-college,8,2,1,"{""componentJson"": [{""id"": 4021, ""displayOrder"": 1}]}","2025-01-01 00:00:22","2075-01-01 00:00:22",1,2,back-to-college,/catalog,"",BACK TO COLLEGE,0,0,21560,false,false,0,"2026-02-17 21:36:32.679785",false
2047,[OLD] raas-as-sanah-new-year,8,12,1,"{""componentJson"": [{""id"": 4022, ""displayOrder"": 1}]}","2025-01-01 00:00:22","2075-01-01 00:00:22",1,2,raas-as-sanah-new-year,/catalog,"",Raas As Sanah New Year,0,0,21561,false,false,0,"2026-02-17 21:36:32.759078",false
2048,[OLD] raas-as-sanah-new-year,8,2,1,"{""componentJson"": [{""id"": 4023, ""displayOrder"": 1}]}","2025-01-01 00:00:22","2075-01-01 00:00:22",1,2,raas-as-sanah-new-year,/catalog,"",Raas As Sanah New Year,0,0,21562,false,false,0,"2026-02-17 21:36:32.869699",false
2049,[OLD] sale-lp,8,12,1,"{""componentJson"": [{""id"": 4024, ""displayOrder"": 1}]}","2025-01-01 00:00:22","2075-01-01 00:00:22",1,2,sale-lp,/catalog,"",SALE LP,0,0,21563,false,false,0,"2026-02-17 21:36:32.968821",false
2050,[OLD] sale-lp,8,2,1,"{""componentJson"": [{""id"": 4025, ""displayOrder"": 1}]}","2025-01-01 00:00:22","2075-01-01 00:00:22",1,2,sale-lp,/catalog,"",SALE LP,0,0,21564,false,false,0,"2026-02-17 21:36:33.066898",false
2051,[OLD] modest,8,2,1,"{""componentJson"": [{""id"": 4026, ""displayOrder"": 1}]}","2025-01-01 00:00:22","2075-01-01 00:00:22",1,2,modest,/catalog,"",Modest,0,0,21565,false,false,0,"2026-02-17 21:36:33.159146",false
2052,[OLD] modest-eg,8,2,1,"{""componentJson"": [{""id"": 4026, ""displayOrder"": 1}]}","2025-01-01 00:00:22","2075-01-01 00:00:22",1,2,modest-eg,/catalog,"",Modest,0,0,21566,false,false,0,"2026-02-17 21:36:33.250714",false
2053,[OLD] modest-eg,8,12,1,"{""componentJson"": [{""id"": 4027, ""displayOrder"": 1}]}","2025-01-01 00:00:22","2075-01-01 00:00:22",1,2,modest-eg,/catalog,"",Modest,0,0,21567,false,false,0,"2026-02-17 21:36:33.344569",false
2054,[OLD] SALE-LP-WEB,8,2,1,"{""componentJson"": [{""id"": 4028, ""displayOrder"": 1}, {""id"": 4029, ""displayOrder"": 2}, {""id"": 4030, ""displayOrder"": 3}]}","2025-07-22 11:59:53.83076","2033-12-31 21:00:00",1,2,sale-lp,/catalog,SALE-LP,SALE-LP,0,0,21788,false,false,0,"2026-02-17 21:36:33.610383",false
2055,[OLD] SALE-LP-WEB,8,12,1,"{""componentJson"": [{""id"": 4028, ""displayOrder"": 1}, {""id"": 4031, ""displayOrder"": 2}, {""id"": 4032, ""displayOrder"": 3}]}","2025-07-22 12:00:27.122472","2033-12-31 21:00:00",1,2,sale-lp,/catalog,SALE-LP,SALE-LP,0,0,21789,false,false,0,"2026-02-17 21:36:33.815093",false
2056,[OLD] SALE-LP,8,2,1,"{""componentJson"": [{""id"": 4033, ""displayOrder"": 1}, {""id"": 4034, ""displayOrder"": 2}, {""id"": 4035, ""displayOrder"": 3}, {""id"": 4036, ""displayOrder"": 4}, {""id"": 4037, ""displayOrder"": 5}]}","2025-07-22 12:00:03.606747","2033-12-31 21:00:00",1,2,sale-lp-nt,/catalog,SALE-LP,SALE-LP,0,0,21805,true,false,0,"2026-02-17 21:36:34.093065",false
2057,[OLD] SALE-LP,8,12,1,"{""componentJson"": [{""id"": 4038, ""displayOrder"": 1}, {""id"": 4039, ""displayOrder"": 2}, {""id"": 4040, ""displayOrder"": 3}, {""id"": 4041, ""displayOrder"": 4}, {""id"": 4042, ""displayOrder"": 5}]}","2025-07-22 12:00:36.783257","2032-12-31 21:00:00",1,2,sale-lp-nt,/catalog,SALE-LP,SALE-LP,0,0,21806,true,false,0,"2026-02-17 21:36:34.353047",false
2058,[OLD] APP BEACH LP,8,2,1,"{""componentJson"": [{""id"": 4043, ""displayOrder"": 1}, {""id"": 4044, ""displayOrder"": 2}, {""id"": 4045, ""displayOrder"": 3}]}","2025-06-26 10:26:37","2033-12-31 21:00:00",1,2,beach-bg-bu-nt,/catalog,Beach LP,Beach LP,0,0,21828,true,false,0,"2026-02-17 21:36:34.531787",false
2060,[OLD] APP BEACH LP,8,12,1,"{""componentJson"": [{""id"": 4047, ""displayOrder"": 1}, {""id"": 4048, ""displayOrder"": 2}, {""id"": 4049, ""displayOrder"": 3}]}","2025-06-26 11:12:47.908779","2033-12-31 21:00:00",1,2,beach-bg-bu-nt,/catalog,Beach LP,Beach LP,0,0,21830,true,false,0,"2026-02-17 21:36:34.789662",false
2063,[OLD] APP COCUK BEACH LP,8,2,1,"{""componentJson"": [{""id"": 4051, ""displayOrder"": 1}, {""id"": 4052, ""displayOrder"": 2}, {""id"": 4053, ""displayOrder"": 3}, {""id"": 4054, ""displayOrder"": 4}, {""id"": 4055, ""displayOrder"": 5}]}","2025-06-26 10:59:50.554691","2033-12-31 21:00:00",1,2,beach-ck-cu-nt,/catalog,Beach LP,Beach LP,0,0,21843,true,false,0,"2026-02-17 21:36:35.230868",false
2064,[OLD] WEB COCUK BEACH LP,8,12,1,"{""componentJson"": [{""id"": 4056, ""displayOrder"": 1}]}","2025-06-27 08:02:44.968423","2033-12-31 21:00:00",1,2,beach-ck-cu,/catalog,Beach LP,Beach LP,0,0,21844,false,false,0,"2026-02-17 21:36:35.320779",false
2065,[OLD] APP COCUK BEACH LP,8,12,1,"{""componentJson"": [{""id"": 4051, ""displayOrder"": 1}, {""id"": 4052, ""displayOrder"": 2}, {""id"": 4053, ""displayOrder"": 3}, {""id"": 4054, ""displayOrder"": 4}, {""id"": 4055, ""displayOrder"": 5}]}","2025-07-24 06:22:15.422652","2033-12-31 21:00:00",1,2,beach-ck-cu-nt,/catalog,Beach LP,Beach LP,0,0,21845,true,false,0,"2026-02-17 21:36:35.54899",false
2070,[OLD] WEB-PREVIEW,8,2,1,"{""componentJson"": [{""id"": 4065, ""displayOrder"": 1}, {""id"": 4066, ""displayOrder"": 2}, {""id"": 4067, ""displayOrder"": 3}, {""id"": 4068, ""displayOrder"": 4}, {""id"": 4069, ""displayOrder"": 5}, {""id"": 4070, ""displayOrder"": 6}, {""id"": 4071, ""displayOrder"": 7}, {""id"": 4072, ""displayOrder"": 8}]}","2025-07-24 10:28:58.408061","2032-12-31 21:00:00",1,2,preview,/catalog,preview,preview,0,0,22902,false,true,0,"2026-02-17 21:36:36.714319",false
2071,[OLD] WEB-PREVIEW,8,12,1,"{""componentJson"": [{""id"": 4073, ""displayOrder"": 1}, {""id"": 4074, ""displayOrder"": 2}, {""id"": 4075, ""displayOrder"": 3}, {""id"": 4076, ""displayOrder"": 4}, {""id"": 4077, ""displayOrder"": 5}, {""id"": 4078, ""displayOrder"": 6}, {""id"": 4079, ""displayOrder"": 7}, {""id"": 4080, ""displayOrder"": 8}]}","2025-07-24 10:30:27.723186","2026-07-24 10:30:27",1,2,preview,/catalog,preview,preview,0,0,22903,false,true,0,"2026-02-17 21:36:37.143238",false
2072,[OLD] APP-DEAL-ZONE,8,2,1,"{""componentJson"": [{""id"": 4081, ""displayOrder"": 1}, {""id"": 4082, ""displayOrder"": 2}]}","2025-10-06 06:52:00.503558","2029-12-31 21:00:00",1,2,deal-zone-nt,/catalog,DEAL ZONE,DEAL ZONE,0,0,25024,true,false,0,"2026-02-17 21:36:37.277509",false
2073,[OLD] APP-DEAL-ZONE,8,12,1,"{""componentJson"": [{""id"": 4083, ""displayOrder"": 1}, {""id"": 4084, ""displayOrder"": 2}]}","2025-10-06 06:53:07.779066","2033-12-31 21:00:00",1,2,deal-zone-nt,/catalog,DEAL ZONE,DEAL ZONE,0,0,25028,true,false,0,"2026-02-17 21:36:37.401421",false
2074,[OLD] WEB-NEWYEAR-LP-EGEN,8,2,1,"{""componentJson"": [{""id"": 4085, ""displayOrder"": 1}]}","2025-11-17 08:07:08.893921","2033-12-31 22:00:00",1,2,newyear,/catalog,Newyear,Newyear,0,0,114245,false,false,0,"2026-02-17 21:36:37.478856",false
2075,[OLD] APP-NEWYEAR-LP-EGEN,8,2,1,"{""componentJson"": [{""id"": 3923, ""displayOrder"": 1}]}","2025-11-17 08:07:12.275348","2033-12-31 22:00:00",1,2,newyear-nt,/catalog,Newyear,Newyear,0,0,114246,true,false,0,"2026-02-17 21:36:37.547495",false
2076,[OLD] APP-NEWYEAR-LP-EG,8,12,1,"{""componentJson"": [{""id"": 3922, ""displayOrder"": 1}]}","2025-11-17 08:08:59.799984","2033-12-31 22:00:00",1,2,newyear-nt,/catalog,Newyear,Newyear,0,0,114247,true,false,0,"2026-02-17 21:36:37.617086",false
2077,[OLD] WEB-NEWYEAR-LP-EG,8,12,1,"{""componentJson"": [{""id"": 4086, ""displayOrder"": 1}]}","2025-11-17 08:09:13.554971","2029-12-31 22:00:00",1,2,newyear,/catalog,Newyear,Newyear,0,0,114248,false,false,0,"2026-02-17 21:36:37.701864",false
2078,[OLD] NEW YEAR HOME APP,8,2,1,"{""componentJson"": [{""id"": 4087, ""displayOrder"": 1}, {""id"": 4088, ""displayOrder"": 2}, {""id"": 4089, ""displayOrder"": 3}]}","2025-12-03 14:34:04","2038-12-31 22:00:00",1,2,newyear-home-nt,/catalog,New Year Home,New Year Home,0,0,116929,true,false,0,"2026-02-17 21:36:37.891006",false
2079,[OLD] NEW YEAR HOME,8,2,1,"{""componentJson"": [{""id"": 4090, ""displayOrder"": 1}, {""id"": 4091, ""displayOrder"": 2}, {""id"": 4092, ""displayOrder"": 3}, {""id"": 4093, ""displayOrder"": 4}, {""id"": 4094, ""displayOrder"": 5}]}","2025-12-03 14:34:07","2032-12-31 22:00:00",1,2,newyear-home,/catalog,New Year Home,New Year Home,0,0,116930,false,false,0,"2026-02-17 21:36:38.192492",false
2080,[OLD] NEW YEAR HOME,8,12,1,"{""componentJson"": [{""id"": 4095, ""displayOrder"": 1}, {""id"": 4096, ""displayOrder"": 2}, {""id"": 4097, ""displayOrder"": 3}]}","2025-12-03 14:35:45.806921","2029-12-31 22:00:00",1,2,newyear-home-nt,/catalog,New Year Home,New Year Home,0,0,116931,true,false,0,"2026-02-17 21:36:38.385263",false
2081,[OLD] NEW YEAR HOME APP,8,12,1,"{""componentJson"": [{""id"": 4098, ""displayOrder"": 1}, {""id"": 4099, ""displayOrder"": 2}, {""id"": 4100, ""displayOrder"": 3}, {""id"": 4101, ""displayOrder"": 4}, {""id"": 4102, ""displayOrder"": 5}]}","2025-12-03 14:35:48.104404","2029-12-31 22:00:00",1,2,newyear-home,/catalog,New Year Home App,New Year Home App,0,0,116932,false,false,0,"2026-02-17 21:36:38.677512",false
2082,[OLD] WINTER LP APP,8,2,1,"{""componentJson"": [{""id"": 4103, ""displayOrder"": 1}, {""id"": 4104, ""displayOrder"": 2}]}","2025-12-03 18:03:49","2038-12-31 22:00:00",1,2,winter-lp-nt,/catalog,Winter LP,Winter LP,0,0,116990,true,false,0,"2026-02-17 21:36:38.836213",false
2083,[OLD] WINTER LP,8,2,1,"{""componentJson"": [{""id"": 4105, ""displayOrder"": 1}, {""id"": 4106, ""displayOrder"": 2}]}","2025-12-03 18:04:13","2032-12-31 22:00:00",1,2,winter-lp,/catalog,Winter LP,Winter LP,0,0,116991,false,false,0,"2026-02-17 21:36:39.005938",false
2084,[OLD] WINTER LP,8,12,1,"{""componentJson"": [{""id"": 4107, ""displayOrder"": 1}, {""id"": 4108, ""displayOrder"": 2}]}","2025-12-03 18:06:23","2029-12-31 22:00:00",1,2,winter-lp,/catalog,Winter LP,Winter LP,0,0,116992,false,false,0,"2026-02-17 21:36:39.176995",false
2085,[OLD] WINTER LP APP,8,12,1,"{""componentJson"": [{""id"": 4109, ""displayOrder"": 1}, {""id"": 4110, ""displayOrder"": 2}]}","2025-12-03 18:06:25","2029-12-31 22:00:00",1,2,winter-lp-nt,/catalog,Winter LP App,Winter LP App,0,0,116993,true,false,0,"2026-02-17 21:36:39.340959",false
2090,[OLD] APP RAMADAN LP,8,2,1,"{""componentJson"": [{""id"": 4127, ""displayOrder"": 1}, {""id"": 4128, ""displayOrder"": 2}, {""id"": 4129, ""displayOrder"": 3}]}","2026-02-09 08:04:31.797254","2033-12-31 22:00:00",1,2,ramadan-lp-nt,/catalog,APP RAMADAN LP,APP RAMADAN LP,0,0,124062,true,false,0,"2026-02-17 21:36:40.955456",false
2091,[OLD] RAMADAN LP,8,2,1,"{""componentJson"": [{""id"": 4130, ""displayOrder"": 1}, {""id"": 4131, ""displayOrder"": 2}, {""id"": 4132, ""displayOrder"": 3}]}","2026-02-09 08:04:33.870461","2033-12-31 22:00:00",1,2,ramadan-lp,/catalog,RAMADAN LP,RAMADAN LP,0,0,124063,false,false,0,"2026-02-17 21:36:41.176364",false
2092,[OLD] APP RAMADAN LP,8,12,1,"{""componentJson"": [{""id"": 4133, ""displayOrder"": 1}, {""id"": 4134, ""displayOrder"": 2}, {""id"": 4135, ""displayOrder"": 3}]}","2026-02-09 08:05:37.34535","2029-12-31 22:00:00",1,2,ramadan-lp-nt,/catalog,APP RAMADAN LP,APP RAMADAN LP,0,0,124064,true,false,0,"2026-02-17 21:36:41.467892",false
2093,[OLD] RAMADAN LP,8,12,1,"{""componentJson"": [{""id"": 4136, ""displayOrder"": 1}, {""id"": 4137, ""displayOrder"": 2}, {""id"": 4138, ""displayOrder"": 3}]}","2026-02-09 08:05:42.713545","2029-12-31 22:00:00",1,2,ramadan-lp,/catalog,RAMADAN LP,RAMADAN LP,0,0,124065,false,false,0,"2026-02-17 21:36:41.741499",false
2094,[OLD] KIDS-BABY-ROEN,50,2,1,"{""componentJson"": [{""id"": 4139, ""displayOrder"": 1}, {""id"": 4140, ""displayOrder"": 2}, {""id"": 4141, ""displayOrder"": 3}, {""id"": 4142, ""displayOrder"": 4}, {""id"": 4143, ""displayOrder"": 5}, {""id"": 4144, ""displayOrder"": 6}, {""id"": 4145, ""displayOrder"": 7}]}","2025-08-28 12:19:11.543393","2035-08-28 12:19:18.795939",1,8,"","","","",35,0,23748,false,false,0,"2026-02-17 21:36:53.332699",false
2089,[OLD] APP COMFY AT HOME,8,12,126,"{""componentJson"": [{""id"": 7603, ""status"": true, ""displayOrder"": 1}]}","2026-01-13 06:14:25","2029-12-31 21:00:00",1,2,comfy-at-home-nt,/catalog,"","",0,1,0,true,false,1,"2026-02-17 21:36:40.644537",false
2088,[OLD] COMFY AT HOME,8,12,126,"{""componentJson"": [{""id"": 7602, ""status"": true, ""displayOrder"": 1}, {""id"": 7604, ""status"": true, ""displayOrder"": 2}, {""id"": 7605, ""status"": true, ""displayOrder"": 3}, {""id"": 7606, ""status"": true, ""displayOrder"": 4}]}","2026-01-13 06:14:13.234","2029-12-31 21:00:00",1,2,comfy-at-home,/catalog,"","",0,0,0,false,false,1,"2026-02-17 21:36:40.443139",false
2087,[OLD] COMFY AT HOME,8,2,126,"{""componentJson"": [{""id"": 7602, ""status"": true, ""displayOrder"": 1}, {""id"": 7604, ""status"": true, ""displayOrder"": 2}, {""id"": 7605, ""status"": true, ""displayOrder"": 3}, {""id"": 7606, ""status"": true, ""displayOrder"": 4}]}","2026-01-13 06:12:48.064","2033-12-31 21:00:00",1,2,comfy-at-home,/catalog,"","",0,0,0,false,false,1,"2026-02-17 21:36:40.004166",false
2095,[OLD] APP-KIDS-BABY-ROEN,50,2,1,"{""componentJson"": [{""id"": 4146, ""displayOrder"": 1}, {""id"": 4147, ""displayOrder"": 2}, {""id"": 4148, ""displayOrder"": 3}, {""id"": 4149, ""displayOrder"": 4}, {""id"": 4150, ""displayOrder"": 5}, {""id"": 4151, ""displayOrder"": 6}, {""id"": 4152, ""displayOrder"": 7}]}","2025-09-12 10:56:26.129626","2035-08-28 12:32:39",1,8,"","","","",40,1,23753,true,false,0,"2026-02-17 21:36:53.742599",false
2096,[OLD] KIDS-BABY-RO,50,7,1,"{""componentJson"": [{""id"": 4153, ""displayOrder"": 1}, {""id"": 4154, ""displayOrder"": 2}, {""id"": 4155, ""displayOrder"": 3}, {""id"": 4156, ""displayOrder"": 4}, {""id"": 4157, ""displayOrder"": 5}, {""id"": 4158, ""displayOrder"": 6}, {""id"": 4159, ""displayOrder"": 7}]}","2025-08-28 12:58:55.835153","2035-08-28 12:59:18.792416",1,8,"","","","",45,0,23756,false,false,0,"2026-02-17 21:36:54.137757",false
2097,[OLD] APP-KIDS-BABY-RO,50,7,1,"{""componentJson"": [{""id"": 4160, ""displayOrder"": 1}, {""id"": 4161, ""displayOrder"": 2}, {""id"": 4162, ""displayOrder"": 3}, {""id"": 4163, ""displayOrder"": 4}, {""id"": 4164, ""displayOrder"": 5}, {""id"": 4165, ""displayOrder"": 6}, {""id"": 4166, ""displayOrder"": 7}]}","2025-09-12 11:19:23.714014","2035-08-28 15:50:18",1,8,"","","","",50,1,23773,true,false,0,"2026-02-17 21:36:54.520556",false
2098,[OLD] TEST,50,2,1,"{""componentJson"": [{""id"": 4167, ""displayOrder"": 1}]}","2025-09-12 11:46:11.838854","2035-09-12 11:35:20",1,8,"","","","",151,0,24784,false,false,0,"2026-02-17 21:36:54.61144",false
2099,[OLD] APP-CHRISTMAS-HOME-ROEN,50,2,1,"{""componentJson"": [{""id"": 4168, ""displayOrder"": 1}]}","2025-11-28 10:38:18.523324","2035-11-28 10:38:29.706896",1,8,christmas-nt,/catalog,Merry Christmas,Merry Christmas,458,1,116116,true,false,0,"2026-02-17 21:36:54.687607",false
2100,[OLD] APP-CHRISTMAS-HOME-RO,50,7,1,"{""componentJson"": [{""id"": 4169, ""displayOrder"": 1}]}","2025-11-28 10:38:46.997349","2035-11-28 10:39:00.513578",1,8,christmas-nt,/catalog,Merry Christmas,Merry Christmas,459,1,116117,true,false,0,"2026-02-17 21:36:54.765932",false
2101,[OLD] TESTALANI,50,2,1,"{""componentJson"": [{""id"": 4170, ""displayOrder"": 1}, {""id"": 4171, ""displayOrder"": 2}]}","2025-12-03 06:19:11.363095","2035-12-03 05:30:29",1,8,"","","","",478,0,116835,false,false,0,"2026-02-17 21:36:54.895366",false
2102,[OLD] APP-HOMEPAGE-010126-3,50,7,1,"{""componentJson"": [{""id"": 4172, ""displayOrder"": 1}, {""id"": 4173, ""displayOrder"": 2}, {""id"": 4174, ""displayOrder"": 3}]}","2026-01-01 07:00:46","2036-01-01 07:04:59.436472",1,8,"","","","",47,1,120085,true,false,0,"2026-02-17 21:36:55.065685",false
2103,[OLD] WEB-HOMEPAGE-010126-3,50,7,1,"{""componentJson"": [{""id"": 4175, ""displayOrder"": 1}, {""id"": 4176, ""displayOrder"": 2}, {""id"": 4177, ""displayOrder"": 3}, {""id"": 4178, ""displayOrder"": 4}]}","2026-01-01 07:00:40","2036-01-01 07:04:42.2487",1,8,"","","","",42,0,120086,false,false,0,"2026-02-17 21:36:55.297874",false
2104,[OLD] APP-HOMEPAGE-010126,50,2,1,"{""componentJson"": [{""id"": 4179, ""displayOrder"": 1}, {""id"": 4180, ""displayOrder"": 2}, {""id"": 4181, ""displayOrder"": 3}]}","2026-01-05 13:08:42.25888","2036-01-01 07:01:59",1,8,"","","","",37,1,120089,true,false,0,"2026-02-17 21:36:55.46475",false
2105,[OLD] WEB-HOMEPAGE-010126,50,2,1,"{""componentJson"": [{""id"": 4182, ""displayOrder"": 1}, {""id"": 4183, ""displayOrder"": 2}, {""id"": 4184, ""displayOrder"": 3}, {""id"": 4185, ""displayOrder"": 4}]}","2026-01-05 13:08:47.497935","2036-01-01 07:02:42",1,8,"","","","",32,0,120090,false,false,0,"2026-02-17 21:36:55.696673",false
2109,[OLD] APP-BOYS-RO-010126,50,7,1,"{""componentJson"": [{""id"": 4189, ""displayOrder"": 1}]}","2026-02-17 10:53:59.591139","2026-02-23 10:23:44.562773",4,8,"","","","",228,1,120483,true,false,0,"2026-02-17 21:36:56.041319",false
2114,[OLD] BOYS-ROEN--010126,50,2,1,"{""componentJson"": [{""id"": 4194, ""displayOrder"": 1}]}","2026-02-17 10:54:46.308643","2026-02-23 10:29:24.660963",4,8,"","","","",184,0,120490,false,false,0,"2026-02-17 21:36:56.458227",false
2108,[OLD] BOYS-RO-010126,50,7,1,"{""componentJson"": [{""id"": 4188, ""displayOrder"": 1}]}","2026-02-17 10:53:48.530419","2026-02-23 10:29:35.156928",4,8,"","","","",187,0,120482,false,false,0,"2026-02-17 21:36:55.951515",false
2120,[OLD] MEN-RO-010126,50,7,1,"{""componentJson"": [{""id"": 4202, ""displayOrder"": 1}, {""id"": 4203, ""displayOrder"": 2}]}","2026-02-17 09:47:36.65391","2026-02-23 12:33:14.463279",4,8,"","","","",44,0,120509,false,false,0,"2026-02-17 21:36:57.108173",false
2110,[OLD] BABY-RO-010126,50,7,1,"{""componentJson"": [{""id"": 4190, ""displayOrder"": 1}]}","2026-02-17 05:54:49.404183","2026-02-23 12:48:17.518549",4,8,"","","","",188,0,120484,false,false,0,"2026-02-17 21:36:56.118764",false
2116,[OLD] BABY-ROEN--010126,50,2,1,"{""componentJson"": [{""id"": 4196, ""displayOrder"": 1}]}","2026-02-17 05:53:04.576461","2026-02-23 12:48:23.785775",4,8,"","","","",185,0,120492,false,false,0,"2026-02-17 21:36:56.621933",false
2111,[OLD] APP-BABY-RO-010126,50,7,1,"{""componentJson"": [{""id"": 4191, ""displayOrder"": 1}]}","2026-02-17 05:54:57.242253","2026-02-23 12:53:05.439074",4,8,"","","","",229,1,120485,true,false,0,"2026-02-17 21:36:56.199442",false
2117,[OLD] APP-BABY-ROEN--010126,50,2,1,"{""componentJson"": [{""id"": 4197, ""displayOrder"": 1}]}","2026-02-17 05:53:12.183464","2026-02-23 12:53:14.744967",4,8,"","","","",226,1,120493,true,false,0,"2026-02-17 21:36:56.698674",false
2106,[OLD] GIRLS-RO-010126,50,7,1,"{""componentJson"": [{""id"": 4186, ""displayOrder"": 1}]}","2026-02-16 04:30:47","2026-02-23 13:35:39.467621",4,8,"","","","",186,0,120479,false,false,0,"2026-02-17 21:36:55.77726",false
2112,[OLD] GIRLS-ROEN--010126,50,2,1,"{""componentJson"": [{""id"": 4192, ""displayOrder"": 1}]}","2026-02-16 04:20:59","2026-02-23 13:35:45.541431",4,8,"","","","",183,0,120486,false,false,0,"2026-02-17 21:36:56.294205",false
2119,[OLD] APP-MEN-ROEN-010126,50,2,1,"{""componentJson"": [{""id"": 4200, ""displayOrder"": 1}, {""id"": 4201, ""displayOrder"": 2}]}","2026-02-17 09:44:19.107282","2026-02-23 13:44:36.840659",4,8,"","","","",39,1,120506,true,false,0,"2026-02-17 21:36:56.960786",false
2107,[OLD] APP-GIRLS-RO-010126,50,7,1,"{""componentJson"": [{""id"": 4187, ""displayOrder"": 1}]}","2026-02-16 04:30:37","2026-02-23 13:45:09.100057",4,8,"","","","",227,1,120481,true,false,0,"2026-02-17 21:36:55.856098",false
2113,[OLD] APP-GIRLS-ROEN--010126,50,2,1,"{""componentJson"": [{""id"": 4193, ""displayOrder"": 1}]}","2026-02-16 04:20:56","2026-02-23 13:45:15.837351",4,8,"","","","",224,1,120487,true,false,0,"2026-02-17 21:36:56.380992",false
2129,[OLD] APP-DEALZONE-080126,50,7,126,"{""componentJson"": [{""id"": 8213, ""isActive"": true, ""displayOrder"": 1}, {""id"": 7777, ""isActive"": true, ""displayOrder"": 2}, {""id"": 7773, ""isActive"": true, ""displayOrder"": 3}, {""id"": 7454, ""isActive"": true, ""displayOrder"": 4}, {""id"": 7235, ""isActive"": true, ""displayOrder"": 5}, {""id"": 4173, ""isActive"": true, ""displayOrder"": 6}, {""id"": 7237, ""isActive"": true, ""displayOrder"": 7}]}","2026-02-05 21:00:47.951","2036-01-07 19:06:29",1,8,"","","","",51,1,0,true,false,1,"2026-02-17 21:36:59.004942",false
2134,[OLD] Halloween-Licensed-Products,50,7,1,"{""componentJson"": [{""id"": 4232, ""displayOrder"": 1}]}","2025-01-01 00:00:22","2075-01-01 00:00:22",1,2,Halloween-Licensed-Products,/catalog,"",Halloween-Licensed-Products,0,0,22108,false,false,0,"2026-02-17 21:37:05.906325",false
2135,[OLD] Halloween-Licensed-Products,50,2,1,"{""componentJson"": [{""id"": 4233, ""displayOrder"": 1}]}","2025-01-01 00:00:22","2075-01-01 00:00:22",1,2,Halloween-Licensed-Products,/catalog,"",Halloween-Licensed-Products,0,0,22109,false,false,0,"2026-02-17 21:37:05.986993",false
2136,[OLD] Halloween-Licensed-Products,50,2,1,"{""componentJson"": [{""id"": 4233, ""displayOrder"": 1}]}","2025-01-01 00:00:22","2075-01-01 00:00:22",1,2,Halloween-Licensed-Products,/catalog,"",Halloween-Licensed-Products,0,0,22110,false,false,0,"2026-02-17 21:37:06.064039",false
2137,[OLD] test1,50,7,1,"{""componentJson"": [{""id"": 4234, ""displayOrder"": 1}]}","2025-01-01 00:00:22","2075-01-01 00:00:22",1,2,test1,/catalog,"",test1,0,0,22111,false,false,0,"2026-02-17 21:37:06.149203",false
2138,[OLD] test1-x,50,7,1,"{""componentJson"": [{""id"": 4234, ""displayOrder"": 1}]}","2025-01-01 00:00:22","2075-01-01 00:00:22",1,2,test1-x,/catalog,"",test1-x,0,0,22112,false,false,0,"2026-02-17 21:37:06.220314",false
2139,[OLD] testbirx,50,7,1,"{""componentJson"": [{""id"": 4234, ""displayOrder"": 1}]}","2025-01-01 00:00:22","2075-01-01 00:00:22",1,2,testbirx,/catalog,"",testbirx,0,0,22113,false,false,0,"2026-02-17 21:37:06.312122",false
2140,[OLD] testiki,50,7,1,"{""componentJson"": [{""id"": 4235, ""displayOrder"": 1}]}","2025-01-01 00:00:22","2075-01-01 00:00:22",1,2,testiki,/catalog,"",testiki,0,0,22114,false,false,0,"2026-02-17 21:37:06.389997",false
2141,[OLD] testuc,50,7,1,"{""componentJson"": [{""id"": 4236, ""displayOrder"": 1}]}","2025-01-01 00:00:22","2075-01-01 00:00:22",1,2,testuc,/catalog,"",testuc,0,0,22115,false,false,0,"2026-02-17 21:37:06.467334",false
2142,[OLD] testuc,50,7,1,"{""componentJson"": [{""id"": 4236, ""displayOrder"": 1}]}","2025-01-01 00:00:22","2075-01-01 00:00:22",1,2,testuc,/catalog,"",testuc,0,0,22116,false,false,0,"2026-02-17 21:37:06.535723",false
2143,[OLD] deneme-lp,50,7,1,"{""componentJson"": [{""id"": 4237, ""displayOrder"": 1}]}","2025-01-01 00:00:22","2075-01-01 00:00:22",1,2,deneme-lp,/catalog,"",lp-ro,0,0,22117,false,false,0,"2026-02-17 21:37:06.629702",false
2144,[OLD] denemek,50,7,1,"{""componentJson"": [{""id"": 4238, ""displayOrder"": 1}]}","2025-01-01 00:00:22","2075-01-01 00:00:22",1,2,denemek,/catalog,"",denemek,0,0,22118,false,false,0,"2026-02-17 21:37:06.712507",false
2145,[OLD] denemekiki,50,7,1,"{""componentJson"": [{""id"": 4239, ""displayOrder"": 1}]}","2025-01-01 00:00:22","2075-01-01 00:00:22",1,2,denemekiki,/catalog,"",denemekiki,0,0,22119,false,false,0,"2026-02-17 21:37:06.788297",false
2146,[OLD] halloween-landing,50,7,1,"{""componentJson"": [{""id"": 4240, ""displayOrder"": 1}]}","2025-01-01 00:00:22","2075-01-01 00:00:22",1,2,halloween-landing,/catalog,"",halloween-landing,0,0,22120,false,false,0,"2026-02-17 21:37:06.880198",false
2147,[OLD] halloween-landing,50,7,1,"{""componentJson"": [{""id"": 4240, ""displayOrder"": 1}]}","2025-01-01 00:00:22","2075-01-01 00:00:22",1,2,halloween-landing,/catalog,"",halloween-landing-page-iki,0,0,22121,false,false,0,"2026-02-17 21:37:06.966634",false
2123,[OLD] WOMEN-ROEN-010126,50,2,1,"{""componentJson"": [{""id"": 4207, ""displayOrder"": 1}, {""id"": 4199, ""displayOrder"": 2}]}","2026-02-16 04:20:37.14503","2026-02-23 06:50:19.982103",4,8,"","","","",33,0,120557,false,false,0,"2026-02-17 21:36:57.48771",false
2122,[OLD] APP-WOMEN-ROEN-010126,50,2,1,"{""componentJson"": [{""id"": 4206, ""displayOrder"": 1}, {""id"": 4201, ""displayOrder"": 2}]}","2026-02-16 04:20:30.193584","2026-02-23 06:56:19.106177",4,8,"","","","",38,1,120556,true,false,0,"2026-02-17 21:36:57.357601",false
2125,[OLD] WOMEN-RO-010126,50,7,1,"{""componentJson"": [{""id"": 4209, ""displayOrder"": 1}, {""id"": 4203, ""displayOrder"": 2}]}","2026-02-16 04:29:51.980968","2026-02-23 06:57:41.860104",4,8,"","","","",43,0,120559,false,false,0,"2026-02-17 21:36:57.731929",false
2124,[OLD] APP-WOMEN-RO-010126,50,7,1,"{""componentJson"": [{""id"": 4208, ""displayOrder"": 1}, {""id"": 4205, ""displayOrder"": 2}]}","2026-02-16 04:29:44.12892","2026-02-23 07:01:50.46738",4,8,"","","","",48,1,120558,true,false,0,"2026-02-17 21:36:57.613489",false
2132,[OLD] HOME LP,50,7,1,"{""componentJson"": [{""id"": 4229, ""displayOrder"": 1}, {""id"": 4230, ""displayOrder"": 2}]}","2026-01-16 07:09:01.098888","2026-02-24 09:19:33.534971",4,8,home-lp,/catalog,HOME LP,HOME LP,533,0,121851,false,false,0,"2026-02-17 21:36:59.37779",false
2131,[OLD] HOME LP,50,2,1,"{""componentJson"": [{""id"": 4227, ""displayOrder"": 1}, {""id"": 4228, ""displayOrder"": 2}]}","2026-01-16 07:07:49.085469","2026-02-24 09:19:40.134131",4,8,home-lp,/catalog,HOME LP,HOME LP,531,0,121850,false,false,0,"2026-02-17 21:36:59.240592",false
2133,[OLD] APP HOME LP,50,7,1,"{""componentJson"": [{""id"": 4231, ""displayOrder"": 1}]}","2026-01-16 07:09:10.53932","2026-02-24 09:21:57.5219",4,8,home-lp-app,/catalog,APP HOME LP,APP HOME LP,532,1,121852,true,false,0,"2026-02-17 21:36:59.472855",false
2130,[OLD] APP HOME LP,50,2,1,"{""componentJson"": [{""id"": 4226, ""displayOrder"": 1}]}","2026-01-16 07:07:53.53737","2026-02-24 09:22:22.89967",4,8,home-lp-app,/catalog,APP HOME LP,APP HOME LP,530,1,121849,true,false,0,"2026-02-17 21:36:59.110425",false
2148,[OLD] christmas-lp-2021,50,7,1,"{""componentJson"": [{""id"": 4241, ""displayOrder"": 1}]}","2025-01-01 00:00:22","2075-01-01 00:00:22",1,2,christmas-lp-2021,/catalog,"","christmas lp 2021,happy new year, new year collection, trend new year collection",0,0,22122,false,false,0,"2026-02-17 21:37:07.045288",false
2149,[OLD] christmas-lp-2021,50,7,1,"{""componentJson"": [{""id"": 4241, ""displayOrder"": 1}]}","2025-01-01 00:00:22","2075-01-01 00:00:22",1,2,christmas-lp-2021,/catalog,"","christmas lp 2021,happy new year, new year collection, trend new year collection",0,0,22123,false,false,0,"2026-02-17 21:37:07.128343",false
2150,[OLD] christmas-lp-2021-roen-r,50,2,1,"{""componentJson"": [{""id"": 4242, ""displayOrder"": 1}]}","2025-01-01 00:00:22","2075-01-01 00:00:22",1,2,christmas-lp-2021-roen-r,/catalog,"",christmaslp2021roen,0,0,22124,false,false,0,"2026-02-17 21:37:07.224977",false
2151,[OLD] christmas-lp-2021-ro,50,7,1,"{""componentJson"": [{""id"": 4243, ""displayOrder"": 1}]}","2025-01-01 00:00:22","2075-01-01 00:00:22",1,2,christmas-lp-2021-ro,/catalog,"",christmas lp 2021 romanian,0,0,22125,false,false,0,"2026-02-17 21:37:07.306489",false
2152,[OLD] christmas-lp-2021-bgen,50,2,1,"{""componentJson"": [{""id"": 4244, ""displayOrder"": 1}]}","2025-01-01 00:00:22","2075-01-01 00:00:22",1,2,christmas-lp-2021-bgen,/catalog,"",christmas lp 2021 bgen,0,0,22126,false,false,0,"2026-02-17 21:37:07.384878",false
2153,[OLD] test-it,50,7,1,"{""componentJson"": [{""id"": 4245, ""displayOrder"": 1}]}","2025-01-01 00:00:22","2075-01-01 00:00:22",1,2,test-it,/catalog,"",test it,0,0,22127,false,false,0,"2026-02-17 21:37:07.473397",false
2154,[OLD] button-testing,50,7,1,"{""componentJson"": [{""id"": 4246, ""displayOrder"": 1}]}","2025-01-01 00:00:22","2075-01-01 00:00:22",1,2,button-testing,/catalog,"",buton test,0,0,22128,false,false,0,"2026-02-17 21:37:07.552383",false
2155,[OLD] licenced-ro,50,7,1,"{""componentJson"": [{""id"": 4246, ""displayOrder"": 1}]}","2025-01-01 00:00:22","2075-01-01 00:00:22",1,2,licenced-ro,/catalog,"",licenced landind page 2022,0,0,22129,false,false,0,"2026-02-17 21:37:07.635596",false
2156,[OLD] licenced-roen,50,2,1,"{""componentJson"": [{""id"": 4247, ""displayOrder"": 1}]}","2025-01-01 00:00:22","2075-01-01 00:00:22",1,2,licenced-roen,/catalog,"",lisenced romanian english version,0,0,22130,false,false,0,"2026-02-17 21:37:07.713494",false
2157,[OLD] licenced-bgen,50,2,1,"{""componentJson"": [{""id"": 4248, ""displayOrder"": 1}]}","2025-01-01 00:00:22","2075-01-01 00:00:22",1,2,licenced-bgen,/catalog,"",licensed bulgarian english version,0,0,22131,false,false,0,"2026-02-17 21:37:07.793763",false
2158,[OLD] women-brand-looks-lp,50,7,1,"{""componentJson"": [{""id"": 4249, ""displayOrder"": 1}]}","2025-01-01 00:00:22","2075-01-01 00:00:22",1,2,women-brand-looks-lp,/catalog,"",women brand looks lp,0,0,22132,false,false,0,"2026-02-17 21:37:07.889663",false
2159,[OLD] women-brand-looks-lp,50,7,1,"{""componentJson"": [{""id"": 4249, ""displayOrder"": 1}]}","2025-01-01 00:00:22","2075-01-01 00:00:22",1,2,women-brand-looks-lp,/catalog,"",women brand looks lp,0,0,22133,false,false,0,"2026-02-17 21:37:07.983661",false
2160,[OLD] kids-and-babies-bgen-,50,2,1,"{""componentJson"": [{""id"": 4250, ""displayOrder"": 1}]}","2025-01-01 00:00:22","2075-01-01 00:00:22",1,2,kids-and-babies-bgen-,/catalog,"",kids and babies lcwaikiki trend bulgarian english version,0,0,22134,false,false,0,"2026-02-17 21:37:08.070254",false
2161,[OLD] kids-and-babies-ro-,50,7,1,"{""componentJson"": [{""id"": 4251, ""displayOrder"": 1}]}","2025-01-01 00:00:22","2075-01-01 00:00:22",1,2,kids-and-babies-ro-,/catalog,"",kids and babies lcwaikiki trend romanian,0,0,22135,false,false,0,"2026-02-17 21:37:08.173362",false
2162,[OLD] kids-and-babies-roen,50,2,1,"{""componentJson"": [{""id"": 4252, ""displayOrder"": 1}]}","2025-01-01 00:00:22","2075-01-01 00:00:22",1,2,kids-and-babies-roen,/catalog,"",kids and babies lcwaikiki trend romanian english version,0,0,22136,false,false,0,"2026-02-17 21:37:08.263968",false
2163,[OLD] outdoor-roen-22,50,2,1,"{""componentJson"": [{""id"": 4253, ""displayOrder"": 1}]}","2025-01-01 00:00:22","2075-01-01 00:00:22",1,2,outdoor-roen-22,/catalog,"",outdoor trend lcwaikiki ,0,0,22137,false,false,0,"2026-02-17 21:37:08.350131",false
2164,[OLD] outdoor-ro-22,50,7,1,"{""componentJson"": [{""id"": 4254, ""displayOrder"": 1}]}","2025-01-01 00:00:22","2075-01-01 00:00:22",1,2,outdoor-ro-22,/catalog,"",outdoor trend lcwaikiki ,0,0,22138,false,false,0,"2026-02-17 21:37:08.43083",false
2165,[OLD] outdoor-bgen-22,50,2,1,"{""componentJson"": [{""id"": 4255, ""displayOrder"": 1}]}","2025-01-01 00:00:22","2075-01-01 00:00:22",1,2,outdoor-bgen-22,/catalog,"",outdoor trend lcwaikiki ,0,0,22139,false,false,0,"2026-02-17 21:37:08.513344",false
2166,[OLD] video-test-ro,50,7,1,"{""componentJson"": [{""id"": 4256, ""displayOrder"": 1}]}","2025-01-01 00:00:22","2075-01-01 00:00:22",1,2,video-test-ro,/catalog,"",video test romanya,0,0,22140,false,false,0,"2026-02-17 21:37:08.603112",false
2167,[OLD] video-test-ro,50,7,1,"{""componentJson"": [{""id"": 4256, ""displayOrder"": 1}]}","2025-01-01 00:00:22","2075-01-01 00:00:22",1,2,video-test-ro,/catalog,"",video test romanya,0,0,22141,false,false,0,"2026-02-17 21:37:08.678191",false
2168,[OLD] back-to-college-ro,50,7,1,"{""componentJson"": [{""id"": 4257, ""displayOrder"": 1}]}","2025-01-01 00:00:22","2075-01-01 00:00:22",1,2,back-to-college-ro,/catalog,"",back to college lcwaikiki romania 2022  ,0,0,22142,false,false,0,"2026-02-17 21:37:08.755507",false
2169,[OLD] back-to-college-roen,50,2,1,"{""componentJson"": [{""id"": 4258, ""displayOrder"": 1}]}","2025-01-01 00:00:22","2075-01-01 00:00:22",1,2,back-to-college-roen,/catalog,"",back to college lcwaikiki romania 2022  ,0,0,22143,false,false,0,"2026-02-17 21:37:08.833003",false
2170,[OLD] back-to-college-bgen,50,2,1,"{""componentJson"": [{""id"": 4259, ""displayOrder"": 1}]}","2025-01-01 00:00:22","2075-01-01 00:00:22",1,2,back-to-college-bgen,/catalog,"",back to college lcwaikiki bulgaria 2022  ,0,0,22144,false,false,0,"2026-02-17 21:37:08.911877",false
2171,[OLD] back-to-college-ro,50,7,1,"{""componentJson"": [{""id"": 4257, ""displayOrder"": 1}]}","2025-01-01 00:00:22","2075-01-01 00:00:22",1,2,back-to-college-ro,/catalog,"",back to college lcwaikiki romania 2022  ,0,0,22145,false,false,0,"2026-02-17 21:37:08.997986",false
2172,[OLD] back-to-work-ro,50,7,1,"{""componentJson"": [{""id"": 4260, ""displayOrder"": 1}]}","2025-01-01 00:00:22","2075-01-01 00:00:22",1,2,back-to-work-ro,/catalog,"",Back to Work | LC Waikiki Romanian,0,0,22146,false,false,0,"2026-02-17 21:37:09.100773",false
2173,[OLD] back-to-work-roen,50,2,1,"{""componentJson"": [{""id"": 4261, ""displayOrder"": 1}]}","2025-01-01 00:00:22","2075-01-01 00:00:22",1,2,back-to-work-roen,/catalog,"",Back To Work | LC Waikiki Romanian English,0,0,22147,false,false,0,"2026-02-17 21:37:09.180278",false
2174,[OLD] back-to-work-roen,50,2,1,"{""componentJson"": [{""id"": 4261, ""displayOrder"": 1}]}","2025-01-01 00:00:22","2075-01-01 00:00:22",1,2,back-to-work-roen,/catalog,"",Back To Work | LC Waikiki Romanian English,0,0,22148,false,false,0,"2026-02-17 21:37:09.251932",false
2175,[OLD] back-to-work-roen,50,2,1,"{""componentJson"": [{""id"": 4261, ""displayOrder"": 1}]}","2025-01-01 00:00:22","2075-01-01 00:00:22",1,2,back-to-work-roen,/catalog,"",Back To Work | LC Waikiki Romanian English,0,0,22149,false,false,0,"2026-02-17 21:37:09.324732",false
2176,[OLD] back-to-work-bgen,50,2,1,"{""componentJson"": [{""id"": 4262, ""displayOrder"": 1}]}","2025-01-01 00:00:22","2075-01-01 00:00:22",1,2,back-to-work-bgen,/catalog,"",Back To Work | LC Waikiki Bulgarian English,0,0,22150,false,false,0,"2026-02-17 21:37:09.422691",false
2177,[OLD] deneme-ro-bf,50,7,1,"{""componentJson"": [{""id"": 4263, ""displayOrder"": 1}]}","2025-01-01 00:00:22","2075-01-01 00:00:22",1,2,deneme-ro-bf,/catalog,"","",0,0,22151,false,false,0,"2026-02-17 21:37:09.505602",false
2178,[OLD] black-friday-ro,50,7,1,"{""componentJson"": [{""id"": 4263, ""displayOrder"": 1}]}","2025-01-01 00:00:22","2075-01-01 00:00:22",1,2,black-friday-ro,/catalog,"",Black Friday LC Waikiki Romaian 2022  ,0,0,22152,false,false,0,"2026-02-17 21:37:09.584052",false
2179,[OLD] halloween-ro,50,7,1,"{""componentJson"": [{""id"": 4264, ""displayOrder"": 1}]}","2025-01-01 00:00:22","2075-01-01 00:00:22",1,2,halloween-ro,/catalog,"",Halloween LC Waikiki Romaian 2022  ,0,0,22153,false,false,0,"2026-02-17 21:37:09.662168",false
2180,[OLD] halloween-roen,50,2,1,"{""componentJson"": [{""id"": 4265, ""displayOrder"": 1}]}","2025-01-01 00:00:22","2075-01-01 00:00:22",1,2,halloween-roen,/catalog,"",Halloween LC Waikiki Romaian 2022 ,0,0,22154,false,false,0,"2026-02-17 21:37:09.753934",false
2181,[OLD] halloween-bgen,50,2,1,"{""componentJson"": [{""id"": 4266, ""displayOrder"": 1}]}","2025-01-01 00:00:22","2075-01-01 00:00:22",1,2,halloween-bgen,/catalog,"",Halloween LC Waikiki Bulgaria 2022  ,0,0,22155,false,false,0,"2026-02-17 21:37:09.833048",false
2182,[OLD] christmas-shop,50,7,1,"{""componentJson"": [{""id"": 4267, ""displayOrder"": 1}]}","2025-01-01 00:00:22","2075-01-01 00:00:22",1,2,christmas-shop,/catalog,"","Get great Christmas gifts and amazing discounts for 2023. LC Waikiki has a wide selection of Xmas gifts for men, women, and kids for you to choose from.",0,0,22156,false,false,0,"2026-02-17 21:37:09.913899",false
2183,[OLD] christmas-shop,50,2,1,"{""componentJson"": [{""id"": 4268, ""displayOrder"": 1}]}","2025-01-01 00:00:22","2075-01-01 00:00:22",1,2,christmas-shop,/catalog,"",Christmas Shop Romania ,0,0,22157,false,false,0,"2026-02-17 21:37:09.998489",false
2184,[OLD] christmas-shop,50,2,1,"{""componentJson"": [{""id"": 4268, ""displayOrder"": 1}]}","2025-01-01 00:00:22","2075-01-01 00:00:22",1,2,christmas-shop,/catalog,"","Get great Christmas gifts and amazing discounts for 2023. LC Waikiki has a wide selection of Xmas gifts for men, women, and kids for you to choose from.",0,0,22158,false,false,0,"2026-02-17 21:37:10.074531",false
2185,[OLD] christmas-shop,50,2,1,"{""componentJson"": [{""id"": 4269, ""displayOrder"": 1}]}","2025-01-01 00:00:22","2075-01-01 00:00:22",1,2,christmas-shop,/catalog,"",Christmas Shop Bulgaria ,0,0,22159,false,false,0,"2026-02-17 21:37:10.169424",false
2186,[OLD] winter-white,50,7,1,"{""componentJson"": [{""id"": 4270, ""displayOrder"": 1}]}","2025-01-01 00:00:22","2075-01-01 00:00:22",1,2,winter-white,/catalog,"",Winter White Russia 2022  ,0,0,22160,false,false,0,"2026-02-17 21:37:10.247182",false
2187,[OLD] winter-white,50,2,1,"{""componentJson"": [{""id"": 4271, ""displayOrder"": 1}]}","2025-01-01 00:00:22","2075-01-01 00:00:22",1,2,winter-white,/catalog,"",Winter White Russia 2022  ,0,0,22161,false,false,0,"2026-02-17 21:37:10.324988",false
2188,[OLD] winter-white,50,2,1,"{""componentJson"": [{""id"": 4272, ""displayOrder"": 1}]}","2025-01-01 00:00:22","2075-01-01 00:00:22",1,2,winter-white,/catalog,"",Winter White Bulgaria 2022  ,0,0,22162,false,false,0,"2026-02-17 21:37:10.401943",false
2189,[OLD] christmas-family-gifts,50,7,1,"{""componentJson"": [{""id"": 4273, ""displayOrder"": 1}]}","2025-01-01 00:00:22","2075-01-01 00:00:22",1,2,christmas-family-gifts,/catalog,"",Christmas Family Gifts Romania ,0,0,22163,false,false,0,"2026-02-17 21:37:10.485551",false
2190,[OLD] christmas-family-gifts,50,7,1,"{""componentJson"": [{""id"": 4273, ""displayOrder"": 1}]}","2025-01-01 00:00:22","2075-01-01 00:00:22",1,2,christmas-family-gifts,/catalog,"",Christmas Family Gifts Romania ,0,0,22164,false,false,0,"2026-02-17 21:37:10.554928",false
2191,[OLD] christmas-family-gifts,50,2,1,"{""componentJson"": [{""id"": 4274, ""displayOrder"": 1}]}","2025-01-01 00:00:22","2075-01-01 00:00:22",1,2,christmas-family-gifts,/catalog,"",Christmas Family Gifts Romania ,0,0,22165,false,false,0,"2026-02-17 21:37:10.643872",false
2192,[OLD] christmas-family-gifts,50,2,1,"{""componentJson"": [{""id"": 4275, ""displayOrder"": 1}]}","2025-01-01 00:00:22","2075-01-01 00:00:22",1,2,christmas-family-gifts,/catalog,"",Christmas Family Gifts Bulgaria  ,0,0,22166,false,false,0,"2026-02-17 21:37:10.722364",false
2193,[OLD] sibling-style,50,7,1,"{""componentJson"": [{""id"": 4276, ""displayOrder"": 1}]}","2025-01-01 00:00:22","2075-01-01 00:00:22",1,2,sibling-style,/catalog,"","SIBLING STYLE
Special Picks for Kids & Baby",0,0,22167,false,false,0,"2026-02-17 21:37:10.810031",false
2194,[OLD] sibling-style ,50,2,1,"{""componentJson"": [{""id"": 4277, ""displayOrder"": 1}]}","2025-01-01 00:00:22","2075-01-01 00:00:22",1,2,sibling-style ,/catalog,"",SIBLING STYLE Special Picks for Kids & Baby,0,0,22168,false,false,0,"2026-02-17 21:37:10.887972",false
2195,[OLD] sibling-style,50,2,1,"{""componentJson"": [{""id"": 4277, ""displayOrder"": 1}]}","2025-01-01 00:00:22","2075-01-01 00:00:22",1,2,sibling-style,/catalog,"",SIBLING STYLE Special Picks for Kids & Baby,0,0,22169,false,false,0,"2026-02-17 21:37:10.95854",false
2196,[OLD] deneme-lp-test,50,2,1,"{""componentJson"": [{""id"": 4278, ""displayOrder"": 1}]}","2025-01-01 00:00:22","2075-01-01 00:00:22",1,2,deneme-lp-test,/catalog,"","",0,0,22170,false,false,0,"2026-02-17 21:37:11.037158",false
2197,[OLD] valentines-day,50,2,1,"{""componentJson"": [{""id"": 4279, ""displayOrder"": 1}]}","2025-01-01 00:00:22","2075-01-01 00:00:22",1,2,valentines-day,/catalog,"",VALENTINE'S DAY,0,0,22171,false,false,0,"2026-02-17 21:37:11.126824",false
2198,[OLD] valentines-day,50,2,1,"{""componentJson"": [{""id"": 4280, ""displayOrder"": 1}]}","2025-01-01 00:00:22","2075-01-01 00:00:22",1,2,valentines-day,/catalog,"",VALENTINE'S DAY,0,0,22172,false,false,0,"2026-02-17 21:37:11.207862",false
2199,[OLD] valentines-day,50,7,1,"{""componentJson"": [{""id"": 4281, ""displayOrder"": 1}]}","2025-01-01 00:00:22","2075-01-01 00:00:22",1,2,valentines-day,/catalog,"",VALENTINE'S DAY,0,0,22173,false,false,0,"2026-02-17 21:37:11.303331",false
2200,[OLD] new-season-women,50,2,1,"{""componentJson"": [{""id"": 4282, ""displayOrder"": 1}]}","2025-01-01 00:00:22","2075-01-01 00:00:22",1,2,new-season-women,/catalog,"","Discover the latest trends with the new season products of our women's clothing collection. Shop the newest women's tops, bottoms, dresses and more.",0,0,22174,false,false,0,"2026-02-17 21:37:11.383302",false
2230,[OLD] men-denim,50,2,1,"{""componentJson"": [{""id"": 4307, ""displayOrder"": 1}]}","2025-01-01 00:00:22","2075-01-01 00:00:22",1,2,men-denim,/catalog,"",Men Denim,0,0,22204,false,false,0,"2026-02-17 21:37:13.998631",false
2201,[OLD] new-season-women,50,7,1,"{""componentJson"": [{""id"": 4283, ""displayOrder"": 1}]}","2025-01-01 00:00:22","2075-01-01 00:00:22",1,2,new-season-women,/catalog,"","Discover the latest trends with the new season products of our women's clothing collection. Shop the newest women's tops, bottoms, dresses and more.",0,0,22175,false,false,0,"2026-02-17 21:37:11.469626",false
2202,[OLD] new-season-women,50,2,1,"{""componentJson"": [{""id"": 4284, ""displayOrder"": 1}]}","2025-01-01 00:00:22","2075-01-01 00:00:22",1,2,new-season-women,/catalog,"","Discover the latest trends with the new season products of our women's clothing collection. Shop the newest women's tops, bottoms, dresses and more.",0,0,22176,false,false,0,"2026-02-17 21:37:11.557923",false
2203,[OLD] deneme-lp-test-en,50,2,1,"{""componentJson"": [{""id"": 4285, ""displayOrder"": 1}]}","2025-01-01 00:00:22","2075-01-01 00:00:22",1,2,deneme-lp-test-en,/catalog,"",deneme-lp-test,0,0,22177,false,false,0,"2026-02-17 21:37:11.658574",false
2204,[OLD] denim-woman-trend,50,7,1,"{""componentJson"": [{""id"": 4286, ""displayOrder"": 1}]}","2025-01-01 00:00:22","2075-01-01 00:00:22",1,2,denim-woman-trend,/catalog,"",Denim Woman Trend,0,0,22178,false,false,0,"2026-02-17 21:37:11.738614",false
2205,[OLD] denim-man-trend,50,7,1,"{""componentJson"": [{""id"": 4287, ""displayOrder"": 1}]}","2025-01-01 00:00:22","2075-01-01 00:00:22",1,2,denim-man-trend,/catalog,"",Denim Man Trend,0,0,22179,false,false,0,"2026-02-17 21:37:11.817635",false
2206,[OLD] denim-woman-trend,50,2,1,"{""componentJson"": [{""id"": 4288, ""displayOrder"": 1}]}","2025-01-01 00:00:22","2075-01-01 00:00:22",1,2,denim-woman-trend,/catalog,"",Denim Woman Trend,0,0,22180,false,false,0,"2026-02-17 21:37:11.89684",false
2207,[OLD] denim-woman-trend,50,2,1,"{""componentJson"": [{""id"": 4288, ""displayOrder"": 1}]}","2025-01-01 00:00:22","2075-01-01 00:00:22",1,2,denim-woman-trend,/catalog,"",Denim Woman Trend,0,0,22181,false,false,0,"2026-02-17 21:37:11.967908",false
2208,[OLD] denim-man-trend,50,2,1,"{""componentJson"": [{""id"": 4289, ""displayOrder"": 1}]}","2025-01-01 00:00:22","2075-01-01 00:00:22",1,2,denim-man-trend,/catalog,"",Denim Man Trend,0,0,22182,false,false,0,"2026-02-17 21:37:12.047968",false
2209,[OLD] hot-summer,50,7,1,"{""componentJson"": [{""id"": 4290, ""displayOrder"": 1}]}","2025-01-01 00:00:22","2075-01-01 00:00:22",1,2,hot-summer,/catalog,"",HOT SUMMER,0,0,22183,false,false,0,"2026-02-17 21:37:12.131553",false
2210,[OLD] hot-summer,50,2,1,"{""componentJson"": [{""id"": 4291, ""displayOrder"": 1}]}","2025-01-01 00:00:22","2075-01-01 00:00:22",1,2,hot-summer,/catalog,"",HOT SUMMER,0,0,22184,false,false,0,"2026-02-17 21:37:12.220301",false
2211,[OLD] back-to-school,50,7,1,"{""componentJson"": [{""id"": 4292, ""displayOrder"": 1}]}","2025-01-01 00:00:22","2075-01-01 00:00:22",1,2,back-to-school,/catalog,"",BACK TO SCHOOL,0,0,22185,false,false,0,"2026-02-17 21:37:12.325889",false
2212,[OLD] back-to-school,50,7,1,"{""componentJson"": [{""id"": 4292, ""displayOrder"": 1}]}","2025-01-01 00:00:22","2075-01-01 00:00:22",1,2,back-to-school,/catalog,"",BACK TO SCHOOL,0,0,22186,false,false,0,"2026-02-17 21:37:12.402309",false
2213,[OLD] back-to-school,50,2,1,"{""componentJson"": [{""id"": 4293, ""displayOrder"": 1}]}","2025-01-01 00:00:22","2075-01-01 00:00:22",1,2,back-to-school,/catalog,"",BACK TO SCHOOL,0,0,22187,false,false,0,"2026-02-17 21:37:12.484052",false
2214,[OLD] back-to-school,50,2,1,"{""componentJson"": [{""id"": 4294, ""displayOrder"": 1}]}","2025-01-01 00:00:22","2075-01-01 00:00:22",1,2,back-to-school,/catalog,"",BACK TO SCHOOL,0,0,22188,false,false,0,"2026-02-17 21:37:12.586631",false
2215,[OLD] timeless-men,50,7,1,"{""componentJson"": [{""id"": 4295, ""displayOrder"": 1}]}","2025-01-01 00:00:22","2075-01-01 00:00:22",1,2,timeless-men,/catalog,"",Timeless Men,0,0,22189,false,false,0,"2026-02-17 21:37:12.666066",false
2216,[OLD] timeless-women,50,7,1,"{""componentJson"": [{""id"": 4296, ""displayOrder"": 1}]}","2025-01-01 00:00:22","2075-01-01 00:00:22",1,2,timeless-women,/catalog,"",Timeless Women,0,0,22190,false,false,0,"2026-02-17 21:37:12.755506",false
2217,[OLD] timeless-men,50,2,1,"{""componentJson"": [{""id"": 4297, ""displayOrder"": 1}]}","2025-01-01 00:00:22","2075-01-01 00:00:22",1,2,timeless-men,/catalog,"",Timeless Men,0,0,22191,false,false,0,"2026-02-17 21:37:12.846009",false
2218,[OLD] timeless-women,50,2,1,"{""componentJson"": [{""id"": 4298, ""displayOrder"": 1}]}","2025-01-01 00:00:22","2075-01-01 00:00:22",1,2,timeless-women,/catalog,"",Timeless Women,0,0,22192,false,false,0,"2026-02-17 21:37:12.947811",false
2219,[OLD] timeless-women,50,2,1,"{""componentJson"": [{""id"": 4299, ""displayOrder"": 1}]}","2025-01-01 00:00:22","2075-01-01 00:00:22",1,2,timeless-women,/catalog,"",Timeless Women,0,0,22193,false,false,0,"2026-02-17 21:37:13.035148",false
2220,[OLD] timeless-men,50,2,1,"{""componentJson"": [{""id"": 4300, ""displayOrder"": 1}]}","2025-01-01 00:00:22","2075-01-01 00:00:22",1,2,timeless-men,/catalog,"",Timeless Men,0,0,22194,false,false,0,"2026-02-17 21:37:13.124241",false
2221,[OLD] christmas,50,7,1,"{""componentJson"": [{""id"": 4301, ""displayOrder"": 1}]}","2025-01-01 00:00:22","2075-01-01 00:00:22",1,2,christmas,/catalog,"",CHRISTMAS,0,0,22195,false,false,0,"2026-02-17 21:37:13.237369",false
2222,[OLD] christmas,50,2,1,"{""componentJson"": [{""id"": 4302, ""displayOrder"": 1}]}","2025-01-01 00:00:22","2075-01-01 00:00:22",1,2,christmas,/catalog,"",CHRISTMAS,0,0,22196,false,false,0,"2026-02-17 21:37:13.331209",false
2223,[OLD] christmas,50,2,1,"{""componentJson"": [{""id"": 4303, ""displayOrder"": 1}]}","2025-01-01 00:00:22","2075-01-01 00:00:22",1,2,christmas,/catalog,"",CHRISTMAS,0,0,22197,false,false,0,"2026-02-17 21:37:13.41262",false
2224,[OLD] women-denim,50,7,1,"{""componentJson"": [{""id"": 4304, ""displayOrder"": 1}]}","2025-01-01 00:00:22","2075-01-01 00:00:22",1,2,women-denim,/catalog,"",Women Denim,0,0,22198,false,false,0,"2026-02-17 21:37:13.504145",false
2225,[OLD] men-denim,50,7,1,"{""componentJson"": [{""id"": 4305, ""displayOrder"": 1}]}","2025-01-01 00:00:22","2075-01-01 00:00:22",1,2,men-denim,/catalog,"",Men Denim,0,0,22199,false,false,0,"2026-02-17 21:37:13.594037",false
2226,[OLD] women-denim,50,2,1,"{""componentJson"": [{""id"": 4306, ""displayOrder"": 1}]}","2025-01-01 00:00:22","2075-01-01 00:00:22",1,2,women-denim,/catalog,"",Women Denim,0,0,22200,false,false,0,"2026-02-17 21:37:13.67724",false
2227,[OLD] women-denim,50,2,1,"{""componentJson"": [{""id"": 4306, ""displayOrder"": 1}]}","2025-01-01 00:00:22","2075-01-01 00:00:22",1,2,women-denim,/catalog,"",Women Denim,0,0,22201,false,false,0,"2026-02-17 21:37:13.754193",false
2228,[OLD] women-denim,50,2,1,"{""componentJson"": [{""id"": 4306, ""displayOrder"": 1}]}","2025-01-01 00:00:22","2075-01-01 00:00:22",1,2,women-denim,/catalog,"",Women Denim,0,0,22202,false,false,0,"2026-02-17 21:37:13.826606",false
2229,[OLD] denim-women,50,2,1,"{""componentJson"": [{""id"": 4306, ""displayOrder"": 1}]}","2025-01-01 00:00:22","2075-01-01 00:00:22",1,2,denim-women,/catalog,"",Denim Women Trend,0,0,22203,false,false,0,"2026-02-17 21:37:13.907858",false
2235,[OLD] back-to-kindergarden,50,7,1,"{""componentJson"": [{""id"": 4311, ""displayOrder"": 1}]}","2025-01-01 00:00:22","2075-01-01 00:00:22",1,2,back-to-kindergarden,/catalog,"",BACK TO KINDERGARDEN,0,0,22209,false,false,0,"2026-02-17 21:37:14.408156",false
2236,[OLD] back-to-kindergarden,50,2,1,"{""componentJson"": [{""id"": 4312, ""displayOrder"": 1}]}","2025-01-01 00:00:22","2075-01-01 00:00:22",1,2,back-to-kindergarden,/catalog,"",BACK TO KINDERGARDEN,0,0,22210,false,false,0,"2026-02-17 21:37:14.500088",false
2237,[OLD] back-to-kindergarden,50,2,1,"{""componentJson"": [{""id"": 4313, ""displayOrder"": 1}]}","2025-01-01 00:00:22","2075-01-01 00:00:22",1,2,back-to-kindergarden,/catalog,"",BACK TO KINDERGARDEN,0,0,22211,false,false,0,"2026-02-17 21:37:14.59147",false
2238,[OLD] back-to-kindergarden,50,2,1,"{""componentJson"": [{""id"": 4314, ""displayOrder"": 1}]}","2025-01-01 00:00:22","2075-01-01 00:00:22",1,2,back-to-kindergarden,/catalog,"",BACK TO KINDERGARDEN,0,0,22212,false,false,0,"2026-02-17 21:37:14.674304",false
2239,[OLD] back-to-school,50,2,1,"{""componentJson"": [{""id"": 4315, ""displayOrder"": 1}]}","2025-01-01 00:00:22","2075-01-01 00:00:22",1,2,back-to-school,/catalog,"",BACK TO SCHOOL,0,0,22213,false,false,0,"2026-02-17 21:37:14.756906",false
2240,[OLD] back-to-college,50,7,1,"{""componentJson"": [{""id"": 4316, ""displayOrder"": 1}]}","2025-01-01 00:00:22","2075-01-01 00:00:22",1,2,back-to-college,/catalog,"",BACK TO COLLEGE,0,0,22214,false,false,0,"2026-02-17 21:37:14.850717",false
2241,[OLD] back-to-college,50,2,1,"{""componentJson"": [{""id"": 4317, ""displayOrder"": 1}]}","2025-01-01 00:00:22","2075-01-01 00:00:22",1,2,back-to-college,/catalog,"",BACK TO COLLEGE,0,0,22215,false,false,0,"2026-02-17 21:37:14.937218",false
2242,[OLD] back-to-college,50,2,1,"{""componentJson"": [{""id"": 4317, ""displayOrder"": 1}]}","2025-01-01 00:00:22","2075-01-01 00:00:22",1,2,back-to-college,/catalog,"",BACK TO COLLEGE,0,0,22216,false,false,0,"2026-02-17 21:37:15.015656",false
2243,[OLD] back-to-college,50,2,1,"{""componentJson"": [{""id"": 4318, ""displayOrder"": 1}]}","2025-01-01 00:00:22","2075-01-01 00:00:22",1,2,back-to-college,/catalog,"",BACK TO COLLEGE,0,0,22217,false,false,0,"2026-02-17 21:37:15.112146",false
2244,[OLD] back-to-work,50,2,1,"{""componentJson"": [{""id"": 4319, ""displayOrder"": 1}]}","2025-01-01 00:00:22","2075-01-01 00:00:22",1,2,back-to-work,/catalog,"",BACK TO WORK,0,0,22218,false,false,0,"2026-02-17 21:37:15.212312",false
2245,[OLD] back-to-work,50,7,1,"{""componentJson"": [{""id"": 4320, ""displayOrder"": 1}]}","2025-01-01 00:00:22","2075-01-01 00:00:22",1,2,back-to-work,/catalog,"",BACK TO WORK,0,0,22219,false,false,0,"2026-02-17 21:37:15.302273",false
2246,[OLD] back-to-work,50,2,1,"{""componentJson"": [{""id"": 4321, ""displayOrder"": 1}]}","2025-01-01 00:00:22","2075-01-01 00:00:22",1,2,back-to-work,/catalog,"",BACK TO WORK,0,0,22220,false,false,0,"2026-02-17 21:37:15.381791",false
2247,[OLD] back-to-work,50,2,1,"{""componentJson"": [{""id"": 4321, ""displayOrder"": 1}]}","2025-01-01 00:00:22","2075-01-01 00:00:22",1,2,back-to-work,/catalog,"",BACK TO WORK,0,0,22221,false,false,0,"2026-02-17 21:37:15.455082",false
2248,[OLD] cadouri-craciun-christmas,50,7,1,"{""componentJson"": [{""id"": 4322, ""displayOrder"": 1}]}","2025-01-01 00:00:22","2075-01-01 00:00:22",1,2,cadouri-craciun-christmas,/catalog,"",Cadouri Craciun Christmas,0,0,22222,false,false,0,"2026-02-17 21:37:15.537169",false
2249,[OLD] noel-christmas-newyear,50,2,1,"{""componentJson"": [{""id"": 4323, ""displayOrder"": 1}]}","2025-01-01 00:00:22","2075-01-01 00:00:22",1,2,noel-christmas-newyear,/catalog,"",Noel Christmas Newyear,0,0,22223,false,false,0,"2026-02-17 21:37:15.635886",false
2250,[OLD] Noel Christmas Newyear,50,2,1,"{""componentJson"": [{""id"": 4323, ""displayOrder"": 1}]}","2025-01-01 00:00:22","2075-01-01 00:00:22",1,2,Noel Christmas Newyear,/catalog,"",Noel Christmas Newyear,0,0,22224,false,false,0,"2026-02-17 21:37:15.708048",false
2251,[OLD] noel-christmas-newyear,50,2,1,"{""componentJson"": [{""id"": 4324, ""displayOrder"": 1}]}","2025-01-01 00:00:22","2075-01-01 00:00:22",1,2,noel-christmas-newyear,/catalog,"",Noel Christmas Newyear,0,0,22225,false,false,0,"2026-02-17 21:37:15.794606",false
2252,[OLD] sale-lp-test2,50,7,1,"{""componentJson"": [{""id"": 4325, ""displayOrder"": 1}]}","2025-01-01 00:00:22","2075-01-01 00:00:22",1,2,sale-lp-test2,/catalog,"",test,0,0,22226,false,false,0,"2026-02-17 21:37:15.888276",false
2253,[OLD] sale-lp,50,2,1,"{""componentJson"": [{""id"": 4326, ""displayOrder"": 1}]}","2025-01-01 00:00:22","2075-01-01 00:00:22",1,2,sale-lp,/catalog,"",SALE LP,0,0,22227,false,false,0,"2026-02-17 21:37:15.972254",false
2254,[OLD] sale-lp,50,7,1,"{""componentJson"": [{""id"": 4327, ""displayOrder"": 1}]}","2025-01-01 00:00:22","2075-01-01 00:00:22",1,2,sale-lp,/catalog,"",SALE LP,0,0,22228,false,false,0,"2026-02-17 21:37:16.055921",false
2255,[OLD] sale-lp,50,2,1,"{""componentJson"": [{""id"": 4328, ""displayOrder"": 1}]}","2025-01-01 00:00:22","2075-01-01 00:00:22",1,2,sale-lp,/catalog,"",SALE LP,0,0,22229,false,false,0,"2026-02-17 21:37:16.139694",false
2256,[OLD] beach-bg-bu,50,2,1,"{""componentJson"": [{""id"": 4329, ""displayOrder"": 1}]}","2025-01-01 00:00:22","2075-01-01 00:00:22",1,2,beach-bg-bu,/catalog,"",Beach LP,0,0,22230,false,false,0,"2026-02-17 21:37:16.219795",false
2257,[OLD] beach-bg-bu,50,7,1,"{""componentJson"": [{""id"": 4330, ""displayOrder"": 1}]}","2025-01-01 00:00:22","2075-01-01 00:00:22",1,2,beach-bg-bu,/catalog,"",Beach LP,0,0,22231,false,false,0,"2026-02-17 21:37:16.302684",false
2258,[OLD] beach-bg-bu,50,7,1,"{""componentJson"": [{""id"": 4330, ""displayOrder"": 1}]}","2025-01-01 00:00:22","2075-01-01 00:00:22",1,2,beach-bg-bu,/catalog,"",Beach LP,0,0,22232,false,false,0,"2026-02-17 21:37:16.374995",false
2259,[OLD] beach-bg-bu,50,2,1,"{""componentJson"": [{""id"": 4331, ""displayOrder"": 1}]}","2025-01-01 00:00:22","2075-01-01 00:00:22",1,2,beach-bg-bu,/catalog,"",Beach LP,0,0,22233,false,false,0,"2026-02-17 21:37:16.455324",false
2260,[OLD] beach-ck-cu,50,7,1,"{""componentJson"": [{""id"": 4332, ""displayOrder"": 1}]}","2025-01-01 00:00:22","2075-01-01 00:00:22",1,2,beach-ck-cu,/catalog,"",Beach LP,0,0,22234,false,false,0,"2026-02-17 21:37:16.538643",false
2261,[OLD] beach-ck-cu,50,2,1,"{""componentJson"": [{""id"": 4333, ""displayOrder"": 1}]}","2025-01-01 00:00:22","2075-01-01 00:00:22",1,2,beach-ck-cu,/catalog,"",Beach LP,0,0,22235,false,false,0,"2026-02-17 21:37:16.626176",false
2262,[OLD] beach-ck-cu,50,2,1,"{""componentJson"": [{""id"": 4334, ""displayOrder"": 1}]}","2025-01-01 00:00:22","2075-01-01 00:00:22",1,2,beach-ck-cu,/catalog,"",Beach LP,0,0,22236,false,false,0,"2026-02-17 21:37:16.709223",false
2263,[OLD] beach-ck-cu,50,2,1,"{""componentJson"": [{""id"": 4335, ""displayOrder"": 1}]}","2025-01-01 00:00:22","2075-01-01 00:00:22",1,2,beach-ck-cu,/catalog,"",Beach LP,0,0,22237,false,false,0,"2026-02-17 21:37:16.789041",false
2264,[OLD] WEB-SALE-LP-ROEN,50,2,1,"{""componentJson"": [{""id"": 4336, ""displayOrder"": 1}, {""id"": 4337, ""displayOrder"": 2}]}","2025-07-22 08:53:31.697705","2029-12-31 21:00:00",1,2,sale-lp,/catalog,SALE LP,SALE LP,0,0,22719,false,true,0,"2026-02-17 21:37:16.918622",false
2265,[OLD] WEB-SALE-LP-RO,50,7,1,"{""componentJson"": [{""id"": 4338, ""displayOrder"": 1}, {""id"": 4339, ""displayOrder"": 2}]}","2025-07-22 08:54:15.326812","2033-12-31 21:00:00",1,2,sale-lp,/catalog,SALE-LP,SALE-LP,0,0,22720,false,true,0,"2026-02-17 21:37:17.0483",false
2266,[OLD] APP-SALE-LP-ROEN-1,50,2,1,"{""componentJson"": [{""id"": 4340, ""displayOrder"": 1}, {""id"": 4341, ""displayOrder"": 2}, {""id"": 4342, ""displayOrder"": 3}, {""id"": 4343, ""displayOrder"": 4}]}","2025-07-22 08:53:40.693003","2032-12-31 21:00:00",1,2,sale-lp-nt,/catalog,SALE-LP,SALE-LP,0,0,22725,true,true,0,"2026-02-17 21:37:17.280124",false
2267,[OLD] APP-SALE-LP-RO-1,50,7,1,"{""componentJson"": [{""id"": 4344, ""displayOrder"": 1}, {""id"": 4345, ""displayOrder"": 2}, {""id"": 4346, ""displayOrder"": 3}, {""id"": 4347, ""displayOrder"": 4}]}","2025-07-22 08:54:09.555283","2032-12-31 21:00:00",1,2,sale-lp-nt,/catalog,SALE-LP,SALE-LP,0,0,22726,true,true,0,"2026-02-17 21:37:17.501807",false
2268,[OLD] WEB BEACH LP BG-BU,50,2,1,"{""componentJson"": [{""id"": 4348, ""displayOrder"": 1}]}","2025-07-31 13:27:05.497192","2033-12-31 21:00:00",1,2,beach-bg-bu,/catalog,Beach LP BG-BU,Beach LP BG-BU,0,0,22727,false,true,0,"2026-02-17 21:37:17.587041",false
2269,[OLD] WEB BEACH LP CK-CU,50,2,1,"{""componentJson"": [{""id"": 4349, ""displayOrder"": 1}]}","2025-07-31 13:33:53.393256","2029-12-31 21:00:00",1,2,beach-ck-cu,/catalog,Beach LP CK-CU,Beach LP CK-CU,0,0,22728,false,true,0,"2026-02-17 21:37:17.667076",false
2270,[OLD] APP BEACH LP CK-CU,50,2,1,"{""componentJson"": [{""id"": 4051, ""displayOrder"": 1}, {""id"": 4052, ""displayOrder"": 2}, {""id"": 4053, ""displayOrder"": 3}, {""id"": 4054, ""displayOrder"": 4}, {""id"": 4055, ""displayOrder"": 5}]}","2025-07-18 12:55:10.333422","2033-12-31 21:00:00",1,2,beach-ck-cu-nt,/catalog,Beach LP CK-CU,Beach LP CK-CU,0,0,22729,true,true,0,"2026-02-17 21:37:17.930073",false
2271,[OLD] APP BEACH LP BG-BU,50,2,1,"{""componentJson"": [{""id"": 4350, ""displayOrder"": 1}, {""id"": 4351, ""displayOrder"": 2}, {""id"": 4352, ""displayOrder"": 3}]}","2025-07-18 12:55:37.997711","2032-12-31 21:00:00",1,2,beach-bg-bu-nt,/catalog,Beach LP BG-BU,Beach LP BG-BU,0,0,22730,true,true,0,"2026-02-17 21:37:18.140923",false
2272,[OLD] WEB BEACH LP BG-BU,50,7,1,"{""componentJson"": [{""id"": 4353, ""displayOrder"": 1}]}","2025-07-31 13:27:43.232844","2029-12-31 21:00:00",1,2,beach-bg-bu,/catalog,Beach LP BG-BU,Beach LP BG-BU,0,0,22731,false,true,0,"2026-02-17 21:37:18.236959",false
2273,[OLD] APP BEACH LP BG-BU,50,7,1,"{""componentJson"": [{""id"": 4354, ""displayOrder"": 1}, {""id"": 4355, ""displayOrder"": 2}, {""id"": 4356, ""displayOrder"": 3}]}","2025-07-18 12:59:17.889323","2033-12-31 21:00:00",1,2,beach-bg-bu-nt,/catalog,Beach LP BG-BU,Beach LP BG-BU,0,0,22732,true,true,0,"2026-02-17 21:37:18.421899",false
2274,[OLD] WEB BEACH LP CK-CU,50,7,1,"{""componentJson"": [{""id"": 4357, ""displayOrder"": 1}]}","2025-07-31 13:40:23.060424","2033-12-31 21:00:00",1,2,beach-ck-cu,/catalog,Beach LP CK-CU,Beach LP CK-CU,0,0,22733,false,true,0,"2026-02-17 21:37:18.503363",false
2275,[OLD] APP BEACH LP CK-CU,50,7,1,"{""componentJson"": [{""id"": 4051, ""displayOrder"": 1}, {""id"": 4052, ""displayOrder"": 2}, {""id"": 4053, ""displayOrder"": 3}, {""id"": 4054, ""displayOrder"": 4}, {""id"": 4055, ""displayOrder"": 5}]}","2025-07-18 12:59:35.610015","2033-12-31 21:00:00",1,2,beach-ck-cu-nt,/catalog,Beach LP CK-CU,Beach LP CK-CU,0,0,22734,true,true,0,"2026-02-17 21:37:18.724662",false
2276,[OLD] TEST-KUBRA-LANDING-RO-EN TEMPLATE NAME,50,2,1,"{""componentJson"": [{""id"": 4358, ""displayOrder"": 1}, {""id"": 4359, ""displayOrder"": 2}]}","2025-07-27 23:52:55","2030-01-31 10:00:00",1,2,test-kubra-landing-ro-en,/catalog,test-kubra-landing-ro-en Meta Title,test-kubra-landing-ro-en Meta Desc.,0,0,22932,false,true,0,"2026-02-17 21:37:18.85955",false
2277,[OLD] ROMANYA-RO-TEST-LANDING TEMPLATE NAME,50,7,1,"{""componentJson"": [{""id"": 4360, ""displayOrder"": 1}]}","2025-07-28 00:17:17","2031-01-31 10:00:00",1,2,romanya-ro-test-landing,/catalog,romanya-ro-test-landing Meta title,romanya-ro-test-landing MEta Desc,0,0,22933,false,true,0,"2026-02-17 21:37:18.950854",false
2278,[OLD] APP-DEAL-ZONE,50,2,1,"{""componentJson"": [{""id"": 4361, ""displayOrder"": 1}, {""id"": 4362, ""displayOrder"": 2}]}","2025-10-02 11:45:23.487664","2029-12-31 21:00:00",1,2,deal-zone-nt,/catalog,DEAL ZONE,DEAL ZONE,0,0,25023,true,false,0,"2026-02-17 21:37:19.087229",false
2279,[OLD] DEAL ZONE,50,7,1,"{""componentJson"": [{""id"": 4363, ""displayOrder"": 1}, {""id"": 4364, ""displayOrder"": 2}]}","2025-10-02 11:44:58.763468","2033-12-31 21:00:00",1,2,deal-zone-nt,/catalog,DEAL ZONE,DEAL ZONE,0,0,25070,true,false,0,"2026-02-17 21:37:19.215001",false
2280,[OLD] DEAL ZONE RO,50,7,1,"{""componentJson"": [{""id"": 4365, ""displayOrder"": 1}, {""id"": 4366, ""displayOrder"": 2}, {""id"": 4364, ""displayOrder"": 3}]}","2025-09-23 08:32:10.919407","2029-12-31 21:00:00",1,2,deal-zone-ro-nt,/catalog,DEAL ZONE,DEAL ZONE,0,0,25071,true,false,0,"2026-02-17 21:37:19.398249",false
2281,[OLD] DEAL ZONE APP,50,7,1,"{""componentJson"": [{""id"": 4365, ""displayOrder"": 1}, {""id"": 4366, ""displayOrder"": 2}, {""id"": 4364, ""displayOrder"": 3}]}","2025-09-23 08:35:39","2029-12-31 21:00:00",1,2,dealzone-nt,/lp,DEAL ZONE APP,DEAL ZONE APP,0,0,25332,true,false,0,"2026-02-17 21:37:19.547099",false
2282,[OLD] DEAL-ZONE- APP,50,7,1,"{""componentJson"": [{""id"": 4365, ""displayOrder"": 1}, {""id"": 4366, ""displayOrder"": 2}, {""id"": 4364, ""displayOrder"": 3}]}","2025-09-23 12:33:36.668552","2029-12-31 21:00:00",1,2,dealzone-nt,/lp,DEAL ZONE APP,DEAL ZONE APP,0,0,25368,false,false,0,"2026-02-17 21:37:19.698245",false
2283,[OLD] DEAL-ZONE-APP-LP,50,7,1,"{""componentJson"": [{""id"": 4365, ""displayOrder"": 1}, {""id"": 4366, ""displayOrder"": 2}, {""id"": 4364, ""displayOrder"": 3}]}","2025-09-23 12:38:37.03473","2029-12-31 21:00:00",1,2,dealzone-nt,/catalog,DEAL ZONE APP,DEAL ZONE APP,0,0,25371,true,false,0,"2026-02-17 21:37:19.85208",false
2284,[OLD] APP-CHRISTMAS-LP-ROEN,50,2,1,"{""componentJson"": [{""id"": 4168, ""displayOrder"": 1}]}","2025-11-18 09:13:08.400078","2029-12-31 22:00:00",1,2,christmas-nt,/catalog,Merry Christmas,Merry Christmas,0,0,114144,true,false,0,"2026-02-17 21:37:19.926951",false
2285,[OLD] WEB-CHRISTMAS-LP-ROEN,50,2,1,"{""componentJson"": [{""id"": 4367, ""displayOrder"": 1}]}","2025-11-18 09:13:45.84285","2029-12-31 22:00:00",1,2,christmas,/catalog,Merry Christmas,Merry Christmas,0,0,114145,false,false,0,"2026-02-17 21:37:20.009656",false
2286,[OLD] WEB-CHRISTMAS-LP-RO,50,7,1,"{""componentJson"": [{""id"": 4368, ""displayOrder"": 1}]}","2025-11-14 19:53:52.748936","2029-12-31 22:00:00",1,2,christmas,/catalog,Merry Christmas,Merry Christmas,0,0,114146,false,false,0,"2026-02-17 21:37:20.103876",false
2287,[OLD] APP-CHRISTMAS-LP-RO,50,7,1,"{""componentJson"": [{""id"": 4169, ""displayOrder"": 1}]}","2025-11-14 19:53:48.028684","2029-12-31 22:00:00",1,2,christmas-nt,/catalog,Merry Christmas,Merry Christmas,0,0,114147,true,false,0,"2026-02-17 21:37:20.212642",false
2288,[OLD] CHRISTMAS HOME APP,50,2,1,"{""componentJson"": [{""id"": 4369, ""displayOrder"": 1}, {""id"": 4370, ""displayOrder"": 2}, {""id"": 4371, ""displayOrder"": 3}]}","2025-12-03 14:42:07.557937","2029-12-31 22:00:00",1,2,christmas-home-nt,/catalog,New Year Home,New Year Home,0,0,116933,true,false,0,"2026-02-17 21:37:20.412727",false
2289,[OLD] CHRISTMAS HOME,50,2,1,"{""componentJson"": [{""id"": 4372, ""displayOrder"": 1}, {""id"": 4373, ""displayOrder"": 2}, {""id"": 4374, ""displayOrder"": 3}, {""id"": 4375, ""displayOrder"": 4}, {""id"": 4376, ""displayOrder"": 5}]}","2025-12-03 14:42:10.80614","2026-12-03 15:37:11",1,2,christmas-home,/catalog,Christmas Home,Christmas Home,0,0,116934,false,false,0,"2026-02-17 21:37:20.709757",false
2290,[OLD] CHRISTMAS HOME APP,50,7,1,"{""componentJson"": [{""id"": 4377, ""displayOrder"": 1}, {""id"": 4378, ""displayOrder"": 2}, {""id"": 4379, ""displayOrder"": 3}]}","2025-12-03 14:38:59","2029-12-31 22:00:00",1,2,christmas-home-nt,/catalog,Christmas Home,Christmas Home,0,0,116935,true,false,0,"2026-02-17 21:37:20.913768",false
2291,[OLD] CHRISTMAS HOME,50,7,1,"{""componentJson"": [{""id"": 4380, ""displayOrder"": 1}, {""id"": 4381, ""displayOrder"": 2}, {""id"": 4382, ""displayOrder"": 3}, {""id"": 4383, ""displayOrder"": 4}, {""id"": 4384, ""displayOrder"": 5}]}","2025-12-03 14:39:01","2033-12-31 22:00:00",1,2,christmas-home,/catalog,Christmas Home,Christmas Home,0,0,116936,false,false,0,"2026-02-17 21:37:21.188909",false
2292,[OLD] WINTER LP APP,50,2,1,"{""componentJson"": [{""id"": 4385, ""displayOrder"": 1}, {""id"": 4386, ""displayOrder"": 2}]}","2025-12-03 17:54:11","2029-12-31 22:00:00",1,2,winter-lp-nt,/catalog,Winter LP,Winter LP,0,0,116982,true,false,0,"2026-02-17 21:37:21.324956",false
2293,[OLD] WINTER LP,50,2,1,"{""componentJson"": [{""id"": 4387, ""displayOrder"": 1}, {""id"": 4388, ""displayOrder"": 2}]}","2025-12-03 17:54:21","2026-12-03 15:37:11",1,2,winter-lp,/catalog,Winter LP,Winter LP,0,0,116983,false,false,0,"2026-02-17 21:37:21.465244",false
2294,[OLD] WINTER LP APP,50,7,1,"{""componentJson"": [{""id"": 4389, ""displayOrder"": 1}, {""id"": 4390, ""displayOrder"": 2}]}","2025-12-03 17:56:43","2029-12-31 22:00:00",1,2,winter-lp-nt,/catalog,Winter LP App,Winter LP App,0,0,116984,true,false,0,"2026-02-17 21:37:21.593909",false
2295,[OLD] WINTER LP,50,7,1,"{""componentJson"": [{""id"": 4391, ""displayOrder"": 1}, {""id"": 4392, ""displayOrder"": 2}]}","2025-12-03 17:56:45","2033-12-31 22:00:00",1,2,winter-lp,/catalog,Winter LP,Winter LP,0,0,116985,false,false,0,"2026-02-17 21:37:21.723954",false
2300,[OLD] PILOT-IQ-TEST-HOMEPAGE,13,14,1,"{""componentJson"": [{""id"": 4409, ""displayOrder"": 1}, {""id"": 4410, ""displayOrder"": 2}, {""id"": 4411, ""displayOrder"": 3}, {""id"": 4412, ""displayOrder"": 4}, {""id"": 4413, ""displayOrder"": 5}, {""id"": 4414, ""displayOrder"": 6}]}","2025-10-22 23:33:28.74061","2035-10-22 23:34:14.588163",1,8,"","","","",326,0,23,false,false,0,"2026-02-17 21:37:37.275437",false
2301,[OLD] KIDS-BABY-IREN,13,2,1,"{""componentJson"": [{""id"": 4415, ""displayOrder"": 1}, {""id"": 4416, ""displayOrder"": 2}, {""id"": 4417, ""displayOrder"": 3}, {""id"": 4418, ""displayOrder"": 4}, {""id"": 4419, ""displayOrder"": 5}, {""id"": 4420, ""displayOrder"": 6}, {""id"": 4421, ""displayOrder"": 7}, {""id"": 4422, ""displayOrder"": 8}]}","2025-10-11 16:27:25.229899","2035-08-28 11:56:39",1,8,"","","","",25,0,23738,false,false,0,"2026-02-17 21:37:37.744298",false
2302,[OLD] APP-KIDS-BABY-IREN,13,2,1,"{""componentJson"": [{""id"": 4423, ""displayOrder"": 1}, {""id"": 4424, ""displayOrder"": 2}, {""id"": 4425, ""displayOrder"": 3}, {""id"": 4426, ""displayOrder"": 4}, {""id"": 4427, ""displayOrder"": 5}, {""id"": 4428, ""displayOrder"": 6}, {""id"": 4429, ""displayOrder"": 7}, {""id"": 4430, ""displayOrder"": 8}]}","2025-10-13 07:49:40.597264","2035-08-28 12:01:18",1,8,"","","","",30,1,23743,true,false,0,"2026-02-17 21:37:38.378657",false
2303,[OLD] KIDS-BABY-IRAR,13,14,1,"{""componentJson"": [{""id"": 4431, ""displayOrder"": 1}, {""id"": 4432, ""displayOrder"": 2}, {""id"": 4433, ""displayOrder"": 3}, {""id"": 4434, ""displayOrder"": 4}, {""id"": 4435, ""displayOrder"": 5}, {""id"": 4436, ""displayOrder"": 6}, {""id"": 4437, ""displayOrder"": 7}, {""id"": 4438, ""displayOrder"": 8}]}","2025-10-11 16:29:17.562192","2035-09-02 11:03:37",1,8,"","","","",80,0,24265,false,false,0,"2026-02-17 21:37:38.833577",false
2298,[OLD] COMFY AT HOME,50,7,126,"{""componentJson"": [{""id"": 7602, ""status"": true, ""displayOrder"": 1}, {""id"": 7604, ""status"": true, ""displayOrder"": 2}, {""id"": 7605, ""status"": true, ""displayOrder"": 3}, {""id"": 7606, ""status"": true, ""displayOrder"": 4}]}","2026-01-13 06:19:10.241","2029-12-31 21:00:00",1,2,comfy-at-home,/catalog,"","",0,0,0,false,false,1,"2026-02-17 21:37:22.45482",false
2297,[OLD] APP COMFY AT HOME,50,2,126,"{""componentJson"": [{""id"": 7603, ""status"": true, ""displayOrder"": 1}]}","2026-01-13 06:18:01","2033-12-31 21:00:00",1,2,comfy-at-home-nt,/catalog,"","",0,1,0,true,false,1,"2026-02-17 21:37:22.17619",false
2304,[OLD] KIDS-BABY-IRKU,13,13,1,"{""componentJson"": [{""id"": 4439, ""displayOrder"": 1}, {""id"": 4440, ""displayOrder"": 2}, {""id"": 4441, ""displayOrder"": 3}, {""id"": 4434, ""displayOrder"": 4}, {""id"": 4435, ""displayOrder"": 5}, {""id"": 4442, ""displayOrder"": 6}, {""id"": 4443, ""displayOrder"": 7}, {""id"": 4444, ""displayOrder"": 8}]}","2025-10-11 16:30:49.940907","2035-09-02 12:22:37",1,8,"","","","",86,0,24283,false,false,0,"2026-02-17 21:37:39.270422",false
2305,[OLD] APP-KIDS-BABY-IRAR,13,14,1,"{""componentJson"": [{""id"": 4445, ""displayOrder"": 1}, {""id"": 4446, ""displayOrder"": 2}, {""id"": 4447, ""displayOrder"": 3}, {""id"": 4448, ""displayOrder"": 4}, {""id"": 4449, ""displayOrder"": 5}, {""id"": 4450, ""displayOrder"": 6}, {""id"": 4451, ""displayOrder"": 7}, {""id"": 4452, ""displayOrder"": 8}]}","2025-10-13 07:50:23.312701","2035-09-12 13:57:20",1,8,"","","","",165,1,24816,true,false,0,"2026-02-17 21:37:39.723446",false
2306,[OLD] APP-HOMEPAGE-IRKU,13,13,1,"{""componentJson"": [{""id"": 4453, ""displayOrder"": 1}, {""id"": 4454, ""displayOrder"": 2}]}","2025-11-03 11:55:57.249442","2035-09-12 13:59:38",1,8,"","","","",372,1,24818,true,false,0,"2026-02-17 21:37:39.85816",false
2307,[OLD] APP-KIDS-BABY-IRKU,13,13,1,"{""componentJson"": [{""id"": 4455, ""displayOrder"": 1}, {""id"": 4456, ""displayOrder"": 2}, {""id"": 4457, ""displayOrder"": 3}, {""id"": 4458, ""displayOrder"": 4}, {""id"": 4459, ""displayOrder"": 5}, {""id"": 4460, ""displayOrder"": 6}, {""id"": 4461, ""displayOrder"": 7}, {""id"": 4462, ""displayOrder"": 8}]}","2025-10-13 07:52:35.348803","2035-09-12 14:02:20",1,8,"","","","",170,1,24821,true,false,0,"2026-02-17 21:37:40.373377",false
2308,[OLD] APP-NEWYEAR-HOME-IRKU,13,13,1,"{""componentJson"": [{""id"": 4463, ""displayOrder"": 1}]}","2025-11-28 11:01:28.385089","2035-11-28 11:01:29.708438",1,8,newyear-nt,/کەتەلۆگ,Newyear,Newyear,477,1,116133,true,false,0,"2026-02-17 21:37:40.473484",false
2309,[OLD] APP-NEWYEAR-IRAR-HOME,13,14,1,"{""componentJson"": [{""id"": 4464, ""displayOrder"": 1}]}","2025-11-28 11:01:49.813338","2035-11-28 11:02:00.505789",1,8,newyear-nt,/قائمة,Newyear,Newyear,476,1,116134,true,false,0,"2026-02-17 21:37:40.571839",false
2310,[OLD] APP-NEWYEAR-IREN-HOME,13,2,1,"{""componentJson"": [{""id"": 4465, ""displayOrder"": 1}]}","2025-11-28 11:02:11.919023","2035-11-28 11:02:29.705926",1,8,newyear-nt,/catalog,Newyear,Newyear,475,1,116135,true,false,0,"2026-02-17 21:37:40.654661",false
2311,[OLD] APP-HOMEPAGE-IREN-010126,13,2,1,"{""componentJson"": [{""id"": 4466, ""displayOrder"": 1}, {""id"": 4467, ""displayOrder"": 2}, {""id"": 4468, ""displayOrder"": 3}]}","2026-01-02 10:02:22.398767","2036-01-01 06:02:36",1,8,"","","","",27,1,120035,true,false,0,"2026-02-17 21:37:40.840562",false
2312,[OLD] HOMEPAGE-IREN-010126,13,2,1,"{""componentJson"": [{""id"": 4469, ""displayOrder"": 1}, {""id"": 4470, ""displayOrder"": 2}, {""id"": 4184, ""displayOrder"": 3}, {""id"": 4185, ""displayOrder"": 4}]}","2026-01-02 10:02:27.498262","2036-01-01 06:02:59",1,8,"","","","",1,0,120036,false,false,0,"2026-02-17 21:37:41.075988",false
2313,[OLD] APP-HOMEPAGE-IRAR-010126,13,14,1,"{""componentJson"": [{""id"": 4471, ""displayOrder"": 1}, {""id"": 4472, ""displayOrder"": 2}, {""id"": 4473, ""displayOrder"": 3}]}","2026-01-02 10:05:23.813796","2036-01-01 06:00:59",1,8,"","","","",162,1,120039,true,false,0,"2026-02-17 21:37:41.279245",false
2314,[OLD] HOMEPAGE-IRAR-010126,13,14,1,"{""componentJson"": [{""id"": 4474, ""displayOrder"": 1}, {""id"": 4475, ""displayOrder"": 2}, {""id"": 4476, ""displayOrder"": 3}, {""id"": 4477, ""displayOrder"": 4}]}","2026-01-02 10:05:27.811308","2036-01-01 06:01:42",1,8,"","","","",77,0,120040,false,false,0,"2026-02-17 21:37:41.536585",false
2315,[OLD] APP-HOMEPAGE-010126,13,13,1,"{""componentJson"": [{""id"": 4478, ""displayOrder"": 1}, {""id"": 4479, ""displayOrder"": 2}, {""id"": 4480, ""displayOrder"": 3}]}","2026-01-02 10:09:09.464019","2036-01-01 06:03:57",1,8,"","","","",167,1,120050,true,false,0,"2026-02-17 21:37:41.737732",false
2316,[OLD] WEB-HOMEPAGE-010126,13,13,1,"{""componentJson"": [{""id"": 4481, ""displayOrder"": 1}, {""id"": 4482, ""displayOrder"": 2}, {""id"": 4483, ""displayOrder"": 3}, {""id"": 4484, ""displayOrder"": 4}]}","2026-01-02 10:09:16.630953","2036-01-01 06:04:42",1,8,"","","","",82,0,120051,false,false,0,"2026-02-17 21:37:41.980008",false
2325,[OLD] APP-BOYS-IRAR-010126,13,14,1,"{""componentJson"": [{""id"": 4493, ""displayOrder"": 1}]}","2026-02-17 09:57:01.99783","2026-02-23 10:21:04.930159",4,8,"","","","",305,1,120531,true,false,0,"2026-02-17 21:37:42.783223",false
2319,[OLD] WEB-BOYS-IREN-010126,13,2,1,"{""componentJson"": [{""id"": 4487, ""displayOrder"": 1}]}","2026-02-17 09:55:33.576776","2026-02-23 10:26:49.96357",4,8,"","","","",302,0,120524,false,false,0,"2026-02-17 21:37:42.239944",false
2326,[OLD] BOYS-IRAR-010126,13,14,1,"{""componentJson"": [{""id"": 4494, ""displayOrder"": 1}]}","2026-02-17 09:56:55.475408","2026-02-23 10:27:21.445936",4,8,"","","","",304,0,120534,false,false,0,"2026-02-17 21:37:42.880932",false
2327,[OLD] BABY-IRAR-010126,13,14,1,"{""componentJson"": [{""id"": 4495, ""displayOrder"": 1}]}","2026-02-17 05:25:23.268826","2026-02-23 12:50:22.981003",4,8,"","","","",313,0,120535,false,false,0,"2026-02-17 21:37:42.98927",false
2322,[OLD] BABY-IREN-010126,13,2,1,"{""componentJson"": [{""id"": 4490, ""displayOrder"": 1}]}","2026-02-17 04:56:54.969061","2026-02-23 12:50:50.086376",4,8,"","","","",309,0,120528,false,false,0,"2026-02-17 21:37:42.501415",false
2321,[OLD] APP-BABY-IREN-010126,13,2,1,"{""componentJson"": [{""id"": 4489, ""displayOrder"": 1}]}","2026-02-17 04:56:48.682429","2026-02-23 12:55:25.866286",4,8,"","","","",311,1,120526,true,false,0,"2026-02-17 21:37:42.416367",false
2324,[OLD] GIRLS-IRAR-010126,13,14,1,"{""componentJson"": [{""id"": 4492, ""displayOrder"": 1}]}","2026-02-16 03:08:02","2026-02-23 13:38:26.440068",4,8,"","","","",312,0,120530,false,false,0,"2026-02-17 21:37:42.686712",false
2317,[OLD] GIRLS-IREN-010126,13,2,1,"{""componentJson"": [{""id"": 4485, ""displayOrder"": 1}]}","2026-02-16 03:05:41","2026-02-23 13:38:50.948105",4,8,"","","","",308,0,120522,false,false,0,"2026-02-17 21:37:42.065743",false
2323,[OLD] APP-GIRLS-IRAR-010126,13,14,1,"{""componentJson"": [{""id"": 4491, ""displayOrder"": 1}]}","2026-02-16 03:07:56.593887","2026-02-23 13:47:20.160407",4,8,"","","","",315,1,120529,true,false,0,"2026-02-17 21:37:42.587828",false
2318,[OLD] APP-GIRLS-IREN-010126,13,2,1,"{""componentJson"": [{""id"": 4486, ""displayOrder"": 1}]}","2026-02-16 03:05:32","2026-02-23 13:47:42.712348",4,8,"","","","",310,1,120523,true,false,0,"2026-02-17 21:37:42.147963",false
2349,[OLD] APP-DEALZONE-080126,13,14,126,"{""componentJson"": [{""id"": 8213, ""isActive"": true, ""displayOrder"": 1}, {""id"": 7600, ""isActive"": true, ""displayOrder"": 2}, {""id"": 7291, ""isActive"": true, ""displayOrder"": 3}, {""id"": 7314, ""isActive"": true, ""displayOrder"": 4}, {""id"": 7229, ""isActive"": true, ""displayOrder"": 5}, {""id"": 7235, ""isActive"": true, ""displayOrder"": 6}, {""id"": 4530, ""isActive"": true, ""displayOrder"": 7}, {""id"": 7237, ""isActive"": true, ""displayOrder"": 8}]}","2026-02-06 05:25:17.261","2036-01-08 08:22:57",1,8,"","","","",166,1,0,true,false,1,"2026-02-17 21:37:45.841791",false
2344,[OLD] WOMEN-IRAR-010126,13,14,17,"{""componentJson"": [{""id"": 4512, ""displayOrder"": 1}, {""id"": 7232, ""displayOrder"": 2}]}","2026-02-17 09:30:22.312","2026-02-23 06:59:08.719781",4,8,"","","","",78,0,0,false,false,1,"2026-02-17 21:37:44.566477",false
2342,[OLD] WOMEN-IRKU-010126,13,13,17,"{""componentJson"": [{""id"": 4510, ""displayOrder"": 1}, {""id"": 7232, ""displayOrder"": 2}]}","2026-02-17 09:31:25.919","2026-02-23 06:59:13.435527",4,8,"","","","",84,0,0,false,false,1,"2026-02-17 21:37:44.37573",false
2346,[OLD] WOMEN-IREN-010126,13,2,17,"{""componentJson"": [{""id"": 4514, ""displayOrder"": 1}, {""id"": 7232, ""displayOrder"": 2}]}","2026-02-17 09:29:41.383","2026-02-23 07:02:02.443836",4,8,"","","","",23,0,0,false,false,1,"2026-02-17 21:37:44.752056",false
2343,[OLD] APP-WOMEN-IRAR-010126,13,14,17,"{""componentJson"": [{""id"": 4511, ""displayOrder"": 1}, {""id"": 7231, ""displayOrder"": 2}]}","2026-02-17 09:30:27.44","2026-02-23 07:05:17.007339",4,8,"","","","",163,1,0,true,false,1,"2026-02-17 21:37:44.479492",false
2341,[OLD] APP-WOMEN-IRKU-010126,13,13,17,"{""componentJson"": [{""id"": 4509, ""displayOrder"": 1}, {""id"": 7231, ""displayOrder"": 2}]}","2026-02-17 09:31:32.16","2026-02-23 07:05:22.153945",4,8,"","","","",168,1,0,true,false,1,"2026-02-17 21:37:44.291399",false
2345,[OLD] APP-WOMEN-IREN-010126,13,2,17,"{""componentJson"": [{""id"": 4513, ""displayOrder"": 1}, {""id"": 7231, ""displayOrder"": 2}]}","2026-02-17 09:29:47.113","2026-02-23 07:05:26.757826",4,8,"","","","",28,1,0,true,false,1,"2026-02-17 21:37:44.664982",false
2332,[OLD] APP-BOYS-IRKU-010126,13,13,1,"{""componentJson"": [{""id"": 4500, ""displayOrder"": 1}]}","2026-02-17 09:56:17.240246","2026-02-23 10:20:27.162226",4,8,"","","","",307,1,120540,true,false,0,"2026-02-17 21:37:43.490552",false
2331,[OLD] WEB-BOYS-IRKU-010126,13,13,1,"{""componentJson"": [{""id"": 4499, ""displayOrder"": 1}]}","2026-02-17 09:56:12.26402","2026-02-23 10:27:08.694306",4,8,"","","","",306,0,120539,false,false,0,"2026-02-17 21:37:43.405539",false
2335,[OLD] MEN-IREN-010126,13,2,1,"{""componentJson"": [{""id"": 4503, ""displayOrder"": 1}]}","2026-02-17 08:52:19.764","2026-02-23 12:25:38.432045",4,8,"","","","",24,0,120543,false,false,0,"2026-02-17 21:37:43.744351",false
2338,[OLD] MEN-IRAR-010126,13,14,1,"{""componentJson"": [{""id"": 4506, ""displayOrder"": 1}]}","2026-02-17 08:56:00.022667","2026-02-23 12:41:26.123288",4,8,"","","","",79,0,120547,false,false,0,"2026-02-17 21:37:44.018883",false
2340,[OLD] MEN-IRKU-010126,13,13,1,"{""componentJson"": [{""id"": 4508, ""displayOrder"": 1}]}","2026-02-17 08:58:51.261595","2026-02-23 12:42:08.295012",4,8,"","","","",85,0,120549,false,false,0,"2026-02-17 21:37:44.204197",false
2333,[OLD] BABY-IRKU-010126,13,13,1,"{""componentJson"": [{""id"": 4501, ""displayOrder"": 1}]}","2026-02-17 05:27:15.913822","2026-02-23 12:50:42.828774",4,8,"","","","",319,0,120541,false,false,0,"2026-02-17 21:37:43.574534",false
2334,[OLD] APP-BABY-IRKU-010126,13,13,1,"{""componentJson"": [{""id"": 4502, ""displayOrder"": 1}]}","2026-02-17 05:27:07.868581","2026-02-23 12:55:17.283229",4,8,"","","","",318,1,120542,true,false,0,"2026-02-17 21:37:43.659675",false
2329,[OLD] GIRLS-IRKU-010126,13,13,1,"{""componentJson"": [{""id"": 4497, ""displayOrder"": 1}]}","2026-02-16 03:11:28","2026-02-23 13:38:41.192886",4,8,"","","","",316,0,120537,false,false,0,"2026-02-17 21:37:43.206873",false
2330,[OLD] APP-GIRLS-IRKU-010126,13,13,1,"{""componentJson"": [{""id"": 4498, ""displayOrder"": 1}]}","2026-02-16 03:11:21","2026-02-23 13:47:36.887123",4,8,"","","","",317,1,120538,true,false,0,"2026-02-17 21:37:43.313327",false
2337,[OLD] APP-MEN-IRAR-010126,13,14,1,"{""componentJson"": [{""id"": 4505, ""displayOrder"": 1}]}","2026-02-17 08:55:56.095715","2026-02-23 13:47:52.557578",4,8,"","","","",164,1,120546,true,false,0,"2026-02-17 21:37:43.933648",false
2339,[OLD] APP-MEN-IRKU-010126,13,13,1,"{""componentJson"": [{""id"": 4507, ""displayOrder"": 1}]}","2026-02-17 08:58:47.175139","2026-02-23 13:48:08.860697",4,8,"","","","",169,1,120548,true,false,0,"2026-02-17 21:37:44.105042",false
2336,[OLD] APP-MEN-IREN-010126,13,2,1,"{""componentJson"": [{""id"": 4504, ""displayOrder"": 1}]}","2026-02-17 08:52:26.031619","2026-02-23 13:48:17.716759",4,8,"","","","",29,1,120544,true,false,0,"2026-02-17 21:37:43.849413",false
2354,[OLD] HOME LP,13,2,1,"{""componentJson"": [{""id"": 4552, ""displayOrder"": 1}, {""id"": 4553, ""displayOrder"": 2}]}","2026-02-09 07:21:38.937949","2026-02-24 09:21:10.292341",4,8,home-lp,/catalog,HOME LP,HOME LP,535,0,121854,false,false,0,"2026-02-17 21:37:47.218096",false
2353,[OLD] APP HOME LP,13,2,1,"{""componentJson"": [{""id"": 4551, ""displayOrder"": 1}]}","2026-02-09 07:21:43.088914","2026-02-24 09:23:21.077602",4,8,home-lp-app,/catalog,APP HOME LP,APP HOME LP,534,1,121853,true,false,0,"2026-02-17 21:37:47.075115",false
2359,[OLD] IREN-LP-WOMEN,13,2,1,"{""componentJson"": [{""id"": 4560, ""displayOrder"": 1}]}","2025-02-21 12:46:27.61724","2026-02-21 12:46:26",1,2,women-denim,/catalog,Women Denim,Women Denim,0,0,20533,false,false,0,"2026-02-17 21:37:54.607154",false
2360,[OLD] IREN-LP-MEN,13,2,1,"{""componentJson"": [{""id"": 4561, ""displayOrder"": 1}]}","2025-02-21 12:46:58.353387","2026-02-21 12:46:26",1,2,men-denim,/catalog,Men Denim,Men Denim,0,0,20534,false,false,0,"2026-02-17 21:37:54.69059",false
2361,[OLD] IRKU-LP-WOMEN,13,13,1,"{""componentJson"": [{""id"": 4562, ""displayOrder"": 1}]}","2025-02-21 12:48:05.60239","2032-12-31 21:00:00",1,2,women-denim,/کەتەلۆگ,Women Denim,Women Denim,0,0,20535,false,false,0,"2026-02-17 21:37:54.788565",false
2362,[OLD] IRKU-LP-MEN,13,13,1,"{""componentJson"": [{""id"": 4563, ""displayOrder"": 1}]}","2025-02-21 12:48:05","2032-12-31 21:00:00",1,2,men-denim,/کەتەلۆگ,Men Denim,Men Denim,0,0,20536,false,false,0,"2026-02-17 21:37:54.873309",false
2363,[OLD] IRAR-LP-WOMEN,13,14,1,"{""componentJson"": [{""id"": 4564, ""displayOrder"": 1}]}","2025-02-21 12:49:31.426982","2032-12-31 21:00:00",1,2,women-denim,/قائمة,Women Denim,Women Denim,0,0,20537,false,false,0,"2026-02-17 21:37:54.955268",false
2364,[OLD] IRAR-LP-MEN,13,14,1,"{""componentJson"": [{""id"": 4565, ""displayOrder"": 1}]}","2025-02-27 10:55:31.464815","2032-12-31 21:00:00",1,2,men-denim,/قائمة,Men Denim,Men Denim,0,0,20538,false,false,0,"2026-02-17 21:37:55.040758",false
2365,[OLD] SALE-LP-IREN,13,2,1,"{""componentJson"": [{""id"": 4566, ""displayOrder"": 1}, {""id"": 4567, ""displayOrder"": 2}, {""id"": 4568, ""displayOrder"": 3}, {""id"": 4569, ""displayOrder"": 4}, {""id"": 4570, ""displayOrder"": 5}, {""id"": 4571, ""displayOrder"": 6}, {""id"": 4572, ""displayOrder"": 7}]}","2025-07-29 12:11:23.049581","2028-12-31 21:00:00",1,2,sale-lp,/catalog,sale lp,sale lp,0,0,20748,false,false,0,"2026-02-17 21:37:55.463342",false
2366,[OLD] SALE-LP-IRKU,13,13,1,"{""componentJson"": [{""id"": 4573, ""displayOrder"": 1}, {""id"": 4574, ""displayOrder"": 2}, {""id"": 4575, ""displayOrder"": 3}, {""id"": 4576, ""displayOrder"": 4}, {""id"": 4577, ""displayOrder"": 5}, {""id"": 4578, ""displayOrder"": 6}, {""id"": 4579, ""displayOrder"": 7}]}","2025-07-29 12:11:38.001635","2029-12-31 21:00:00",1,2,sale-lp,/کەتەلۆگ,sale-lp,sale-lp,0,0,20750,false,false,0,"2026-02-17 21:37:55.887023",false
2367,[OLD] SALE-LP-IRAR,13,14,1,"{""componentJson"": [{""id"": 4580, ""displayOrder"": 1}, {""id"": 4581, ""displayOrder"": 2}, {""id"": 4582, ""displayOrder"": 3}, {""id"": 4583, ""displayOrder"": 4}, {""id"": 4584, ""displayOrder"": 5}, {""id"": 4585, ""displayOrder"": 6}, {""id"": 4586, ""displayOrder"": 7}]}","2025-07-29 12:11:49.936212","2028-12-31 21:00:00",1,2,sale-lp,/قائمة,sale-lp,sale-lp,0,0,20751,false,false,0,"2026-02-17 21:37:56.302299",false
2368,[OLD] APP-SALE-LP-IREN-1,13,2,1,"{""componentJson"": [{""id"": 4587, ""displayOrder"": 1}, {""id"": 4588, ""displayOrder"": 2}, {""id"": 4589, ""displayOrder"": 3}, {""id"": 4590, ""displayOrder"": 4}, {""id"": 4591, ""displayOrder"": 5}, {""id"": 4592, ""displayOrder"": 6}, {""id"": 4593, ""displayOrder"": 7}, {""id"": 4594, ""displayOrder"": 8}, {""id"": 4595, ""displayOrder"": 9}]}","2025-07-29 12:11:18.091865","2028-12-31 21:00:00",1,2,sale-lp-nt,/catalog,Sale LP,Sale LP,0,0,20787,true,false,0,"2026-02-17 21:37:56.87778",false
2369,[OLD] APP-SALE-LP-IRKU-1,13,13,1,"{""componentJson"": [{""id"": 4596, ""displayOrder"": 1}, {""id"": 4597, ""displayOrder"": 2}, {""id"": 4598, ""displayOrder"": 3}, {""id"": 4599, ""displayOrder"": 4}, {""id"": 4600, ""displayOrder"": 5}, {""id"": 4601, ""displayOrder"": 6}, {""id"": 4602, ""displayOrder"": 7}, {""id"": 4603, ""displayOrder"": 8}, {""id"": 4604, ""displayOrder"": 9}]}","2025-07-29 12:11:32.027921","2032-12-31 21:00:00",1,2,sale-lp-nt,/کەتەلۆگ,Sale LP,Sale LP,0,0,20805,true,false,0,"2026-02-17 21:37:57.415492",false
2370,[OLD] APP-SALE-LP-IRAR-1,13,14,1,"{""componentJson"": [{""id"": 4605, ""displayOrder"": 1}, {""id"": 4606, ""displayOrder"": 2}, {""id"": 4607, ""displayOrder"": 3}, {""id"": 4608, ""displayOrder"": 4}, {""id"": 4609, ""displayOrder"": 5}, {""id"": 4610, ""displayOrder"": 6}, {""id"": 4611, ""displayOrder"": 7}, {""id"": 4612, ""displayOrder"": 8}, {""id"": 4613, ""displayOrder"": 9}]}","2025-07-29 12:11:44.630429","2032-12-31 21:00:00",1,2,sale-lp-nt,/قائمة,Sale LP,Sale LP,0,0,20806,true,false,0,"2026-02-17 21:37:57.964311",false
2371,[OLD] MODEST LP,13,2,1,"{""componentJson"": [{""id"": 4000, ""displayOrder"": 1}]}","2025-04-16 09:11:13.747157","2028-12-31 21:00:00",1,2,modest-iq,/catalog,Modest,Modest,0,0,20813,false,false,0,"2026-02-17 21:37:58.075688",false
2372,[OLD] MODEST LP,13,13,1,"{""componentJson"": [{""id"": 4614, ""displayOrder"": 1}]}","2025-04-16 09:15:48.400331","2028-12-31 21:00:00",1,2,modest-iq,/کەتەلۆگ,Modest,Modest,0,0,20814,false,false,0,"2026-02-17 21:37:58.198298",false
2373,[OLD] MODEST LP,13,14,1,"{""componentJson"": [{""id"": 4615, ""displayOrder"": 1}]}","2025-04-16 09:16:02.371131","2028-12-31 21:00:00",1,2,modest-iq,/قائمة,modest-iq,modest-iq,0,0,20815,false,false,0,"2026-02-17 21:37:58.288781",false
2396,[OLD] APP-NEWYEAR-LP-IRKU,13,13,1,"{""componentJson"": [{""id"": 4463, ""displayOrder"": 1}]}","2025-11-17 08:30:34.331201","2029-12-31 21:00:00",1,2,newyear-nt,/کەتەلۆگ,Newyear,Newyear,0,0,114272,true,false,0,"2026-02-17 21:38:01.863415",false
2357,[OLD] HOME LP,13,13,1,"{""componentJson"": [{""id"": 4557, ""displayOrder"": 1}, {""id"": 4558, ""displayOrder"": 2}]}","2026-02-09 07:26:22.248142","2026-02-24 09:21:03.242022",4,8,home-lp,/کەتەلۆگ,HOME LP,HOME LP,539,0,121857,false,false,0,"2026-02-17 21:37:47.613333",false
2356,[OLD] APP HOME LP,13,14,1,"{""componentJson"": [{""id"": 4556, ""displayOrder"": 1}]}","2026-02-09 07:24:18.454925","2026-02-24 09:23:11.233509",4,8,home-lp-app,/قائمة,APP HOME LP,APP HOME LP,536,1,121856,true,false,0,"2026-02-17 21:37:47.470601",false
2358,[OLD] APP HOME LP,13,13,1,"{""componentJson"": [{""id"": 4559, ""displayOrder"": 1}]}","2026-02-09 07:26:17.69377","2026-02-24 09:23:16.125306",4,8,home-lp-app,/کەتەلۆگ,APP HOME LP,APP HOME LP,538,1,121858,true,false,0,"2026-02-17 21:37:47.703767",false
2374,[OLD] APP MODEST LP,13,2,1,"{""componentJson"": [{""id"": 4057, ""displayOrder"": 1}, {""id"": 4058, ""displayOrder"": 2}, {""id"": 4059, ""displayOrder"": 3}, {""id"": 4060, ""displayOrder"": 4}, {""id"": 4061, ""displayOrder"": 5}, {""id"": 4062, ""displayOrder"": 6}]}","2025-04-22 15:01:24.185523","2029-12-31 21:00:00",1,2,modest-iq-nt,/catalog,modest-iq,modest-iq,0,0,20816,true,false,0,"2026-02-17 21:37:58.608395",false
2375,[OLD] APP MODEST LP,13,13,1,"{""componentJson"": [{""id"": 4616, ""displayOrder"": 1}, {""id"": 4617, ""displayOrder"": 2}, {""id"": 4618, ""displayOrder"": 3}, {""id"": 4619, ""displayOrder"": 4}, {""id"": 4620, ""displayOrder"": 5}, {""id"": 4621, ""displayOrder"": 6}]}","2025-04-22 15:01:35.228244","2028-12-31 21:00:00",1,2,modest-iq-nt,/کەتەلۆگ,modest-iq,modest-iq,0,0,20817,true,false,0,"2026-02-17 21:37:58.947906",false
2376,[OLD] APP MODEST LP,13,14,1,"{""componentJson"": [{""id"": 4622, ""displayOrder"": 1}, {""id"": 4623, ""displayOrder"": 2}, {""id"": 4624, ""displayOrder"": 3}, {""id"": 4625, ""displayOrder"": 4}, {""id"": 4626, ""displayOrder"": 5}, {""id"": 4627, ""displayOrder"": 6}]}","2025-04-22 15:01:45.350014","2028-12-31 21:00:00",1,2,modest-iq-nt,/قائمة,modest-iq,modest-iq,0,0,20818,true,false,0,"2026-02-17 21:37:59.299411",false
2377,[OLD] APP BEACH LP,13,2,1,"{""componentJson"": [{""id"": 4628, ""displayOrder"": 1}, {""id"": 4629, ""displayOrder"": 2}, {""id"": 4630, ""displayOrder"": 3}]}","2025-06-17 05:19:11.70089","2033-12-31 21:00:00",1,2,beach-bg-bu-nt,/catalog,Beach LP,Beach LP,0,0,21599,true,false,0,"2026-02-17 21:37:59.49208",false
2378,[OLD] BEACH LP,13,2,1,"{""componentJson"": [{""id"": 4631, ""displayOrder"": 1}]}","2025-06-17 05:22:47.977321","2033-12-31 21:00:00",1,2,beach-bg-bu,/catalog,Beach LP,Beach LP,0,0,21600,false,false,0,"2026-02-17 21:37:59.580899",false
2379,[OLD] APP BEACH LP,13,13,1,"{""componentJson"": [{""id"": 4632, ""displayOrder"": 1}, {""id"": 4633, ""displayOrder"": 2}, {""id"": 4634, ""displayOrder"": 3}]}","2025-06-17 05:22:21.567295","2033-12-31 21:00:00",1,2,beach-bg-bu-nt,/کەتەلۆگ,Beach LP,Beach LP,0,0,21601,true,false,0,"2026-02-17 21:37:59.783796",false
2380,[OLD] BEACH LP,13,13,1,"{""componentJson"": [{""id"": 4635, ""displayOrder"": 1}]}","2025-06-17 05:20:02.113217","2033-12-31 21:00:00",1,2,beach-bg-bu,/کەتەلۆگ,Beach LP,Beach LP,0,0,21602,false,false,0,"2026-02-17 21:37:59.873982",false
2381,[OLD] APP BEACH LP,13,14,1,"{""componentJson"": [{""id"": 4636, ""displayOrder"": 1}, {""id"": 4637, ""displayOrder"": 2}, {""id"": 4638, ""displayOrder"": 3}]}","2025-06-17 05:26:42.552916","2026-06-16 12:08:16",1,2,beach-bg-bu-nt,/قائمة,Beach LP,Beach LP,0,0,21603,true,false,0,"2026-02-17 21:38:00.068893",false
2382,[OLD] BEACH LP,13,14,1,"{""componentJson"": [{""id"": 4639, ""displayOrder"": 1}]}","2025-06-17 05:27:02.23769","2033-12-31 21:00:00",1,2,beach-bg-bu,/قائمة,Beach LP,Beach LP,0,0,21604,false,false,0,"2026-02-17 21:38:00.155757",false
2383,[OLD] BEACH LP COCUK WEB,13,14,1,"{""componentJson"": [{""id"": 4640, ""displayOrder"": 1}]}","2025-06-23 10:45:35.835914","2029-12-31 21:00:00",1,2,beach-ck-cu,/قائمة,Beach LP,Beach LP,0,0,21644,false,false,0,"2026-02-17 21:38:00.243831",false
2384,[OLD] BEACH LP COCUK IRKU,13,13,1,"{""componentJson"": [{""id"": 4641, ""displayOrder"": 1}]}","2025-06-23 10:45:01.875971","2033-12-31 21:00:00",1,2,beach-ck-cu,/کەتەلۆگ,Beach LP,Beach LP,0,0,21645,false,false,0,"2026-02-17 21:38:00.344238",false
2385,[OLD] BEACH COCUK IREN,13,2,1,"{""componentJson"": [{""id"": 4642, ""displayOrder"": 1}]}","2025-06-23 10:44:25.927748","2032-12-31 21:00:00",1,2,beach-ck-cu,/catalog,Beach LP,Beach LP,0,0,21646,false,false,0,"2026-02-17 21:38:00.439405",false
2386,[OLD] BEACH LP COCUK APP,13,14,1,"{""componentJson"": [{""id"": 4051, ""displayOrder"": 1}, {""id"": 4052, ""displayOrder"": 2}, {""id"": 4053, ""displayOrder"": 3}, {""id"": 4054, ""displayOrder"": 4}, {""id"": 4055, ""displayOrder"": 5}]}","2025-06-18 11:14:45.653749","2033-12-31 21:00:00",1,2,beach-ck-cu-nt,/قائمة,Beach LP,Beach LP,0,0,21647,true,false,0,"2026-02-17 21:38:00.701412",false
2387,[OLD] BEACH LP COCUK APP,13,13,1,"{""componentJson"": [{""id"": 4051, ""displayOrder"": 1}, {""id"": 4052, ""displayOrder"": 2}, {""id"": 4053, ""displayOrder"": 3}, {""id"": 4054, ""displayOrder"": 4}, {""id"": 4055, ""displayOrder"": 5}]}","2025-06-18 11:15:48.698285","2033-12-31 21:00:00",1,2,beach-ck-cu-nt,/کەتەلۆگ,Beach LP,Beach LP,0,0,21648,true,false,0,"2026-02-17 21:38:00.968395",false
2388,[OLD] BEACH LP COCUK APP,13,2,1,"{""componentJson"": [{""id"": 4051, ""displayOrder"": 1}, {""id"": 4052, ""displayOrder"": 2}, {""id"": 4053, ""displayOrder"": 3}, {""id"": 4054, ""displayOrder"": 4}, {""id"": 4055, ""displayOrder"": 5}]}","2025-06-18 11:16:33.556354","2033-12-31 21:00:00",1,2,beach-ck-cu-nt,/catalog,Beach LP,Beach LP,0,0,21649,true,false,0,"2026-02-17 21:38:01.218621",false
2389,[OLD] DEAL ZONE,13,2,1,"{""componentJson"": [{""id"": 4643, ""displayOrder"": 1}]}","2025-10-01 14:31:35.080479","2033-12-31 21:00:00",1,2,deal-zone-nt,/catalog,DEAL ZONE,DEAL ZONE,0,0,25034,true,false,0,"2026-02-17 21:38:01.302692",false
2390,[OLD] APP-DEAL-ZONE,13,14,1,"{""componentJson"": [{""id"": 4644, ""displayOrder"": 1}]}","2025-10-01 14:33:21.189194","2029-12-31 21:00:00",1,2,deal-zone-nt,/قائمة,DEAL ZONE,DEAL ZONE,0,0,25035,true,false,0,"2026-02-17 21:38:01.388786",false
2391,[OLD] DEAL ZONE,13,13,1,"{""componentJson"": [{""id"": 4645, ""displayOrder"": 1}]}","2025-10-01 14:35:01.439788","2029-12-31 21:00:00",1,2,deal-zone-nt,/کەتەلۆگ,DEAL ZONE,DEAL ZONE,0,0,25036,true,false,0,"2026-02-17 21:38:01.470871",false
2392,[OLD] WEB-NEWYEAR-IREN,13,2,1,"{""componentJson"": [{""id"": 4646, ""displayOrder"": 1}]}","2025-11-17 08:21:27.642161","2033-12-31 21:00:00",1,2,newyear,/catalog,Newyear,Newyear,0,0,114258,false,false,0,"2026-02-17 21:38:01.553798",false
2393,[OLD] APP-NEWYEAR-IREN,13,2,1,"{""componentJson"": [{""id"": 4465, ""displayOrder"": 1}]}","2025-11-17 08:21:30.44208","2033-12-31 21:00:00",1,2,newyear-nt,/catalog,Newyear,Newyear,0,0,114259,true,false,0,"2026-02-17 21:38:01.629922",false
2394,[OLD] APP-NEWYEAR-IRAR,13,14,1,"{""componentJson"": [{""id"": 4464, ""displayOrder"": 1}]}","2025-11-17 08:25:27.975052","2029-12-31 21:00:00",1,2,newyear-nt,/قائمة,Newyear,Newyear,0,0,114264,true,false,0,"2026-02-17 21:38:01.704791",false
2395,[OLD] WEB-NEWYEAR-IRAR,13,14,1,"{""componentJson"": [{""id"": 4647, ""displayOrder"": 1}]}","2025-11-17 08:25:32.037317","2029-12-31 21:00:00",1,2,newyear,/قائمة,Newyear,Newyear,0,0,114265,false,false,0,"2026-02-17 21:38:01.78861",false
2498,[OLD] sale-lp,35,2,1,"{""componentJson"": [{""id"": 4326, ""displayOrder"": 1}]}","2025-01-01 00:00:22","2075-01-01 00:00:22",1,2,sale-lp,/catalog,"",SALE LP,0,0,22420,false,false,0,"2026-02-17 21:38:22.060788",false
2397,[OLD] WEB-NEWYEAR-LP-IRKU,13,13,1,"{""componentJson"": [{""id"": 4648, ""displayOrder"": 1}]}","2025-11-17 08:30:38.707028","2029-12-31 21:00:00",1,2,newyear,/کەتەلۆگ,Newyear,Newyear,0,0,114273,false,false,0,"2026-02-17 21:38:01.965162",false
2398,[OLD] NEW YEAR HOME APP,13,2,1,"{""componentJson"": [{""id"": 4649, ""displayOrder"": 1}, {""id"": 4650, ""displayOrder"": 2}, {""id"": 4651, ""displayOrder"": 3}]}","2025-12-03 14:54:06","2029-12-31 21:00:00",1,2,newyear-home-nt,/catalog,New Year Home App,New Year Home App,0,0,116941,true,false,0,"2026-02-17 21:38:02.154191",false
2399,[OLD] NEW YEAR HOME,13,2,1,"{""componentJson"": [{""id"": 4652, ""displayOrder"": 1}, {""id"": 4653, ""displayOrder"": 2}, {""id"": 4654, ""displayOrder"": 3}, {""id"": 4655, ""displayOrder"": 4}, {""id"": 4656, ""displayOrder"": 5}]}","2025-12-03 14:54:09","2029-12-31 21:00:00",1,2,newyear-home,/catalog,New Year Home,New Year Home,0,0,116942,false,false,0,"2026-02-17 21:38:02.479521",false
2400,[OLD] NEW YEAR HOME APP,13,14,1,"{""componentJson"": [{""id"": 4657, ""displayOrder"": 1}, {""id"": 4658, ""displayOrder"": 2}, {""id"": 4659, ""displayOrder"": 3}]}","2025-12-03 14:55:54.056885","2029-12-31 21:00:00",1,2,newyear-home-nt,/قائمة,New Year Home App,New Year Home App,0,0,116943,true,false,0,"2026-02-17 21:38:02.680686",false
2401,[OLD] NEW YEAR HOME,13,14,1,"{""componentJson"": [{""id"": 4660, ""displayOrder"": 1}, {""id"": 4661, ""displayOrder"": 2}, {""id"": 4662, ""displayOrder"": 3}, {""id"": 4663, ""displayOrder"": 4}, {""id"": 4664, ""displayOrder"": 5}]}","2025-12-03 14:55:28.341394","2029-12-31 21:00:00",1,2,newyear-home-nt,/قائمة,New Year Home,New Year Home,0,0,116944,false,false,0,"2026-02-17 21:38:03.008716",false
2402,[OLD] NEW YEAR HOME-2,13,14,1,"{""componentJson"": [{""id"": 4660, ""displayOrder"": 1}, {""id"": 4661, ""displayOrder"": 2}, {""id"": 4662, ""displayOrder"": 3}, {""id"": 4663, ""displayOrder"": 4}, {""id"": 4664, ""displayOrder"": 5}]}","2025-12-03 14:55:57.803665","2029-12-31 21:00:00",1,2,newyear-home,/قائمة,New Year Home,New Year Home,0,0,116945,false,false,0,"2026-02-17 21:38:03.304024",false
2403,[OLD] NEW YEAR HOME APP,13,13,1,"{""componentJson"": [{""id"": 4665, ""displayOrder"": 1}, {""id"": 4666, ""displayOrder"": 2}, {""id"": 4667, ""displayOrder"": 3}]}","2025-12-03 14:56:45.958317","2029-12-31 21:00:00",1,2,newyear-home-nt,/کەتەلۆگ,New Year Home App,New Year Home App,0,0,116946,true,false,0,"2026-02-17 21:38:03.510765",false
2404,[OLD] NEW YEAR HOME,13,13,1,"{""componentJson"": [{""id"": 4668, ""displayOrder"": 1}, {""id"": 4669, ""displayOrder"": 2}, {""id"": 4670, ""displayOrder"": 3}, {""id"": 4671, ""displayOrder"": 4}, {""id"": 4672, ""displayOrder"": 5}]}","2025-12-03 14:56:59.875067","2029-12-31 21:00:00",1,2,newyear-home,/کەتەلۆگ,New Year Home,New Year Home,0,0,116947,false,false,0,"2026-02-17 21:38:03.826798",false
2405,[OLD] WINTER LP APP,13,2,1,"{""componentJson"": [{""id"": 4673, ""displayOrder"": 1}, {""id"": 4674, ""displayOrder"": 2}]}","2025-12-03 17:06:28","2029-12-31 21:00:00",1,2,winter-lp-nt,/catalog,Winter LP App,Winter LP App,0,0,116958,true,false,0,"2026-02-17 21:38:03.98542",false
2406,[OLD] WINTER LP,13,2,1,"{""componentJson"": [{""id"": 4675, ""displayOrder"": 1}, {""id"": 4676, ""displayOrder"": 2}]}","2025-12-03 17:06:31","2029-12-31 21:00:00",1,2,winter-lp,/catalog,Winter LP,Winter LP,0,0,116959,false,false,0,"2026-02-17 21:38:04.129384",false
2407,[OLD] WINTER LP,13,14,1,"{""componentJson"": [{""id"": 4677, ""displayOrder"": 1}, {""id"": 4678, ""displayOrder"": 2}]}","2025-12-03 17:08:39","2029-12-31 21:00:00",1,2,winter-lp,/قائمة,Winter LP,Winter LP,0,0,116960,false,false,0,"2026-02-17 21:38:04.275822",false
2408,[OLD] WINTER LP APP,13,14,1,"{""componentJson"": [{""id"": 4679, ""displayOrder"": 1}, {""id"": 4680, ""displayOrder"": 2}]}","2025-12-03 17:08:40","2029-12-31 21:00:00",1,2,winter-lp-nt,/قائمة,Winter LP App,Winter LP App,0,0,116961,true,false,0,"2026-02-17 21:38:04.421766",false
2409,[OLD] WINTER LP,13,13,1,"{""componentJson"": [{""id"": 4681, ""displayOrder"": 1}, {""id"": 4682, ""displayOrder"": 2}]}","2025-12-03 17:09:39","2029-12-31 21:00:00",1,2,winter-lp,/کەتەلۆگ,Winter LP,Winter LP,0,0,116962,false,false,0,"2026-02-17 21:38:04.590113",false
2410,[OLD] WINTER LP APP,13,13,1,"{""componentJson"": [{""id"": 4683, ""displayOrder"": 1}, {""id"": 4684, ""displayOrder"": 2}]}","2025-12-03 17:09:41","2029-12-31 21:00:00",1,2,winter-lp-nt,/کەتەلۆگ,Winter LP App,Winter LP App,0,0,116963,true,false,0,"2026-02-17 21:38:04.745602",false
2440,[OLD] halloween-bgen,35,2,1,"{""componentJson"": [{""id"": 4266, ""displayOrder"": 1}]}","2025-01-01 00:00:22","2075-01-01 00:00:22",1,2,halloween-bgen,/catalog,"",Halloween LC Waikiki Bulgaria 2022  ,0,0,22362,false,false,0,"2026-02-17 21:38:17.448778",false
2414,[OLD] COMFY AT HOME,13,14,126,"{""componentJson"": [{""id"": 7602, ""status"": true, ""displayOrder"": 1}, {""id"": 7604, ""status"": true, ""displayOrder"": 2}, {""id"": 7605, ""status"": true, ""displayOrder"": 3}, {""id"": 7606, ""status"": true, ""displayOrder"": 4}]}","2026-01-13 07:21:53.039","2029-12-31 21:00:00",1,2,comfy-at-home,/قائمة,"","",0,0,0,false,false,1,"2026-02-17 21:38:05.809266",false
2413,[OLD] APP COMFY AT HOME,13,14,126,"{""componentJson"": [{""id"": 7603, ""status"": true, ""displayOrder"": 1}]}","2026-01-13 07:21:29","2029-12-31 21:00:00",1,2,comfy-at-home-nt,/قائمة,"","",0,1,0,true,false,1,"2026-02-17 21:38:05.481747",false
2417,[OLD] APP RAMADAN LP,13,2,1,"{""componentJson"": [{""id"": 4709, ""displayOrder"": 1}, {""id"": 4710, ""displayOrder"": 2}, {""id"": 4711, ""displayOrder"": 3}]}","2026-02-09 07:07:41.01048","2029-12-31 21:00:00",1,2,ramadan-lp-nt,/catalog,APP RAMADAN LP,APP RAMADAN LP,0,0,124066,true,false,0,"2026-02-17 21:38:06.574934",false
2418,[OLD] RAMADAN LP,13,2,1,"{""componentJson"": [{""id"": 4712, ""displayOrder"": 1}, {""id"": 4713, ""displayOrder"": 2}, {""id"": 4714, ""displayOrder"": 3}]}","2026-02-09 07:07:52.875063","2029-12-31 21:00:00",1,2,ramadan-lp,/catalog,RAMADAN LP,RAMADAN LP,0,0,124067,false,false,0,"2026-02-17 21:38:06.779792",false
2419,[OLD] APP RAMADAN LP,13,14,1,"{""componentJson"": [{""id"": 4715, ""displayOrder"": 1}, {""id"": 4716, ""displayOrder"": 2}, {""id"": 4717, ""displayOrder"": 3}]}","2026-02-09 07:08:51.410693","2029-12-31 21:00:00",1,2,ramadan-lp-nt,/قائمة,APP RAMADAN LP,APP RAMADAN LP,0,0,124068,true,false,0,"2026-02-17 21:38:07.005194",false
2420,[OLD] RAMADAN LP,13,14,1,"{""componentJson"": [{""id"": 4718, ""displayOrder"": 1}, {""id"": 4719, ""displayOrder"": 2}, {""id"": 4720, ""displayOrder"": 3}]}","2026-02-09 07:09:03.804529","2029-12-31 21:00:00",1,2,ramadan-lp,/قائمة,RAMADAN LP,RAMADAN LP,0,0,124069,false,false,0,"2026-02-17 21:38:07.255175",false
2421,[OLD] RAMADAN LP,13,13,1,"{""componentJson"": [{""id"": 4721, ""displayOrder"": 1}, {""id"": 4722, ""displayOrder"": 2}, {""id"": 4723, ""displayOrder"": 3}]}","2026-02-09 07:09:47.81394","2029-12-31 21:00:00",1,2,ramadan-lp,/کەتەلۆگ,RAMADAN LP,RAMADAN LP,0,0,124070,false,false,0,"2026-02-17 21:38:07.474569",false
2422,[OLD] APP RAMADAN LP,13,13,1,"{""componentJson"": [{""id"": 4724, ""displayOrder"": 1}, {""id"": 4725, ""displayOrder"": 2}, {""id"": 4726, ""displayOrder"": 3}]}","2026-02-09 07:09:57.70734","2029-12-31 21:00:00",1,2,ramadan-lp-nt,/کەتەلۆگ,APP RAMADAN LP,APP RAMADAN LP,0,0,124071,true,false,0,"2026-02-17 21:38:07.737388",false
2423,[OLD] Halloween-Licensed-Products,35,2,1,"{""componentJson"": [{""id"": 4233, ""displayOrder"": 1}]}","2025-01-01 00:00:22","2075-01-01 00:00:22",1,2,Halloween-Licensed-Products,/catalog,"",Halloween-Licensed-Products,0,0,22345,false,false,0,"2026-02-17 21:38:16.127379",false
2424,[OLD] Halloween-Licensed-Products,35,2,1,"{""componentJson"": [{""id"": 4233, ""displayOrder"": 1}]}","2025-01-01 00:00:22","2075-01-01 00:00:22",1,2,Halloween-Licensed-Products,/catalog,"",Halloween-Licensed-Products,0,0,22346,false,false,0,"2026-02-17 21:38:16.204054",false
2425,[OLD] christmas-lp-2021-roen-r,35,2,1,"{""componentJson"": [{""id"": 4242, ""displayOrder"": 1}]}","2025-01-01 00:00:22","2075-01-01 00:00:22",1,2,christmas-lp-2021-roen-r,/catalog,"",christmaslp2021roen,0,0,22347,false,false,0,"2026-02-17 21:38:16.275516",false
2426,[OLD] christmas-lp-2021-bgen,35,2,1,"{""componentJson"": [{""id"": 4244, ""displayOrder"": 1}]}","2025-01-01 00:00:22","2075-01-01 00:00:22",1,2,christmas-lp-2021-bgen,/catalog,"",christmas lp 2021 bgen,0,0,22348,false,false,0,"2026-02-17 21:38:16.347843",false
2427,[OLD] licenced-roen,35,2,1,"{""componentJson"": [{""id"": 4247, ""displayOrder"": 1}]}","2025-01-01 00:00:22","2075-01-01 00:00:22",1,2,licenced-roen,/catalog,"",lisenced romanian english version,0,0,22349,false,false,0,"2026-02-17 21:38:16.422865",false
2428,[OLD] licenced-bgen,35,2,1,"{""componentJson"": [{""id"": 4248, ""displayOrder"": 1}]}","2025-01-01 00:00:22","2075-01-01 00:00:22",1,2,licenced-bgen,/catalog,"",licensed bulgarian english version,0,0,22350,false,false,0,"2026-02-17 21:38:16.500505",false
2429,[OLD] kids-and-babies-bgen-,35,2,1,"{""componentJson"": [{""id"": 4250, ""displayOrder"": 1}]}","2025-01-01 00:00:22","2075-01-01 00:00:22",1,2,kids-and-babies-bgen-,/catalog,"",kids and babies lcwaikiki trend bulgarian english version,0,0,22351,false,false,0,"2026-02-17 21:38:16.584309",false
2430,[OLD] kids-and-babies-roen,35,2,1,"{""componentJson"": [{""id"": 4252, ""displayOrder"": 1}]}","2025-01-01 00:00:22","2075-01-01 00:00:22",1,2,kids-and-babies-roen,/catalog,"",kids and babies lcwaikiki trend romanian english version,0,0,22352,false,false,0,"2026-02-17 21:38:16.661326",false
2431,[OLD] outdoor-roen-22,35,2,1,"{""componentJson"": [{""id"": 4253, ""displayOrder"": 1}]}","2025-01-01 00:00:22","2075-01-01 00:00:22",1,2,outdoor-roen-22,/catalog,"",outdoor trend lcwaikiki ,0,0,22353,false,false,0,"2026-02-17 21:38:16.7504",false
2432,[OLD] outdoor-bgen-22,35,2,1,"{""componentJson"": [{""id"": 4255, ""displayOrder"": 1}]}","2025-01-01 00:00:22","2075-01-01 00:00:22",1,2,outdoor-bgen-22,/catalog,"",outdoor trend lcwaikiki ,0,0,22354,false,false,0,"2026-02-17 21:38:16.826239",false
2433,[OLD] back-to-college-roen,35,2,1,"{""componentJson"": [{""id"": 4258, ""displayOrder"": 1}]}","2025-01-01 00:00:22","2075-01-01 00:00:22",1,2,back-to-college-roen,/catalog,"",back to college lcwaikiki romania 2022  ,0,0,22355,false,false,0,"2026-02-17 21:38:16.898723",false
2434,[OLD] back-to-college-bgen,35,2,1,"{""componentJson"": [{""id"": 4259, ""displayOrder"": 1}]}","2025-01-01 00:00:22","2075-01-01 00:00:22",1,2,back-to-college-bgen,/catalog,"",back to college lcwaikiki bulgaria 2022  ,0,0,22356,false,false,0,"2026-02-17 21:38:16.973534",false
2435,[OLD] back-to-work-roen,35,2,1,"{""componentJson"": [{""id"": 4261, ""displayOrder"": 1}]}","2025-01-01 00:00:22","2075-01-01 00:00:22",1,2,back-to-work-roen,/catalog,"",Back To Work | LC Waikiki Romanian English,0,0,22357,false,false,0,"2026-02-17 21:38:17.054275",false
2436,[OLD] back-to-work-roen,35,2,1,"{""componentJson"": [{""id"": 4261, ""displayOrder"": 1}]}","2025-01-01 00:00:22","2075-01-01 00:00:22",1,2,back-to-work-roen,/catalog,"",Back To Work | LC Waikiki Romanian English,0,0,22358,false,false,0,"2026-02-17 21:38:17.132427",false
2437,[OLD] back-to-work-roen,35,2,1,"{""componentJson"": [{""id"": 4261, ""displayOrder"": 1}]}","2025-01-01 00:00:22","2075-01-01 00:00:22",1,2,back-to-work-roen,/catalog,"",Back To Work | LC Waikiki Romanian English,0,0,22359,false,false,0,"2026-02-17 21:38:17.220644",false
2438,[OLD] back-to-work-bgen,35,2,1,"{""componentJson"": [{""id"": 4262, ""displayOrder"": 1}]}","2025-01-01 00:00:22","2075-01-01 00:00:22",1,2,back-to-work-bgen,/catalog,"",Back To Work | LC Waikiki Bulgarian English,0,0,22360,false,false,0,"2026-02-17 21:38:17.301994",false
2439,[OLD] halloween-roen,35,2,1,"{""componentJson"": [{""id"": 4265, ""displayOrder"": 1}]}","2025-01-01 00:00:22","2075-01-01 00:00:22",1,2,halloween-roen,/catalog,"",Halloween LC Waikiki Romaian 2022 ,0,0,22361,false,false,0,"2026-02-17 21:38:17.376179",false
2441,[OLD] christmas-shop,35,2,1,"{""componentJson"": [{""id"": 4268, ""displayOrder"": 1}]}","2025-01-01 00:00:22","2075-01-01 00:00:22",1,2,christmas-shop,/catalog,"",Christmas Shop Romania ,0,0,22363,false,false,0,"2026-02-17 21:38:17.524452",false
2442,[OLD] christmas-shop,35,2,1,"{""componentJson"": [{""id"": 4268, ""displayOrder"": 1}]}","2025-01-01 00:00:22","2075-01-01 00:00:22",1,2,christmas-shop,/catalog,"","Get great Christmas gifts and amazing discounts for 2023. LC Waikiki has a wide selection of Xmas gifts for men, women, and kids for you to choose from.",0,0,22364,false,false,0,"2026-02-17 21:38:17.600044",false
2443,[OLD] christmas-shop,35,2,1,"{""componentJson"": [{""id"": 4269, ""displayOrder"": 1}]}","2025-01-01 00:00:22","2075-01-01 00:00:22",1,2,christmas-shop,/catalog,"",Christmas Shop Bulgaria ,0,0,22365,false,false,0,"2026-02-17 21:38:17.674202",false
2444,[OLD] winter-white,35,2,1,"{""componentJson"": [{""id"": 4271, ""displayOrder"": 1}]}","2025-01-01 00:00:22","2075-01-01 00:00:22",1,2,winter-white,/catalog,"",Winter White Russia 2022  ,0,0,22366,false,false,0,"2026-02-17 21:38:17.744978",false
2445,[OLD] winter-white,35,2,1,"{""componentJson"": [{""id"": 4272, ""displayOrder"": 1}]}","2025-01-01 00:00:22","2075-01-01 00:00:22",1,2,winter-white,/catalog,"",Winter White Bulgaria 2022  ,0,0,22367,false,false,0,"2026-02-17 21:38:17.844178",false
2446,[OLD] christmas-family-gifts,35,2,1,"{""componentJson"": [{""id"": 4274, ""displayOrder"": 1}]}","2025-01-01 00:00:22","2075-01-01 00:00:22",1,2,christmas-family-gifts,/catalog,"",Christmas Family Gifts Romania ,0,0,22368,false,false,0,"2026-02-17 21:38:17.925971",false
2447,[OLD] christmas-family-gifts,35,2,1,"{""componentJson"": [{""id"": 4275, ""displayOrder"": 1}]}","2025-01-01 00:00:22","2075-01-01 00:00:22",1,2,christmas-family-gifts,/catalog,"",Christmas Family Gifts Bulgaria  ,0,0,22369,false,false,0,"2026-02-17 21:38:18.007199",false
2448,[OLD] sibling-style ,35,2,1,"{""componentJson"": [{""id"": 4277, ""displayOrder"": 1}]}","2025-01-01 00:00:22","2075-01-01 00:00:22",1,2,sibling-style ,/catalog,"",SIBLING STYLE Special Picks for Kids & Baby,0,0,22370,false,false,0,"2026-02-17 21:38:18.0954",false
2449,[OLD] sibling-style,35,2,1,"{""componentJson"": [{""id"": 4277, ""displayOrder"": 1}]}","2025-01-01 00:00:22","2075-01-01 00:00:22",1,2,sibling-style,/catalog,"",SIBLING STYLE Special Picks for Kids & Baby,0,0,22371,false,false,0,"2026-02-17 21:38:18.191239",false
2450,[OLD] deneme-lp-test,35,2,1,"{""componentJson"": [{""id"": 4278, ""displayOrder"": 1}]}","2025-01-01 00:00:22","2075-01-01 00:00:22",1,2,deneme-lp-test,/catalog,"","",0,0,22372,false,false,0,"2026-02-17 21:38:18.278556",false
2451,[OLD] valentines-day,35,2,1,"{""componentJson"": [{""id"": 4279, ""displayOrder"": 1}]}","2025-01-01 00:00:22","2075-01-01 00:00:22",1,2,valentines-day,/catalog,"",VALENTINE'S DAY,0,0,22373,false,false,0,"2026-02-17 21:38:18.36458",false
2452,[OLD] valentines-day,35,2,1,"{""componentJson"": [{""id"": 4280, ""displayOrder"": 1}]}","2025-01-01 00:00:22","2075-01-01 00:00:22",1,2,valentines-day,/catalog,"",VALENTINE'S DAY,0,0,22374,false,false,0,"2026-02-17 21:38:18.443432",false
2453,[OLD] new-season-women,35,2,1,"{""componentJson"": [{""id"": 4282, ""displayOrder"": 1}]}","2025-01-01 00:00:22","2075-01-01 00:00:22",1,2,new-season-women,/catalog,"","Discover the latest trends with the new season products of our women's clothing collection. Shop the newest women's tops, bottoms, dresses and more.",0,0,22375,false,false,0,"2026-02-17 21:38:18.52095",false
2454,[OLD] new-season-women,35,2,1,"{""componentJson"": [{""id"": 4284, ""displayOrder"": 1}]}","2025-01-01 00:00:22","2075-01-01 00:00:22",1,2,new-season-women,/catalog,"","Discover the latest trends with the new season products of our women's clothing collection. Shop the newest women's tops, bottoms, dresses and more.",0,0,22376,false,false,0,"2026-02-17 21:38:18.598509",false
2455,[OLD] deneme-lp-test-en,35,2,1,"{""componentJson"": [{""id"": 4285, ""displayOrder"": 1}]}","2025-01-01 00:00:22","2075-01-01 00:00:22",1,2,deneme-lp-test-en,/catalog,"",deneme-lp-test,0,0,22377,false,false,0,"2026-02-17 21:38:18.675115",false
2456,[OLD] denim-woman-trend,35,2,1,"{""componentJson"": [{""id"": 4288, ""displayOrder"": 1}]}","2025-01-01 00:00:22","2075-01-01 00:00:22",1,2,denim-woman-trend,/catalog,"",Denim Woman Trend,0,0,22378,false,false,0,"2026-02-17 21:38:18.747205",false
2457,[OLD] denim-woman-trend,35,2,1,"{""componentJson"": [{""id"": 4288, ""displayOrder"": 1}]}","2025-01-01 00:00:22","2075-01-01 00:00:22",1,2,denim-woman-trend,/catalog,"",Denim Woman Trend,0,0,22379,false,false,0,"2026-02-17 21:38:18.832624",false
2458,[OLD] denim-man-trend,35,2,1,"{""componentJson"": [{""id"": 4289, ""displayOrder"": 1}]}","2025-01-01 00:00:22","2075-01-01 00:00:22",1,2,denim-man-trend,/catalog,"",Denim Man Trend,0,0,22380,false,false,0,"2026-02-17 21:38:18.903428",false
2459,[OLD] hot-summer,35,2,1,"{""componentJson"": [{""id"": 4291, ""displayOrder"": 1}]}","2025-01-01 00:00:22","2075-01-01 00:00:22",1,2,hot-summer,/catalog,"",HOT SUMMER,0,0,22381,false,false,0,"2026-02-17 21:38:18.981506",false
2460,[OLD] back-to-school,35,2,1,"{""componentJson"": [{""id"": 4293, ""displayOrder"": 1}]}","2025-01-01 00:00:22","2075-01-01 00:00:22",1,2,back-to-school,/catalog,"",BACK TO SCHOOL,0,0,22382,false,false,0,"2026-02-17 21:38:19.057528",false
2461,[OLD] back-to-school,35,2,1,"{""componentJson"": [{""id"": 4294, ""displayOrder"": 1}]}","2025-01-01 00:00:22","2075-01-01 00:00:22",1,2,back-to-school,/catalog,"",BACK TO SCHOOL,0,0,22383,false,false,0,"2026-02-17 21:38:19.134289",false
2462,[OLD] timeless-men,35,2,1,"{""componentJson"": [{""id"": 4297, ""displayOrder"": 1}]}","2025-01-01 00:00:22","2075-01-01 00:00:22",1,2,timeless-men,/catalog,"",Timeless Men,0,0,22384,false,false,0,"2026-02-17 21:38:19.204396",false
2463,[OLD] timeless-women,35,2,1,"{""componentJson"": [{""id"": 4298, ""displayOrder"": 1}]}","2025-01-01 00:00:22","2075-01-01 00:00:22",1,2,timeless-women,/catalog,"",Timeless Women,0,0,22385,false,false,0,"2026-02-17 21:38:19.274613",false
2464,[OLD] timeless-women,35,2,1,"{""componentJson"": [{""id"": 4299, ""displayOrder"": 1}]}","2025-01-01 00:00:22","2075-01-01 00:00:22",1,2,timeless-women,/catalog,"",Timeless Women,0,0,22386,false,false,0,"2026-02-17 21:38:19.349569",false
2465,[OLD] timeless-men,35,2,1,"{""componentJson"": [{""id"": 4300, ""displayOrder"": 1}]}","2025-01-01 00:00:22","2075-01-01 00:00:22",1,2,timeless-men,/catalog,"",Timeless Men,0,0,22387,false,false,0,"2026-02-17 21:38:19.424634",false
2466,[OLD] christmas,35,2,1,"{""componentJson"": [{""id"": 4302, ""displayOrder"": 1}]}","2025-01-01 00:00:22","2075-01-01 00:00:22",1,2,christmas,/catalog,"",CHRISTMAS,0,0,22388,false,false,0,"2026-02-17 21:38:19.497987",false
2467,[OLD] christmas,35,2,1,"{""componentJson"": [{""id"": 4303, ""displayOrder"": 1}]}","2025-01-01 00:00:22","2075-01-01 00:00:22",1,2,christmas,/catalog,"",CHRISTMAS,0,0,22389,false,false,0,"2026-02-17 21:38:19.567939",false
2468,[OLD] women-denim,35,2,1,"{""componentJson"": [{""id"": 4306, ""displayOrder"": 1}]}","2025-01-01 00:00:22","2075-01-01 00:00:22",1,2,women-denim,/catalog,"",Women Denim,0,0,22390,false,false,0,"2026-02-17 21:38:19.639447",false
2469,[OLD] women-denim,35,2,1,"{""componentJson"": [{""id"": 4306, ""displayOrder"": 1}]}","2025-01-01 00:00:22","2075-01-01 00:00:22",1,2,women-denim,/catalog,"",Women Denim,0,0,22391,false,false,0,"2026-02-17 21:38:19.711801",false
2470,[OLD] women-denim,35,2,1,"{""componentJson"": [{""id"": 4306, ""displayOrder"": 1}]}","2025-01-01 00:00:22","2075-01-01 00:00:22",1,2,women-denim,/catalog,"",Women Denim,0,0,22392,false,false,0,"2026-02-17 21:38:19.786253",false
2471,[OLD] denim-women,35,2,1,"{""componentJson"": [{""id"": 4306, ""displayOrder"": 1}]}","2025-01-01 00:00:22","2075-01-01 00:00:22",1,2,denim-women,/catalog,"",Denim Women Trend,0,0,22393,false,false,0,"2026-02-17 21:38:19.860803",false
2472,[OLD] men-denim,35,2,1,"{""componentJson"": [{""id"": 4307, ""displayOrder"": 1}]}","2025-01-01 00:00:22","2075-01-01 00:00:22",1,2,men-denim,/catalog,"",Men Denim,0,0,22394,false,false,0,"2026-02-17 21:38:19.934274",false
2473,[OLD] men-denim,35,2,1,"{""componentJson"": [{""id"": 4307, ""displayOrder"": 1}]}","2025-01-01 00:00:22","2075-01-01 00:00:22",1,2,men-denim,/catalog,"",Men Denim,0,0,22395,false,false,0,"2026-02-17 21:38:20.008468",false
2474,[OLD] denim-women,35,2,1,"{""componentJson"": [{""id"": 4308, ""displayOrder"": 1}]}","2025-01-01 00:00:22","2075-01-01 00:00:22",1,2,denim-women,/catalog,"",Denim Woman Trend,0,0,22396,false,false,0,"2026-02-17 21:38:20.085311",false
2475,[OLD] denim-men,35,2,1,"{""componentJson"": [{""id"": 4309, ""displayOrder"": 1}]}","2025-01-01 00:00:22","2075-01-01 00:00:22",1,2,denim-men,/catalog,"",Denim Men Trend,0,0,22397,false,false,0,"2026-02-17 21:38:20.158467",false
2476,[OLD] hot-summer,35,2,1,"{""componentJson"": [{""id"": 4310, ""displayOrder"": 1}]}","2025-01-01 00:00:22","2075-01-01 00:00:22",1,2,hot-summer,/catalog,"",HOT SUMMER,0,0,22398,false,false,0,"2026-02-17 21:38:20.248572",false
2477,[OLD] back-to-kindergarden,35,2,1,"{""componentJson"": [{""id"": 4312, ""displayOrder"": 1}]}","2025-01-01 00:00:22","2075-01-01 00:00:22",1,2,back-to-kindergarden,/catalog,"",BACK TO KINDERGARDEN,0,0,22399,false,false,0,"2026-02-17 21:38:20.327643",false
2478,[OLD] back-to-kindergarden,35,2,1,"{""componentJson"": [{""id"": 4313, ""displayOrder"": 1}]}","2025-01-01 00:00:22","2075-01-01 00:00:22",1,2,back-to-kindergarden,/catalog,"",BACK TO KINDERGARDEN,0,0,22400,false,false,0,"2026-02-17 21:38:20.410532",false
2479,[OLD] back-to-kindergarden,35,23,1,"{""componentJson"": [{""id"": 4727, ""displayOrder"": 1}]}","2025-01-01 00:00:22","2075-01-01 00:00:22",1,2,back-to-kindergarden,/κατάλογος,"",BACK TO KINDERGARDEN,0,0,22401,false,false,0,"2026-02-17 21:38:20.494799",false
2480,[OLD] back-to-kindergarden,35,2,1,"{""componentJson"": [{""id"": 4314, ""displayOrder"": 1}]}","2025-01-01 00:00:22","2075-01-01 00:00:22",1,2,back-to-kindergarden,/catalog,"",BACK TO KINDERGARDEN,0,0,22402,false,false,0,"2026-02-17 21:38:20.576283",false
2481,[OLD] back-to-school,35,23,1,"{""componentJson"": [{""id"": 4728, ""displayOrder"": 1}]}","2025-01-01 00:00:22","2075-01-01 00:00:22",1,2,back-to-school,/κατάλογος,"",BACK TO SCHOOL,0,0,22403,false,false,0,"2026-02-17 21:38:20.658587",false
2482,[OLD] back-to-school,35,2,1,"{""componentJson"": [{""id"": 4315, ""displayOrder"": 1}]}","2025-01-01 00:00:22","2075-01-01 00:00:22",1,2,back-to-school,/catalog,"",BACK TO SCHOOL,0,0,22404,false,false,0,"2026-02-17 21:38:20.740287",false
2483,[OLD] back-to-college,35,2,1,"{""componentJson"": [{""id"": 4317, ""displayOrder"": 1}]}","2025-01-01 00:00:22","2075-01-01 00:00:22",1,2,back-to-college,/catalog,"",BACK TO COLLEGE,0,0,22405,false,false,0,"2026-02-17 21:38:20.819302",false
2484,[OLD] back-to-college,35,2,1,"{""componentJson"": [{""id"": 4317, ""displayOrder"": 1}]}","2025-01-01 00:00:22","2075-01-01 00:00:22",1,2,back-to-college,/catalog,"",BACK TO COLLEGE,0,0,22406,false,false,0,"2026-02-17 21:38:20.896367",false
2485,[OLD] back-to-college,35,23,1,"{""componentJson"": [{""id"": 4729, ""displayOrder"": 1}]}","2025-01-01 00:00:22","2075-01-01 00:00:22",1,2,back-to-college,/κατάλογος,"",BACK TO COLLEGE,0,0,22407,false,false,0,"2026-02-17 21:38:20.980349",false
2486,[OLD] back-to-college,35,2,1,"{""componentJson"": [{""id"": 4318, ""displayOrder"": 1}]}","2025-01-01 00:00:22","2075-01-01 00:00:22",1,2,back-to-college,/catalog,"",BACK TO COLLEGE,0,0,22408,false,false,0,"2026-02-17 21:38:21.068658",false
2487,[OLD] back-to-work,35,2,1,"{""componentJson"": [{""id"": 4319, ""displayOrder"": 1}]}","2025-01-01 00:00:22","2075-01-01 00:00:22",1,2,back-to-work,/catalog,"",BACK TO WORK,0,0,22409,false,false,0,"2026-02-17 21:38:21.149141",false
2488,[OLD] back-to-work,35,2,1,"{""componentJson"": [{""id"": 4321, ""displayOrder"": 1}]}","2025-01-01 00:00:22","2075-01-01 00:00:22",1,2,back-to-work,/catalog,"",BACK TO WORK,0,0,22410,false,false,0,"2026-02-17 21:38:21.223888",false
2489,[OLD] back-to-work,35,2,1,"{""componentJson"": [{""id"": 4321, ""displayOrder"": 1}]}","2025-01-01 00:00:22","2075-01-01 00:00:22",1,2,back-to-work,/catalog,"",BACK TO WORK,0,0,22411,false,false,0,"2026-02-17 21:38:21.304689",false
2490,[OLD] back-to-work,35,23,1,"{""componentJson"": [{""id"": 4730, ""displayOrder"": 1}]}","2025-01-01 00:00:22","2075-01-01 00:00:22",1,2,back-to-work,/κατάλογος,"",BACK TO WORK,0,0,22412,false,false,0,"2026-02-17 21:38:21.397174",false
2491,[OLD] back-to-work,35,23,1,"{""componentJson"": [{""id"": 4730, ""displayOrder"": 1}]}","2025-01-01 00:00:22","2075-01-01 00:00:22",1,2,back-to-work,/κατάλογος,"",BACK TO WORK,0,0,22413,false,false,0,"2026-02-17 21:38:21.469552",false
2492,[OLD] denim-women,35,23,1,"{""componentJson"": [{""id"": 4731, ""displayOrder"": 1}]}","2025-01-01 00:00:22","2075-01-01 00:00:22",1,2,denim-women,/κατάλογος,"",Denim Women Trend,0,0,22414,false,false,0,"2026-02-17 21:38:21.553938",false
2493,[OLD] denim-men,35,23,1,"{""componentJson"": [{""id"": 4732, ""displayOrder"": 1}]}","2025-01-01 00:00:22","2075-01-01 00:00:22",1,2,denim-men,/κατάλογος,"",Denim Men Trend,0,0,22415,false,false,0,"2026-02-17 21:38:21.642406",false
2494,[OLD] noel-christmas-newyear,35,2,1,"{""componentJson"": [{""id"": 4323, ""displayOrder"": 1}]}","2025-01-01 00:00:22","2075-01-01 00:00:22",1,2,noel-christmas-newyear,/catalog,"",Noel Christmas Newyear,0,0,22416,false,false,0,"2026-02-17 21:38:21.719566",false
2495,[OLD] Noel Christmas Newyear,35,2,1,"{""componentJson"": [{""id"": 4323, ""displayOrder"": 1}]}","2025-01-01 00:00:22","2075-01-01 00:00:22",1,2,Noel Christmas Newyear,/catalog,"",Noel Christmas Newyear,0,0,22417,false,false,0,"2026-02-17 21:38:21.799763",false
2496,[OLD] noel-christmas-newyear,35,2,1,"{""componentJson"": [{""id"": 4324, ""displayOrder"": 1}]}","2025-01-01 00:00:22","2075-01-01 00:00:22",1,2,noel-christmas-newyear,/catalog,"",Noel Christmas Newyear,0,0,22418,false,false,0,"2026-02-17 21:38:21.885752",false
2497,[OLD] χριστουγεννιατικη-νέοέτος,35,23,1,"{""componentJson"": [{""id"": 4733, ""displayOrder"": 1}]}","2025-01-01 00:00:22","2075-01-01 00:00:22",1,2,χριστουγεννιατικη-νέοέτος,/κατάλογος,"",χριστουγεννιατικη νέοέτος,0,0,22419,false,false,0,"2026-02-17 21:38:21.982739",false
2499,[OLD] sale-lp,35,2,1,"{""componentJson"": [{""id"": 4328, ""displayOrder"": 1}]}","2025-01-01 00:00:22","2075-01-01 00:00:22",1,2,sale-lp,/catalog,"",SALE LP,0,0,22421,false,false,0,"2026-02-17 21:38:22.144545",false
2500,[OLD] beach-bg-bu,35,2,1,"{""componentJson"": [{""id"": 4329, ""displayOrder"": 1}]}","2025-01-01 00:00:22","2075-01-01 00:00:22",1,2,beach-bg-bu,/catalog,"",Beach LP,0,0,22422,false,false,0,"2026-02-17 21:38:22.243945",false
2501,[OLD] beach-bg-bu,35,2,1,"{""componentJson"": [{""id"": 4331, ""displayOrder"": 1}]}","2025-01-01 00:00:22","2075-01-01 00:00:22",1,2,beach-bg-bu,/catalog,"",Beach LP,0,0,22423,false,false,0,"2026-02-17 21:38:22.341782",false
2502,[OLD] beach-bg-bu,35,23,1,"{""componentJson"": [{""id"": 4734, ""displayOrder"": 1}]}","2025-01-01 00:00:22","2075-01-01 00:00:22",1,2,beach-bg-bu,/κατάλογος,"",Beach LP,0,0,22424,false,false,0,"2026-02-17 21:38:22.437744",false
2503,[OLD] beach-ck-cu,35,2,1,"{""componentJson"": [{""id"": 4333, ""displayOrder"": 1}]}","2025-01-01 00:00:22","2075-01-01 00:00:22",1,2,beach-ck-cu,/catalog,"",Beach LP,0,0,22425,false,false,0,"2026-02-17 21:38:22.523",false
2504,[OLD] beach-ck-cu,35,2,1,"{""componentJson"": [{""id"": 4334, ""displayOrder"": 1}]}","2025-01-01 00:00:22","2075-01-01 00:00:22",1,2,beach-ck-cu,/catalog,"",Beach LP,0,0,22426,false,false,0,"2026-02-17 21:38:22.600675",false
2505,[OLD] beach-ck-cu,35,23,1,"{""componentJson"": [{""id"": 4735, ""displayOrder"": 1}]}","2025-01-01 00:00:22","2075-01-01 00:00:22",1,2,beach-ck-cu,/κατάλογος,"",Beach LP,0,0,22427,false,false,0,"2026-02-17 21:38:22.690845",false
2506,[OLD] beach-ck-cu,35,2,1,"{""componentJson"": [{""id"": 4335, ""displayOrder"": 1}]}","2025-01-01 00:00:22","2075-01-01 00:00:22",1,2,beach-ck-cu,/catalog,"",Beach LP,0,0,22428,false,false,0,"2026-02-17 21:38:22.770875",false
2507,[OLD] WEB-BEACH-BG-BU,35,2,1,"{""componentJson"": [{""id"": 4736, ""displayOrder"": 1}]}","2025-07-31 13:52:52.374878","2033-12-31 21:00:00",1,2,beach-bg-bu,/catalog,Beach LP,Beach LP,0,0,22813,false,true,0,"2026-02-17 21:38:22.868751",false
2508,[OLD] WEB-BEACH-CK-CU,35,2,1,"{""componentJson"": [{""id"": 4737, ""displayOrder"": 1}]}","2025-07-31 13:51:58.928676","2033-12-31 21:00:00",1,2,beach-ck-cu,/catalog,Beach LP,Beach LP,0,0,22814,false,true,0,"2026-02-17 21:38:22.964013",false
2509,[OLD] WEB-BEACH-CK-CU,35,23,1,"{""componentJson"": [{""id"": 4737, ""displayOrder"": 1}]}","2025-07-31 13:51:04.119302","2033-12-31 21:00:00",1,2,beach-ck-cu,/katalogos,Beach LP,Beach LP,0,0,22815,false,true,0,"2026-02-17 21:38:23.054758",false
2510,[OLD] WEB-BEACH-BG-BU,35,23,1,"{""componentJson"": [{""id"": 4736, ""displayOrder"": 1}]}","2025-07-31 13:50:22.099715","2033-12-31 21:00:00",1,2,beach-bg-bu,/katalogos,Beach LP,Beach LP,0,0,22816,false,true,0,"2026-02-17 21:38:23.160278",false
2511,[OLD] APP-CHRISTMAS-LP,35,2,1,"{""componentJson"": [{""id"": 4738, ""displayOrder"": 1}]}","2025-11-17 08:37:39","2029-12-31 22:00:00",1,2,christmas-nt,/catalog,christmas,christmas,0,0,114280,true,false,0,"2026-02-17 21:38:23.252101",false
2512,[OLD] WEB-CHRISTMAS-LP,35,2,1,"{""componentJson"": [{""id"": 4739, ""displayOrder"": 1}]}","2025-11-17 08:47:56.421402","2033-12-31 22:00:00",1,2,christmas,/catalog,christmas,christmas,0,0,114281,false,false,0,"2026-02-17 21:38:23.360013",false
2513,[OLD] APP-CHRISTMAS-LP-GR,35,23,1,"{""componentJson"": [{""id"": 4740, ""displayOrder"": 1}]}","2025-11-17 08:49:45.510888","2029-12-31 22:00:00",1,2,christmas-nt,/katalogos,christmas,christmas,0,0,114287,true,false,0,"2026-02-17 21:38:23.442352",false
2514,[OLD] WEB-CHRISTMAS-LP-GR,35,23,1,"{""componentJson"": [{""id"": 4741, ""displayOrder"": 1}]}","2025-11-17 08:49:47.731697","2029-12-31 22:00:00",1,2,christmas,/katalogos,christmas,christmas,0,0,114288,false,false,0,"2026-02-17 21:38:23.529692",false
2515,[OLD] WINTER LP,35,2,1,"{""componentJson"": [{""id"": 4742, ""displayOrder"": 1}, {""id"": 4743, ""displayOrder"": 2}]}","2025-12-04 04:57:38","2029-12-31 22:00:00",1,2,winter-lp,/catalog,Winter LP,Winter LP,0,0,117014,false,false,0,"2026-02-17 21:38:23.664375",false
2516,[OLD] WINTER LP APP,35,2,1,"{""componentJson"": [{""id"": 4744, ""displayOrder"": 1}, {""id"": 4745, ""displayOrder"": 2}]}","2025-12-04 04:57:40","2029-12-31 22:00:00",1,2,winter-lp-nt,/catalog,Winter LP App,Winter LP App,0,0,117015,true,false,0,"2026-02-17 21:38:23.79022",false
2517,[OLD] WINTER LP,35,23,1,"{""componentJson"": [{""id"": 4746, ""displayOrder"": 1}, {""id"": 4747, ""displayOrder"": 2}]}","2025-12-04 04:58:48","2029-12-31 22:00:00",1,2,winter-lp,/katalogos,Winter LP,Winter LP,0,0,117016,false,false,0,"2026-02-17 21:38:23.925864",false
2518,[OLD] WINTER LP APP,35,23,1,"{""componentJson"": [{""id"": 4748, ""displayOrder"": 1}, {""id"": 4749, ""displayOrder"": 2}]}","2025-12-04 04:58:50","2029-12-31 22:00:00",1,2,winter-lp-nt,/katalogos,Winter LP App,Winter LP App,0,0,117017,true,false,0,"2026-02-17 21:38:24.051921",false
2519,[OLD] KIDS-BABY-GREN,35,2,1,"{""componentJson"": [{""id"": 4750, ""displayOrder"": 1}, {""id"": 4751, ""displayOrder"": 2}, {""id"": 4752, ""displayOrder"": 3}, {""id"": 4753, ""displayOrder"": 4}, {""id"": 4754, ""displayOrder"": 5}, {""id"": 4755, ""displayOrder"": 6}, {""id"": 4756, ""displayOrder"": 7}]}","2025-09-09 13:12:44.821465","2035-09-09 13:13:20.61345",1,8,"","","","",104,0,24529,false,false,0,"2026-02-17 21:38:31.020699",false
2520,[OLD] KIDS-BABY-GR,35,23,1,"{""componentJson"": [{""id"": 4757, ""displayOrder"": 1}, {""id"": 4758, ""displayOrder"": 2}, {""id"": 4759, ""displayOrder"": 3}, {""id"": 4760, ""displayOrder"": 4}, {""id"": 4761, ""displayOrder"": 5}, {""id"": 4762, ""displayOrder"": 6}, {""id"": 4763, ""displayOrder"": 7}]}","2025-09-09 13:36:12.041593","2035-09-09 13:36:20.606436",1,8,"","","","",109,0,24533,false,false,0,"2026-02-17 21:38:31.356816",false
2521,[OLD] HP-GR-GR-APP,35,23,1,"{""componentJson"": [{""id"": 4764, ""displayOrder"": 1}]}","2025-09-16 12:57:59.835528","2035-09-16 12:58:08.976707",1,8,"","","","",172,1,25065,true,false,0,"2026-02-17 21:38:31.440677",false
2522,[OLD] APP-HOMEPAGE-EN,35,2,1,"{""componentJson"": [{""id"": 4764, ""displayOrder"": 1}]}","2025-09-16 13:05:21.538037","2035-09-16 13:05:48.610475",1,8,"","","","",173,1,25072,true,false,0,"2026-02-17 21:38:31.513963",false
2523,[OLD] APP-CHRISTMAS-HOME,35,2,1,"{""componentJson"": [{""id"": 4738, ""displayOrder"": 1}]}","2025-11-28 10:42:44.000018","2035-11-28 10:42:45.27949",1,8,christmas-nt,/catalog,christmas,christmas,462,1,116120,true,false,0,"2026-02-17 21:38:31.585637",false
2524,[OLD] APP-CHRISTMAS-HOME-GR,35,23,1,"{""componentJson"": [{""id"": 4740, ""displayOrder"": 1}]}","2025-11-28 10:43:05.672257","2035-11-28 10:43:08.014496",1,8,christmas-nt,/katalogos,christmas,christmas,463,1,116121,true,false,0,"2026-02-17 21:38:31.659518",false
2551,[OLD] APP-DEALZONE-GREN-080126,35,2,126,"{""componentJson"": [{""id"": 8213, ""isActive"": true, ""displayOrder"": 1}, {""id"": 7773, ""isActive"": true, ""displayOrder"": 2}, {""id"": 7454, ""isActive"": true, ""displayOrder"": 3}, {""id"": 7235, ""isActive"": true, ""displayOrder"": 4}, {""id"": 7237, ""isActive"": true, ""displayOrder"": 5}]}","2026-02-05 05:52:51.086","2036-01-09 05:46:29",1,8,"","","","",245,1,0,true,false,1,"2026-02-17 21:38:34.567407",false
2550,[OLD] APP-DEALZONE-GR-080126,35,23,126,"{""componentJson"": [{""id"": 8213, ""isActive"": true, ""displayOrder"": 1}, {""id"": 7773, ""isActive"": true, ""displayOrder"": 2}, {""id"": 7454, ""isActive"": true, ""displayOrder"": 3}, {""id"": 7235, ""isActive"": true, ""displayOrder"": 4}, {""id"": 7237, ""isActive"": true, ""displayOrder"": 5}]}","2026-02-05 05:52:19.575","2036-01-09 05:41:57",1,8,"","","","",252,1,0,true,false,1,"2026-02-17 21:38:34.377047",false
2545,[OLD] APP-HOMEPAGE-GREN-010126,35,2,1,"{""componentJson"": [{""id"": 4785, ""displayOrder"": 1}, {""id"": 4786, ""displayOrder"": 2}]}","2026-01-01 07:00:42","2036-01-01 07:04:42.256069",1,8,"","","","",215,1,120095,true,false,0,"2026-02-17 21:38:33.527703",false
2546,[OLD] WEB-HOMEPAGE-GREN-010126,35,2,1,"{""componentJson"": [{""id"": 4787, ""displayOrder"": 1}, {""id"": 4788, ""displayOrder"": 2}]}","2026-01-01 07:00:10","2036-01-01 07:01:36.637961",1,8,"","","","",101,0,120096,false,false,0,"2026-02-17 21:38:33.666819",false
2553,[OLD] KIDS-BABY-RSEN,125,2,1,"{""componentJson"": [{""id"": 4809, ""displayOrder"": 1}, {""id"": 4810, ""displayOrder"": 2}, {""id"": 4811, ""displayOrder"": 3}, {""id"": 4812, ""displayOrder"": 4}, {""id"": 4813, ""displayOrder"": 5}, {""id"": 4814, ""displayOrder"": 6}, {""id"": 4815, ""displayOrder"": 7}]}","2025-08-28 09:56:25.862777","2035-08-28 09:56:39.993524",1,8,"","","","",6,0,23720,false,false,0,"2026-02-17 21:38:43.66714",false
2533,[OLD] APP-WOMEN-GREN-111225,35,2,36,"{""componentJson"": [{""id"": 4783, ""displayOrder"": 1}]}","2026-02-16 07:06:31.965","2026-02-19 15:17:15.340168",4,8,"","","","",636,1,0,true,false,1,"2026-02-17 21:38:32.39154",false
2544,[OLD] WOMEN-GR-111225,35,23,1,"{""componentJson"": [{""id"": 4784, ""displayOrder"": 1}]}","2026-02-16 09:08:56.969414","2026-02-23 06:58:04.051301",4,8,"","","","",107,0,117681,false,false,0,"2026-02-17 21:38:33.372858",false
2543,[OLD] APP-WOMEN-GR-111225,35,23,1,"{""componentJson"": [{""id"": 4783, ""displayOrder"": 1}]}","2026-02-16 09:08:51.67292","2026-02-23 07:02:54.817067",4,8,"","","","",249,1,117680,true,false,0,"2026-02-17 21:38:33.27825",false
2527,[OLD] APP-BOYS-GREN-111225,35,2,1,"{""componentJson"": [{""id"": 4767, ""displayOrder"": 1}]}","2026-02-17 10:57:57.907528","2026-02-23 10:23:00.854477",4,8,"","","","",247,1,117662,true,false,0,"2026-02-17 21:38:31.898273",false
2537,[OLD] APP-BOYS-GR-111225,35,23,1,"{""componentJson"": [{""id"": 4777, ""displayOrder"": 1}]}","2026-02-17 10:58:35.486794","2026-02-23 10:23:17.394694",4,8,"","","","",254,1,117674,true,false,0,"2026-02-17 21:38:32.712803",false
2528,[OLD] BOYS-GREN-111225,35,2,1,"{""componentJson"": [{""id"": 4768, ""displayOrder"": 1}]}","2026-02-17 10:57:53.874436","2026-02-23 10:28:54.081235",4,8,"","","","",269,0,117663,false,false,0,"2026-02-17 21:38:31.976616",false
2538,[OLD] BOYS-GR-111225,35,23,1,"{""componentJson"": [{""id"": 4778, ""displayOrder"": 1}]}","2026-02-17 10:58:31.990175","2026-02-23 10:29:06.758654",4,8,"","","","",272,0,117675,false,false,0,"2026-02-17 21:38:32.805375",false
2532,[OLD] MEN-GREN-111225,35,2,1,"{""componentJson"": [{""id"": 4772, ""displayOrder"": 1}]}","2026-02-17 10:01:18.173679","2026-02-23 12:26:26.659564",4,8,"","","","",103,0,117667,false,false,0,"2026-02-17 21:38:32.313027",false
2548,[OLD] WEB-HOMEPAGE-GR-010126,35,23,1,"{""componentJson"": [{""id"": 4791, ""displayOrder"": 1}, {""id"": 4792, ""displayOrder"": 2}]}","2026-01-01 07:00:21","2026-02-23 12:35:43.098047",4,8,"","","","",106,0,120101,false,false,0,"2026-02-17 21:38:33.928014",false
2536,[OLD] BABY-GR-111225,35,23,1,"{""componentJson"": [{""id"": 4776, ""displayOrder"": 1}]}","2026-02-17 06:31:03.92798","2026-02-23 12:48:50.994316",4,8,"","","","",273,0,117671,false,false,0,"2026-02-17 21:38:32.634119",false
2526,[OLD] BABY-GREN-111225,35,2,1,"{""componentJson"": [{""id"": 4766, ""displayOrder"": 1}]}","2026-02-17 06:29:25.096941","2026-02-23 12:48:57.892677",4,8,"","","","",270,0,117661,false,false,0,"2026-02-17 21:38:31.820351",false
2535,[OLD] APP-BABY-GR-111225,35,23,1,"{""componentJson"": [{""id"": 4775, ""displayOrder"": 1}]}","2026-02-17 06:30:56.83635","2026-02-23 12:53:34.147124",4,8,"","","","",255,1,117670,true,false,0,"2026-02-17 21:38:32.549309",false
2540,[OLD] GIRLS-GR-111225,35,23,1,"{""componentJson"": [{""id"": 4780, ""displayOrder"": 1}]}","2026-02-16 09:09:07","2026-02-23 13:36:09.829926",4,8,"","","","",271,0,117677,false,false,0,"2026-02-17 21:38:32.990749",false
2530,[OLD] GIRLS-GREN-111225,35,2,1,"{""componentJson"": [{""id"": 4770, ""displayOrder"": 1}]}","2026-02-16 09:06:51","2026-02-23 13:36:19.787044",4,8,"","","","",268,0,117665,false,false,0,"2026-02-17 21:38:32.136037",false
2539,[OLD] APP-GIRLS-GR-111225,35,23,1,"{""componentJson"": [{""id"": 4779, ""displayOrder"": 1}]}","2026-02-16 09:09:01","2026-02-23 13:45:37.360279",4,8,"","","","",253,1,117676,true,false,0,"2026-02-17 21:38:32.899939",false
2529,[OLD] APP-GIRLS-GREN-111225,35,2,1,"{""componentJson"": [{""id"": 4769, ""displayOrder"": 1}]}","2026-02-16 09:06:43","2026-02-23 13:45:42.682641",4,8,"","","","",246,1,117664,true,false,0,"2026-02-17 21:38:32.055236",false
2547,[OLD] APP-HOMEPAGE-GR-010126,35,23,1,"{""componentJson"": [{""id"": 4789, ""displayOrder"": 1}, {""id"": 4790, ""displayOrder"": 2}]}","2026-01-01 07:00:16","2026-02-23 13:45:54.323788",4,8,"","","","",217,1,120099,true,false,0,"2026-02-17 21:38:33.793843",false
2531,[OLD] APP-MEN-GREN-111225,35,2,1,"{""componentJson"": [{""id"": 4771, ""displayOrder"": 1}]}","2026-02-17 10:01:14.049514","2026-02-23 13:46:00.853672",4,8,"","","","",243,1,117666,true,false,0,"2026-02-17 21:38:32.215456",false
2541,[OLD] APP-MEN-GR-111225,35,23,1,"{""componentJson"": [{""id"": 4781, ""displayOrder"": 1}]}","2026-02-17 10:04:32.34083","2026-02-23 13:53:53.627186",4,8,"","","","",250,1,117678,true,false,0,"2026-02-17 21:38:33.081786",false
2542,[OLD] MEN-GR-111225,35,23,1,"{""componentJson"": [{""id"": 4782, ""displayOrder"": 1}]}","2026-02-17 10:04:36.021701","2026-02-23 13:55:34.32782",4,8,"","","","",108,0,117679,false,false,0,"2026-02-17 21:38:33.182495",false
2554,[OLD] APP-KIDS-BABY-RSEN,125,2,1,"{""componentJson"": [{""id"": 4816, ""displayOrder"": 1}]}","2025-09-12 10:14:05.213405","2035-08-28 10:10:18",1,8,"","","","",11,1,23725,true,false,0,"2026-02-17 21:38:43.749166",false
2555,[OLD] KIDS-BABY-RS,125,9,1,"{""componentJson"": [{""id"": 4817, ""displayOrder"": 1}, {""id"": 4818, ""displayOrder"": 2}, {""id"": 4819, ""displayOrder"": 3}, {""id"": 4820, ""displayOrder"": 4}, {""id"": 4821, ""displayOrder"": 5}, {""id"": 4822, ""displayOrder"": 6}, {""id"": 4823, ""displayOrder"": 7}]}","2025-08-28 11:42:41.781468","2035-08-28 11:43:18.795484",1,8,"","","","",21,0,23733,false,false,0,"2026-02-17 21:38:44.096657",false
2556,[OLD] APP-KIDS-BABY-RS,125,9,1,"{""componentJson"": [{""id"": 4824, ""displayOrder"": 1}, {""id"": 4825, ""displayOrder"": 2}, {""id"": 4826, ""displayOrder"": 3}, {""id"": 4827, ""displayOrder"": 4}, {""id"": 4828, ""displayOrder"": 5}, {""id"": 4829, ""displayOrder"": 6}, {""id"": 4830, ""displayOrder"": 7}]}","2025-09-12 10:31:42.498247","2035-08-28 20:47:39",1,8,"","","","",75,1,23799,true,false,0,"2026-02-17 21:38:44.467953",false
2557,[OLD] APP-CHRISTMAS-HOME-RSEN,125,2,1,"{""componentJson"": [{""id"": 4831, ""displayOrder"": 1}]}","2025-11-28 10:34:46.234728","2035-11-28 10:35:00.501937",1,8,christmas-nt,/catalog,Merry Christmas,Merry Christmas,456,1,116114,true,false,0,"2026-02-17 21:38:44.547699",false
2558,[OLD] APP-CHRISTMAS-HOME-RS,125,9,1,"{""componentJson"": [{""id"": 4832, ""displayOrder"": 1}]}","2025-11-28 10:35:46.756544","2035-11-28 10:36:00.503363",1,8,christmas-nt,/katalog,Merry Christmas,Merry Christmas,457,1,116115,true,false,0,"2026-02-17 21:38:44.630676",false
2559,[OLD] APP-HOMEPAGE-RSEN-010126,125,2,1,"{""componentJson"": [{""id"": 4833, ""displayOrder"": 1}, {""id"": 4834, ""displayOrder"": 2}, {""id"": 4835, ""displayOrder"": 3}]}","2026-01-01 07:30:29","2036-01-01 07:30:59.42712",1,8,"","","","",8,1,120016,true,false,0,"2026-02-17 21:38:44.814693",false
2560,[OLD] HOMEPAGE-RSEN-010126,125,2,1,"{""componentJson"": [{""id"": 4836, ""displayOrder"": 1}, {""id"": 4837, ""displayOrder"": 2}, {""id"": 4838, ""displayOrder"": 3}, {""id"": 4839, ""displayOrder"": 4}]}","2026-01-01 07:30:33","2036-01-01 07:31:29.722125",1,8,"","","","",3,0,120017,false,false,0,"2026-02-17 21:38:45.039612",false
2561,[OLD] APP-HOMEPAGE-RS-010126,125,9,1,"{""componentJson"": [{""id"": 4840, ""displayOrder"": 1}, {""id"": 4841, ""displayOrder"": 2}, {""id"": 4842, ""displayOrder"": 3}]}","2026-01-01 07:30:44","2036-01-01 07:31:36.605993",1,8,"","","","",72,1,120020,true,false,0,"2026-02-17 21:38:45.207878",false
2562,[OLD] WEB-HOMEPAGE-RS-010126,125,9,1,"{""componentJson"": [{""id"": 4843, ""displayOrder"": 1}, {""id"": 4844, ""displayOrder"": 2}, {""id"": 4845, ""displayOrder"": 3}, {""id"": 4846, ""displayOrder"": 4}]}","2026-01-01 07:30:49","2036-01-01 07:32:29.720047",1,8,"","","","",18,0,120021,false,false,0,"2026-02-17 21:38:45.424539",false
2580,[OLD] WOMEN-RSEN-010126,125,2,126,"{""componentJson"": [{""id"": 7276, ""displayOrder"": 1}]}","2026-02-16 02:42:01.337","2026-02-23 06:52:14.737831",4,8,"","","","",4,0,0,false,false,1,"2026-02-17 21:38:46.960281",false
2581,[OLD] APP-WOMEN-RS-010126,125,9,1,"{""componentJson"": [{""id"": 4865, ""displayOrder"": 1}]}","2026-02-16 06:42:53.536504","2026-02-23 06:53:07.211718",4,8,"","","","",73,1,120567,true,false,0,"2026-02-17 21:38:47.040791",false
2565,[OLD] BOYS-RSEN-010126,125,2,1,"{""componentJson"": [{""id"": 4849, ""displayOrder"": 1}]}","2026-02-17 11:50:16.71992","2026-02-23 10:15:40.421561",4,8,"","","","",178,0,120469,false,false,0,"2026-02-17 21:38:45.687075",false
2566,[OLD] APP-BOYS-RSEN-010126,125,2,1,"{""componentJson"": [{""id"": 4850, ""displayOrder"": 1}]}","2026-02-17 11:50:23.020055","2026-02-23 10:15:40.454551",4,8,"","","","",234,1,120470,true,false,0,"2026-02-17 21:38:45.781018",false
2572,[OLD] APP-BOYS-RS-010126,125,9,1,"{""componentJson"": [{""id"": 4856, ""displayOrder"": 1}]}","2026-02-17 11:51:09.317144","2026-02-23 10:24:52.159963",4,8,"","","","",231,1,120476,true,false,0,"2026-02-17 21:38:46.298937",false
2571,[OLD] BOYS-RS-010126,125,9,1,"{""componentJson"": [{""id"": 4855, ""displayOrder"": 1}]}","2026-02-17 11:51:03.92951","2026-02-23 10:30:05.009053",4,8,"","","","",181,0,120475,false,false,0,"2026-02-17 21:38:46.218871",false
2576,[OLD] MEN-RSEN-010126,125,2,1,"{""componentJson"": [{""id"": 4860, ""displayOrder"": 1}]}","2026-02-17 10:30:48.495866","2026-02-23 12:22:21.153029",4,8,"","","","",5,0,120489,false,false,0,"2026-02-17 21:38:46.632123",false
2568,[OLD] APP-BABY-RSEN-010126,125,2,126,"{""componentJson"": [{""id"": 4852, ""displayOrder"": 1}]}","2026-02-17 03:34:04.706","2026-02-23 12:40:52.991465",4,8,"","","","",235,1,0,true,false,1,"2026-02-17 21:38:45.973712",false
2567,[OLD] BABY-RSEN-010126,125,2,1,"{""componentJson"": [{""id"": 4851, ""displayOrder"": 1}]}","2026-02-17 07:34:12.898459","2026-02-23 12:40:53.03539",4,8,"","","","",179,0,120471,false,false,0,"2026-02-17 21:38:45.880795",false
2579,[OLD] APP-WOMEN-RSEN-010126,125,2,126,"{""componentJson"": [{""id"": 7275, ""displayOrder"": 1}]}","2026-02-16 02:42:02.024","2026-02-23 12:44:26.492377",4,8,"","","","",9,1,0,true,false,1,"2026-02-17 21:38:46.878981",false
2573,[OLD] BABY-RS-010126,125,9,126,"{""componentJson"": [{""id"": 4857, ""displayOrder"": 1}]}","2026-02-17 01:36:16.441","2026-02-23 12:47:41.844767",4,8,"","","","",182,0,0,false,false,1,"2026-02-17 21:38:46.387965",false
2574,[OLD] APP-BABY-RS-010126,125,9,1,"{""componentJson"": [{""id"": 4858, ""displayOrder"": 1}]}","2026-02-17 07:36:23.091582","2026-02-23 12:52:31.07175",4,8,"","","","",232,1,120478,true,false,0,"2026-02-17 21:38:46.468774",false
2564,[OLD] GIRLS-RSEN-010126,125,2,1,"{""componentJson"": [{""id"": 4848, ""displayOrder"": 1}]}","2026-02-16 06:18:42","2026-02-23 13:33:52.997009",4,8,"","","","",177,0,120468,false,false,0,"2026-02-17 21:38:45.587954",false
2569,[OLD] GIRLS-RS-010126,125,9,1,"{""componentJson"": [{""id"": 4853, ""displayOrder"": 1}]}","2026-02-16 06:20:55","2026-02-23 13:34:52.38149",4,8,"","","","",180,0,120473,false,false,0,"2026-02-17 21:38:46.054277",false
2575,[OLD] APP-MEN-RSEN-010126,125,2,1,"{""componentJson"": [{""id"": 4859, ""displayOrder"": 1}]}","2026-02-17 10:30:43.426693","2026-02-23 13:36:40.414912",4,8,"","","","",10,1,120488,true,false,0,"2026-02-17 21:38:46.550029",false
2577,[OLD] APP-MEN-RS-010126,125,9,1,"{""componentJson"": [{""id"": 4861, ""displayOrder"": 1}]}","2026-02-17 10:36:59.235011","2026-02-23 13:41:34.108769",4,8,"","","","",74,1,120500,true,false,0,"2026-02-17 21:38:46.713689",false
2570,[OLD] APP-GIRLS-RS-010126,125,9,1,"{""componentJson"": [{""id"": 4854, ""displayOrder"": 1}]}","2026-02-16 06:20:47","2026-03-03 10:55:18.659165",4,8,"","","","",230,1,120474,true,false,0,"2026-02-17 21:38:46.137676",false
2585,[OLD] APP-DEALZONE-RS-080126,125,9,126,"{""componentJson"": [{""id"": 8213, ""isActive"": true, ""displayOrder"": 1}, {""id"": 7454, ""isActive"": true, ""displayOrder"": 2}, {""id"": 7710, ""isActive"": true, ""displayOrder"": 3}, {""id"": 7235, ""isActive"": true, ""displayOrder"": 4}, {""id"": 4841, ""isActive"": true, ""displayOrder"": 5}, {""id"": 7237, ""isActive"": true, ""displayOrder"": 6}]}","2026-02-05 21:46:09.991","2036-01-07 20:02:29",1,8,"","","","",76,1,0,true,false,1,"2026-02-17 21:38:47.916978",false
2591,[OLD] WEB-RSEN-SALE-LP,125,2,1,"{""componentJson"": [{""id"": 4889, ""displayOrder"": 1}, {""id"": 4890, ""displayOrder"": 2}]}","2025-05-28 05:10:09.302671","2026-05-26 07:52:27",1,2,sale-lp,/catalog,SALE-LP,SALE-LP,0,0,21073,false,false,0,"2026-02-17 21:38:55.682847",false
2592,[OLD] WEB-SALE-LP-RS,125,9,1,"{""componentJson"": [{""id"": 4891, ""displayOrder"": 1}, {""id"": 4892, ""displayOrder"": 2}]}","2025-05-28 10:13:32.697451","2032-12-30 00:00:00",1,2,sale-lp,/katalog,SALE-LP,SALE-LP,0,0,21078,false,false,0,"2026-02-17 21:38:55.818413",false
2593,[OLD] deneme,125,9,1,"{""componentJson"": [{""id"": 4893, ""displayOrder"": 1}]}","2025-01-01 00:00:22","2075-01-01 00:00:22",1,2,deneme,/katalog,"",deneme,0,0,21085,false,false,0,"2026-02-17 21:38:55.917291",false
2594,[OLD] bts-2021,125,9,1,"{""componentJson"": [{""id"": 4893, ""displayOrder"": 1}]}","2025-01-01 00:00:22","2075-01-01 00:00:22",1,2,bts-2021,/katalog,"",bts-2021,0,0,21086,false,false,0,"2026-02-17 21:38:55.989405",false
2595,[OLD] bts-2021,125,9,1,"{""componentJson"": [{""id"": 4893, ""displayOrder"": 1}]}","2025-01-01 00:00:22","2075-01-01 00:00:22",1,2,bts-2021,/katalog,"",bts-2021,0,0,21087,false,false,0,"2026-02-17 21:38:56.058343",false
2596,[OLD] bts-21,125,9,1,"{""componentJson"": [{""id"": 4894, ""displayOrder"": 1}]}","2025-01-01 00:00:22","2075-01-01 00:00:22",1,2,bts-21,/katalog,"",bts-21,0,0,21088,false,false,0,"2026-02-17 21:38:56.141335",false
2597,[OLD] bts-21,125,2,1,"{""componentJson"": [{""id"": 4895, ""displayOrder"": 1}]}","2025-01-01 00:00:22","2075-01-01 00:00:22",1,2,bts-21,/catalog,"",bts-21,0,0,21089,false,false,0,"2026-02-17 21:38:56.230114",false
2598,[OLD] christmas-lp-2021-rs,125,9,1,"{""componentJson"": [{""id"": 4896, ""displayOrder"": 1}]}","2025-01-01 00:00:22","2075-01-01 00:00:22",1,2,christmas-lp-2021-rs,/katalog,"",christmas lp 2021 rs,0,0,21090,false,false,0,"2026-02-17 21:38:56.312479",false
2599,[OLD] christmas-lp-2021-rsen,125,2,1,"{""componentJson"": [{""id"": 4897, ""displayOrder"": 1}]}","2025-01-01 00:00:22","2075-01-01 00:00:22",1,2,christmas-lp-2021-rsen,/catalog,"",christmas lp 2021 rsen,0,0,21091,false,false,0,"2026-02-17 21:38:56.398167",false
2600,[OLD] licensed-rs,125,9,1,"{""componentJson"": [{""id"": 4898, ""displayOrder"": 1}]}","2025-01-01 00:00:22","2075-01-01 00:00:22",1,2,licensed-rs,/katalog,"",licensed rs version,0,0,21092,false,false,0,"2026-02-17 21:38:56.482371",false
2601,[OLD] licensed-rsen,125,2,1,"{""componentJson"": [{""id"": 4899, ""displayOrder"": 1}]}","2025-01-01 00:00:22","2075-01-01 00:00:22",1,2,licensed-rsen,/catalog,"",licensed rs english version,0,0,21093,false,false,0,"2026-02-17 21:38:56.571426",false
2602,[OLD] women-brand-looks-lp,125,9,1,"{""componentJson"": [{""id"": 4249, ""displayOrder"": 1}]}","2025-01-01 00:00:22","2075-01-01 00:00:22",1,2,women-brand-looks-lp,/katalog,"",women brand looks lp,0,0,21094,false,false,0,"2026-02-17 21:38:56.647413",false
2603,[OLD] kids-and-babies-sr,125,9,1,"{""componentJson"": [{""id"": 4900, ""displayOrder"": 1}]}","2025-01-01 00:00:22","2075-01-01 00:00:22",1,2,kids-and-babies-sr,/katalog,"",kids and babies lcwaikiki trend serbia,0,0,21096,false,false,0,"2026-02-17 21:38:56.731153",false
2604,[OLD] kids-and-babies-sren,125,2,1,"{""componentJson"": [{""id"": 4901, ""displayOrder"": 1}]}","2025-01-01 00:00:22","2075-01-01 00:00:22",1,2,kids-and-babies-sren,/catalog,"",kids and babies lcwaikiki trend serbia english version,0,0,21097,false,false,0,"2026-02-17 21:38:56.816574",false
2605,[OLD] outdoor-rs-22,125,9,1,"{""componentJson"": [{""id"": 4902, ""displayOrder"": 1}]}","2025-01-01 00:00:22","2075-01-01 00:00:22",1,2,outdoor-rs-22,/katalog,"",outdoor trend lcwaikiki ,0,0,21099,false,false,0,"2026-02-17 21:38:56.90605",false
2606,[OLD] outdoor-rsen-2022,125,2,1,"{""componentJson"": [{""id"": 4903, ""displayOrder"": 1}]}","2025-01-01 00:00:22","2075-01-01 00:00:22",1,2,outdoor-rsen-2022,/catalog,"",outdoor trend lcwaikiki ,0,0,21100,false,false,0,"2026-02-17 21:38:57.001748",false
2607,[OLD] brands-rs,125,9,1,"{""componentJson"": [{""id"": 4904, ""displayOrder"": 1}]}","2025-01-01 00:00:22","2075-01-01 00:00:22",1,2,brands-rs,/katalog,"",brands look serbia lcwaikiki,0,0,21101,false,false,0,"2026-02-17 21:38:57.082294",false
2582,[OLD] WOMEN-RS-010126,125,9,1,"{""componentJson"": [{""id"": 4866, ""displayOrder"": 1}]}","2026-02-16 06:42:48.601981","2026-02-23 06:53:15.453571",4,8,"","","","",19,0,120568,false,false,0,"2026-02-17 21:38:47.126994",false
2587,[OLD] APP HOME LP,125,2,1,"{""componentJson"": [{""id"": 4883, ""displayOrder"": 1}]}","2026-01-14 10:22:45.201668","2026-02-24 09:17:40.411878",4,8,home-lp-app,/catalog,APP HOME LP,APP HOME LP,522,1,121841,true,false,0,"2026-02-17 21:38:48.38362",false
2588,[OLD] HOME LP,125,2,1,"{""componentJson"": [{""id"": 4884, ""displayOrder"": 1}, {""id"": 4885, ""displayOrder"": 2}]}","2026-01-16 07:11:10.959166","2026-02-24 09:17:40.421033",4,8,home-lp,/catalog,HOME LP,HOME LP,523,0,121842,false,false,0,"2026-02-17 21:38:48.534597",false
2590,[OLD] HOME LP,125,9,1,"{""componentJson"": [{""id"": 4887, ""displayOrder"": 1}, {""id"": 4888, ""displayOrder"": 2}]}","2026-01-16 07:11:32.589613","2026-02-24 09:19:23.284791",4,8,home-lp,/katalog,HOME LP,HOME LP,525,0,121844,false,false,0,"2026-02-17 21:38:48.791083",false
2589,[OLD] APP HOME LP,125,9,1,"{""componentJson"": [{""id"": 4886, ""displayOrder"": 1}]}","2026-01-14 10:23:13.329439","2026-02-24 09:21:50.23253",4,8,home-lp-app,/katalog,APP HOME LP,APP HOME LP,524,1,121843,true,false,0,"2026-02-17 21:38:48.639442",false
2608,[OLD] brands-rs,125,9,1,"{""componentJson"": [{""id"": 4904, ""displayOrder"": 1}]}","2025-01-01 00:00:22","2075-01-01 00:00:22",1,2,brands-rs,/katalog,"",brands look serbia lcwaikiki,0,0,21102,false,false,0,"2026-02-17 21:38:57.160758",false
2609,[OLD] brands-rs,125,9,1,"{""componentJson"": [{""id"": 4904, ""displayOrder"": 1}]}","2025-01-01 00:00:22","2075-01-01 00:00:22",1,2,brands-rs,/katalog,"",brands look serbia lcwaikiki,0,0,21103,false,false,0,"2026-02-17 21:38:57.234565",false
2610,[OLD] brands-rs,125,9,1,"{""componentJson"": [{""id"": 4904, ""displayOrder"": 1}]}","2025-01-01 00:00:22","2075-01-01 00:00:22",1,2,brands-rs,/katalog,"",brands look serbia lcwaikiki1,0,0,21104,false,false,0,"2026-02-17 21:38:57.307985",false
2611,[OLD] brands-rsen,125,2,1,"{""componentJson"": [{""id"": 4905, ""displayOrder"": 1}]}","2025-01-01 00:00:22","2075-01-01 00:00:22",1,2,brands-rsen,/catalog,"",brands look serbia lcwaikiki1,0,0,21105,false,false,0,"2026-02-17 21:38:57.394453",false
2612,[OLD] back-to-college-sr,125,9,1,"{""componentJson"": [{""id"": 4906, ""displayOrder"": 1}]}","2025-01-01 00:00:22","2075-01-01 00:00:22",1,2,back-to-college-sr,/katalog,"",back to college lcwaikiki serbia 2022  ,0,0,21106,false,false,0,"2026-02-17 21:38:57.477298",false
2613,[OLD] back-to-college-sren,125,2,1,"{""componentJson"": [{""id"": 4907, ""displayOrder"": 1}]}","2025-01-01 00:00:22","2075-01-01 00:00:22",1,2,back-to-college-sren,/catalog,"",back to college lcwaikiki serbia 2022  ,0,0,21107,false,false,0,"2026-02-17 21:38:57.559184",false
2614,[OLD] brands-rs,125,9,1,"{""componentJson"": [{""id"": 4908, ""displayOrder"": 1}]}","2025-01-01 00:00:22","2075-01-01 00:00:22",1,2,brands-rs,/katalog,"",brands look serbia lcwaikiki1,0,0,21108,false,false,0,"2026-02-17 21:38:57.643658",false
2615,[OLD] back-to-work-sr,125,9,1,"{""componentJson"": [{""id"": 4908, ""displayOrder"": 1}]}","2025-01-01 00:00:22","2075-01-01 00:00:22",1,2,back-to-work-sr,/katalog,"",Back To Work | LC Waikiki Serbian,0,0,21109,false,false,0,"2026-02-17 21:38:57.717802",false
2616,[OLD] back-to-work-sren1,125,2,1,"{""componentJson"": [{""id"": 4909, ""displayOrder"": 1}]}","2025-01-01 00:00:22","2075-01-01 00:00:22",1,2,back-to-work-sren1,/catalog,"",Back To Work | LC Waikiki Serbian English,0,0,21110,false,false,0,"2026-02-17 21:38:57.815056",false
2617,[OLD] black-friday-sr,125,9,1,"{""componentJson"": [{""id"": 4910, ""displayOrder"": 1}]}","2025-01-01 00:00:22","2075-01-01 00:00:22",1,2,black-friday-sr,/katalog,"",Black Friday LC Waikiki Serbia 2022  ,0,0,21111,false,false,0,"2026-02-17 21:38:57.983038",false
2618,[OLD] halloween-sr,125,9,1,"{""componentJson"": [{""id"": 4911, ""displayOrder"": 1}]}","2025-01-01 00:00:22","2075-01-01 00:00:22",1,2,halloween-sr,/katalog,"",Halloween LC Waikiki Serbia 2022  ,0,0,21112,false,false,0,"2026-02-17 21:38:58.076972",false
2619,[OLD] halloween-sren,125,2,1,"{""componentJson"": [{""id"": 4912, ""displayOrder"": 1}]}","2025-01-01 00:00:22","2075-01-01 00:00:22",1,2,halloween-sren,/catalog,"",Halloween LC Waikiki Serbia 2022  ,0,0,21113,false,false,0,"2026-02-17 21:38:58.188938",false
2620,[OLD] christmas-shop,125,9,1,"{""componentJson"": [{""id"": 4913, ""displayOrder"": 1}]}","2025-01-01 00:00:22","2075-01-01 00:00:22",1,2,christmas-shop,/katalog,"","Get great Christmas gifts and amazing discounts for 2023. LC Waikiki has a wide selection of Xmas gifts for men, women, and kids for you to choose from.",0,0,21114,false,false,0,"2026-02-17 21:38:58.284764",false
2621,[OLD] christmas-shop,125,2,1,"{""componentJson"": [{""id"": 4914, ""displayOrder"": 1}]}","2025-01-01 00:00:22","2075-01-01 00:00:22",1,2,christmas-shop,/catalog,"","Get great Christmas gifts and amazing discounts for 2023. LC Waikiki has a wide selection of Xmas gifts for men, women, and kids for you to choose from.",0,0,21115,false,false,0,"2026-02-17 21:38:58.378624",false
2622,[OLD] winter-white,125,9,1,"{""componentJson"": [{""id"": 4915, ""displayOrder"": 1}]}","2025-01-01 00:00:22","2075-01-01 00:00:22",1,2,winter-white,/katalog,"",Winter White Serbia 2022  ,0,0,21116,false,false,0,"2026-02-17 21:38:58.47337",false
2623,[OLD] winter-white,125,2,1,"{""componentJson"": [{""id"": 4916, ""displayOrder"": 1}]}","2025-01-01 00:00:22","2075-01-01 00:00:22",1,2,winter-white,/catalog,"",Winter White Serbia 2022  ,0,0,21117,false,false,0,"2026-02-17 21:38:58.56606",false
2624,[OLD] christmas-family-gifts,125,9,1,"{""componentJson"": [{""id"": 4917, ""displayOrder"": 1}]}","2025-01-01 00:00:22","2075-01-01 00:00:22",1,2,christmas-family-gifts,/katalog,"",Christmas Family Gifts Serbia,0,0,21118,false,false,0,"2026-02-17 21:38:58.64421",false
2625,[OLD] christmas-family-gifts,125,2,1,"{""componentJson"": [{""id"": 4918, ""displayOrder"": 1}]}","2025-01-01 00:00:22","2075-01-01 00:00:22",1,2,christmas-family-gifts,/catalog,"",Christmas Family Gifts Serbia,0,0,21119,false,false,0,"2026-02-17 21:38:58.724216",false
2626,[OLD] sibling-style,125,9,1,"{""componentJson"": [{""id"": 4919, ""displayOrder"": 1}]}","2025-01-01 00:00:22","2075-01-01 00:00:22",1,2,sibling-style,/katalog,"",SIBLING STYLE Special Picks for Kids & Baby,0,0,21120,false,false,0,"2026-02-17 21:38:58.806018",false
2627,[OLD] sibling-style,125,2,1,"{""componentJson"": [{""id"": 4920, ""displayOrder"": 1}]}","2025-01-01 00:00:22","2075-01-01 00:00:22",1,2,sibling-style,/catalog,"",SIBLING STYLE Special Picks for Kids & Baby,0,0,21121,false,false,0,"2026-02-17 21:38:58.889378",false
2628,[OLD] valentines-day,125,2,1,"{""componentJson"": [{""id"": 4921, ""displayOrder"": 1}]}","2025-01-01 00:00:22","2075-01-01 00:00:22",1,2,valentines-day,/catalog,"",VALENTINE'S DAY,0,0,21122,false,false,0,"2026-02-17 21:38:58.977423",false
2629,[OLD] valentines-day,125,9,1,"{""componentJson"": [{""id"": 4922, ""displayOrder"": 1}]}","2025-01-01 00:00:22","2075-01-01 00:00:22",1,2,valentines-day,/katalog,"",VALENTINE'S DAY,0,0,21123,false,false,0,"2026-02-17 21:38:59.072989",false
2630,[OLD] new-season-women,125,2,1,"{""componentJson"": [{""id"": 4923, ""displayOrder"": 1}]}","2025-01-01 00:00:22","2075-01-01 00:00:22",1,2,new-season-women,/catalog,"","Discover the latest trends with the new season products of our women's clothing collection. Shop the newest women's tops, bottoms, dresses and more.
",0,0,21124,false,false,0,"2026-02-17 21:38:59.156963",false
2631,[OLD] new-season-women,125,9,1,"{""componentJson"": [{""id"": 4924, ""displayOrder"": 1}]}","2025-01-01 00:00:22","2075-01-01 00:00:22",1,2,new-season-women,/katalog,"","Discover the latest trends with the new season products of our women's clothing collection. Shop the newest women's tops, bottoms, dresses and more.
",0,0,21125,false,false,0,"2026-02-17 21:38:59.238769",false
2632,[OLD] denim-woman-trend,125,9,1,"{""componentJson"": [{""id"": 4925, ""displayOrder"": 1}]}","2025-01-01 00:00:22","2075-01-01 00:00:22",1,2,denim-woman-trend,/katalog,"",Denim Woman Trend,0,0,21126,false,false,0,"2026-02-17 21:38:59.377742",false
2633,[OLD] denim-man-trend,125,9,1,"{""componentJson"": [{""id"": 4926, ""displayOrder"": 1}]}","2025-01-01 00:00:22","2075-01-01 00:00:22",1,2,denim-man-trend,/katalog,"",Denim Man Trend,0,0,21127,false,false,0,"2026-02-17 21:38:59.484325",false
2634,[OLD] denim-woman-trend,125,2,1,"{""componentJson"": [{""id"": 4927, ""displayOrder"": 1}]}","2025-01-01 00:00:22","2075-01-01 00:00:22",1,2,denim-woman-trend,/catalog,"",Denim Woman Trend,0,0,21128,false,false,0,"2026-02-17 21:38:59.577815",false
2635,[OLD] denim-man-trend,125,2,1,"{""componentJson"": [{""id"": 4928, ""displayOrder"": 1}]}","2025-01-01 00:00:22","2075-01-01 00:00:22",1,2,denim-man-trend,/catalog,"",Denim Man Trend,0,0,21129,false,false,0,"2026-02-17 21:38:59.670343",false
2636,[OLD] hot-summer,125,9,1,"{""componentJson"": [{""id"": 4929, ""displayOrder"": 1}]}","2025-01-01 00:00:22","2075-01-01 00:00:22",1,2,hot-summer,/katalog,"",HOT SUMMER,0,0,21130,false,false,0,"2026-02-17 21:38:59.803063",false
2637,[OLD] hot-summer,125,2,1,"{""componentJson"": [{""id"": 4930, ""displayOrder"": 1}]}","2025-01-01 00:00:22","2075-01-01 00:00:22",1,2,hot-summer,/catalog,"",HOT SUMMER,0,0,21131,false,false,0,"2026-02-17 21:38:59.883534",false
2638,[OLD] back-to-school,125,9,1,"{""componentJson"": [{""id"": 4931, ""displayOrder"": 1}]}","2025-01-01 00:00:22","2075-01-01 00:00:22",1,2,back-to-school,/katalog,"",BACK TO SCHOOL,0,0,21132,false,false,0,"2026-02-17 21:38:59.965939",false
2639,[OLD] back-to-school,125,2,1,"{""componentJson"": [{""id"": 4932, ""displayOrder"": 1}]}","2025-01-01 00:00:22","2075-01-01 00:00:22",1,2,back-to-school,/catalog,"",BACK TO SCHOOL,0,0,21133,false,false,0,"2026-02-17 21:39:00.051075",false
2640,[OLD] timeless-women,125,9,1,"{""componentJson"": [{""id"": 4933, ""displayOrder"": 1}]}","2025-01-01 00:00:22","2075-01-01 00:00:22",1,2,timeless-women,/katalog,"",Timeless Women,0,0,21134,false,false,0,"2026-02-17 21:39:00.138188",false
2641,[OLD] timeless-men,125,9,1,"{""componentJson"": [{""id"": 4934, ""displayOrder"": 1}]}","2025-01-01 00:00:22","2075-01-01 00:00:22",1,2,timeless-men,/katalog,"",Timeless Men,0,0,21135,false,false,0,"2026-02-17 21:39:00.225455",false
2642,[OLD] timeless-women,125,2,1,"{""componentJson"": [{""id"": 4935, ""displayOrder"": 1}]}","2025-01-01 00:00:22","2075-01-01 00:00:22",1,2,timeless-women,/catalog,"",Timeless Women,0,0,21136,false,false,0,"2026-02-17 21:39:00.324583",false
2643,[OLD] timeless-men,125,2,1,"{""componentJson"": [{""id"": 4936, ""displayOrder"": 1}]}","2025-01-01 00:00:22","2075-01-01 00:00:22",1,2,timeless-men,/catalog,"",Timeless Men,0,0,21137,false,false,0,"2026-02-17 21:39:00.427194",false
2644,[OLD] christmas,125,9,1,"{""componentJson"": [{""id"": 4937, ""displayOrder"": 1}]}","2025-01-01 00:00:22","2075-01-01 00:00:22",1,2,christmas,/katalog,"",CHRISTMAS,0,0,21138,false,false,0,"2026-02-17 21:39:00.504835",false
2645,[OLD] christmas,125,2,1,"{""componentJson"": [{""id"": 4938, ""displayOrder"": 1}]}","2025-01-01 00:00:22","2075-01-01 00:00:22",1,2,christmas,/catalog,"",CHRISTMAS,0,0,21139,false,false,0,"2026-02-17 21:39:00.594261",false
2646,[OLD] men-denim,125,9,1,"{""componentJson"": [{""id"": 4939, ""displayOrder"": 1}]}","2025-01-01 00:00:22","2075-01-01 00:00:22",1,2,men-denim,/katalog,"",Men Denim,0,0,21140,false,false,0,"2026-02-17 21:39:00.675037",false
2647,[OLD] women-denim,125,9,1,"{""componentJson"": [{""id"": 4940, ""displayOrder"": 1}]}","2025-01-01 00:00:22","2075-01-01 00:00:22",1,2,women-denim,/katalog,"",Women Denim,0,0,21141,false,false,0,"2026-02-17 21:39:00.751743",false
2648,[OLD] men-denim,125,2,1,"{""componentJson"": [{""id"": 4941, ""displayOrder"": 1}]}","2025-01-01 00:00:22","2075-01-01 00:00:22",1,2,men-denim,/catalog,"",Men Denim,0,0,21142,false,false,0,"2026-02-17 21:39:00.82723",false
2649,[OLD] women-denim,125,2,1,"{""componentJson"": [{""id"": 4942, ""displayOrder"": 1}]}","2025-01-01 00:00:22","2075-01-01 00:00:22",1,2,women-denim,/catalog,"",Women Denim,0,0,21143,false,false,0,"2026-02-17 21:39:00.903058",false
2650,[OLD] back-to-kindergarden,125,9,1,"{""componentJson"": [{""id"": 4943, ""displayOrder"": 1}]}","2025-01-01 00:00:22","2075-01-01 00:00:22",1,2,back-to-kindergarden,/katalog,"",BACK TO KINDERGARDEN,0,0,21144,false,false,0,"2026-02-17 21:39:00.987642",false
2651,[OLD] BACK-TO-KINDERGARDEN,125,2,1,"{""componentJson"": [{""id"": 4944, ""displayOrder"": 1}]}","2025-05-28 19:42:36.150987","2075-01-01 00:00:22",1,2,back-to-kindergarden,/catalog,"",BACK TO KINDERGARDEN,0,0,21145,false,false,0,"2026-02-17 21:39:01.06884",false
2652,[OLD] back-to-college,125,9,1,"{""componentJson"": [{""id"": 4945, ""displayOrder"": 1}]}","2025-01-01 00:00:22","2075-01-01 00:00:22",1,2,back-to-college,/katalog,"",BACK TO COLLEGE,0,0,21146,false,false,0,"2026-02-17 21:39:01.17742",false
2653,[OLD] BACK-TO-COLLEGE,125,2,1,"{""componentJson"": [{""id"": 4946, ""displayOrder"": 1}]}","2025-05-28 19:33:59.180292","2075-01-01 00:00:22",1,2,back-to-college,/catalog,"",BACK TO COLLEGE,0,0,21147,false,false,0,"2026-02-17 21:39:01.263681",false
2654,[OLD] back-to-work,125,9,1,"{""componentJson"": [{""id"": 4947, ""displayOrder"": 1}]}","2025-01-01 00:00:22","2075-01-01 00:00:22",1,2,back-to-work,/katalog,"",BACK TO WORK,0,0,21148,false,false,0,"2026-02-17 21:39:01.343554",false
2655,[OLD] BACK-TO-WORK,125,2,1,"{""componentJson"": [{""id"": 4948, ""displayOrder"": 1}]}","2025-05-28 19:33:23.170209","2075-01-01 00:00:22",1,2,back-to-work,/catalog,"",BACK TO WORK,0,0,21149,false,false,0,"2026-02-17 21:39:01.423424",false
2656,[OLD] bozic-nova-godina-christmas,125,9,1,"{""componentJson"": [{""id"": 4949, ""displayOrder"": 1}]}","2025-01-01 00:00:22","2075-01-01 00:00:22",1,2,bozic-nova-godina-christmas,/katalog,"",Bozic Nova Godina christmas,0,0,21150,false,false,0,"2026-02-17 21:39:01.50808",false
2657,[OLD] NOEL-CHRISTMAS-NEWYEAR,125,2,1,"{""componentJson"": [{""id"": 4950, ""displayOrder"": 1}]}","2025-05-28 19:32:44.441827","2075-01-01 00:00:22",1,2,noel-christmas-newyear,/catalog,"",Noel Christmas Newyear,0,0,21151,false,false,0,"2026-02-17 21:39:01.585929",false
2658,[OLD] sale-lp,125,9,1,"{""componentJson"": [{""id"": 4951, ""displayOrder"": 1}]}","2025-01-01 00:00:22","2075-01-01 00:00:22",1,2,sale-lp,/katalog,"",SALE LP,0,0,21152,false,false,0,"2026-02-17 21:39:01.664957",false
2659,[OLD] SALE-LP,125,2,1,"{""componentJson"": [{""id"": 4952, ""displayOrder"": 1}, {""id"": 4953, ""displayOrder"": 2}]}","2025-07-17 10:58:04.648205","2075-01-01 00:00:22",1,2,sale-lp,/catalog,SALE-LP,SALE LP,0,0,21153,false,false,0,"2026-02-17 21:39:01.813187",false
2660,[OLD] RS-SALE-LP,125,9,1,"{""componentJson"": [{""id"": 4954, ""displayOrder"": 1}, {""id"": 4955, ""displayOrder"": 2}]}","2025-07-17 10:58:32.902527","2033-12-31 22:00:00",1,2,sale-lp,/katalog,SALE-LP,SALE-LP,0,0,21285,false,false,0,"2026-02-17 21:39:01.939761",false
2661,[OLD] APP-SALE-LP,125,2,1,"{""componentJson"": [{""id"": 4956, ""displayOrder"": 1}, {""id"": 4957, ""displayOrder"": 2}, {""id"": 4958, ""displayOrder"": 3}, {""id"": 4959, ""displayOrder"": 4}, {""id"": 4960, ""displayOrder"": 5}, {""id"": 4961, ""displayOrder"": 6}, {""id"": 4962, ""displayOrder"": 7}, {""id"": 4963, ""displayOrder"": 8}]}","2025-07-17 10:58:15.773831","2032-12-31 22:00:00",1,2,sale-lp-nt,/catalog,SALE-LP,SALE-LP,0,0,21286,true,false,0,"2026-02-17 21:39:02.334439",false
2662,[OLD] APP-RS-SALE-LP,125,9,1,"{""componentJson"": [{""id"": 4964, ""displayOrder"": 1}, {""id"": 4965, ""displayOrder"": 2}, {""id"": 4966, ""displayOrder"": 3}, {""id"": 4967, ""displayOrder"": 4}]}","2025-07-17 10:59:09.528465","2032-12-31 22:00:00",1,2,sale-lp-nt,/katalog,SALE-LP,SALE-LP,0,0,21287,true,false,0,"2026-02-17 21:39:02.563088",false
2663,[OLD] APP-SALE-LP-2,125,2,1,"{""componentJson"": [{""id"": 4968, ""displayOrder"": 1}, {""id"": 4957, ""displayOrder"": 2}, {""id"": 4958, ""displayOrder"": 3}, {""id"": 4959, ""displayOrder"": 4}, {""id"": 4960, ""displayOrder"": 5}, {""id"": 4961, ""displayOrder"": 6}, {""id"": 4962, ""displayOrder"": 7}, {""id"": 4963, ""displayOrder"": 8}]}","2025-06-16 07:09:25.088222","2032-12-31 22:00:00",1,2,sale-lp-nt,/catalog,SALE-LP,SALE-LP,0,0,21589,true,false,0,"2026-02-17 21:39:02.902893",false
2664,[OLD] RS-SALE-LP-2,125,9,1,"{""componentJson"": [{""id"": 4969, ""displayOrder"": 1}, {""id"": 4955, ""displayOrder"": 2}]}","2025-06-16 07:09:56.63149","2033-12-31 22:00:00",1,2,sale-lp,/katalog,SALE-LP,SALE-LP,0,0,21590,false,false,0,"2026-02-17 21:39:03.042535",false
2665,[OLD] APP-RS-SALE-LP-2,125,9,1,"{""componentJson"": [{""id"": 4970, ""displayOrder"": 1}, {""id"": 4965, ""displayOrder"": 2}, {""id"": 4966, ""displayOrder"": 3}, {""id"": 4967, ""displayOrder"": 4}]}","2025-06-16 07:10:15.548136","2032-12-31 22:00:00",1,2,sale-lp-nt,/katalog,SALE-LP,SALE-LP,0,0,21591,true,false,0,"2026-02-17 21:39:03.263673",false
2666,[OLD] BEACH LP,125,2,1,"{""componentJson"": [{""id"": 4971, ""displayOrder"": 1}]}","2025-06-17 11:32:13.511073","2033-12-31 22:00:00",1,2,beach-bg-bu,/catalog,Beach LP,Beach LP,0,0,21592,false,false,0,"2026-02-17 21:39:03.392308",false
2667,[OLD] BEACH LP,125,9,1,"{""componentJson"": [{""id"": 4972, ""displayOrder"": 1}]}","2025-06-17 11:32:57.500694","2033-12-31 22:00:00",1,2,beach-bg-bu,/katalog,Beach LP,Beach LP,0,0,21593,false,false,0,"2026-02-17 21:39:03.487235",false
2668,[OLD] APP BEACH LP,125,2,1,"{""componentJson"": [{""id"": 4973, ""displayOrder"": 1}, {""id"": 4974, ""displayOrder"": 2}, {""id"": 4975, ""displayOrder"": 3}]}","2025-06-17 11:32:02.668588","2033-12-31 22:00:00",1,2,beach-bg-bu-nt,/catalog,Beach LP,Beach LP,0,0,21597,true,false,0,"2026-02-17 21:39:03.673599",false
2669,[OLD] APP BEACH LP RS,125,9,1,"{""componentJson"": [{""id"": 4976, ""displayOrder"": 1}, {""id"": 4977, ""displayOrder"": 2}, {""id"": 4978, ""displayOrder"": 3}]}","2025-06-17 11:34:08.900933","2032-12-31 22:00:00",1,2,beach-bg-bu-nt,/katalog,Beach LP,Beach LP,0,0,21598,true,false,0,"2026-02-17 21:39:03.900683",false
2670,[OLD] BEACH LP CK-CU,125,2,1,"{""componentJson"": [{""id"": 4979, ""displayOrder"": 1}]}","2025-06-20 13:26:53.829503","2032-12-31 22:00:00",1,2,beach-ck-cu,/catalog,Beach LP,Beach LP,0,0,21632,false,false,0,"2026-02-17 21:39:03.983949",false
2676,[OLD] DEAL ZONE,125,2,1,"{""componentJson"": [{""id"": 4996, ""displayOrder"": 1}, {""id"": 4997, ""displayOrder"": 2}]}","2025-10-01 11:04:54.191202","2029-12-31 22:00:00",1,2,deal-zone-nt,/catalog,DEAL ZONE,DEAL ZONE,0,0,25040,true,false,0,"2026-02-17 21:39:05.771275",false
2677,[OLD] DEAL ZONE,125,9,1,"{""componentJson"": [{""id"": 4998, ""displayOrder"": 1}, {""id"": 4997, ""displayOrder"": 2}]}","2025-10-01 11:04:16.218632","2033-12-31 22:00:00",1,2,deal-zone-nt,/katalog,DEAL ZONE,DEAL ZONE,0,0,25042,true,false,0,"2026-02-17 21:39:05.898022",false
2680,[OLD] APP-CHRISTMAS-LP-RS,125,9,1,"{""componentJson"": [{""id"": 4832, ""displayOrder"": 1}]}","2025-11-17 08:44:27.027138","2029-12-31 23:00:00",1,2,christmas-nt,/katalog,Merry Christmas,Merry Christmas,0,0,114150,true,false,0,"2026-02-17 21:39:06.122952",false
2681,[OLD] WEB-CHRISTMAS-LP-RS,125,9,1,"{""componentJson"": [{""id"": 5000, ""displayOrder"": 1}]}","2025-11-17 08:44:30.692931","2029-12-31 23:00:00",1,2,christmas-rs,/katalog,Merry Christmas,Merry Christmas,0,0,114151,false,false,0,"2026-02-17 21:39:06.208307",false
2682,[OLD] CHRISTMAS HOME APP,125,2,1,"{""componentJson"": [{""id"": 5001, ""displayOrder"": 1}, {""id"": 5002, ""displayOrder"": 2}, {""id"": 5003, ""displayOrder"": 3}]}","2025-12-03 14:41:31.427317","2029-12-31 23:00:00",1,2,christmas-home-nt,/catalog,Christmas Home,Christmas Home,0,0,116937,true,false,0,"2026-02-17 21:39:06.386272",false
2683,[OLD] CHRISTMAS HOME,125,2,1,"{""componentJson"": [{""id"": 5004, ""displayOrder"": 1}, {""id"": 5005, ""displayOrder"": 2}, {""id"": 5006, ""displayOrder"": 3}, {""id"": 5007, ""displayOrder"": 4}, {""id"": 5008, ""displayOrder"": 5}]}","2025-12-03 14:41:33.35562","2029-12-31 23:00:00",1,2,christmas-home,/catalog,Christmas Home,Christmas Home,0,0,116938,false,false,0,"2026-02-17 21:39:06.649547",false
2684,[OLD] CHRISTMAS HOME APP,125,9,1,"{""componentJson"": [{""id"": 5009, ""displayOrder"": 1}, {""id"": 5010, ""displayOrder"": 2}, {""id"": 5011, ""displayOrder"": 3}]}","2025-12-03 14:43:38.424348","2029-12-31 23:00:00",1,2,christmas-home-nt,/katalog,Christmas Home,Christmas Home,0,0,116939,true,false,0,"2026-02-17 21:39:06.817775",false
2685,[OLD] CHRISTMAS HOME,125,9,1,"{""componentJson"": [{""id"": 5012, ""displayOrder"": 1}, {""id"": 5013, ""displayOrder"": 2}, {""id"": 5014, ""displayOrder"": 3}, {""id"": 5015, ""displayOrder"": 4}, {""id"": 5016, ""displayOrder"": 5}]}","2025-12-03 14:43:51.013093","2026-12-03 16:43:50",1,2,christmas-home,/katalog,Christmas Home,Christmas Home,0,0,116940,false,false,0,"2026-02-17 21:39:07.085525",false
2687,[OLD] WINTER LP,125,2,1,"{""componentJson"": [{""id"": 5019, ""displayOrder"": 1}, {""id"": 5020, ""displayOrder"": 2}]}","2025-12-03 16:28:08","2029-12-31 23:00:00",1,2,winter-lp,/catalog,Winter LP,Winter LP,0,0,116949,false,false,0,"2026-02-17 21:39:07.364517",false
2689,[OLD] WINTER LP,125,9,1,"{""componentJson"": [{""id"": 5023, ""displayOrder"": 1}, {""id"": 5024, ""displayOrder"": 2}]}","2025-12-03 16:29:41","2029-12-31 23:00:00",1,2,winter-lp,/katalog,Winter LP,Winter LP,0,0,116951,false,false,0,"2026-02-17 21:39:07.636652",false
2690,[OLD] APP COMFY AT HOME,125,2,126,"{""componentJson"": [{""id"": 7603, ""status"": true, ""displayOrder"": 1}]}","2026-01-21 10:55:00.846","2029-12-31 21:00:00",1,2,comfy-at-home-nt,/catalog,"","",0,1,0,true,false,1,"2026-02-17 21:39:07.818458",false
2671,[OLD] COCUK BEACH APP,125,2,1,"{""componentJson"": [{""id"": 4051, ""displayOrder"": 1}, {""id"": 4052, ""displayOrder"": 2}, {""id"": 4053, ""displayOrder"": 3}, {""id"": 4054, ""displayOrder"": 4}, {""id"": 4055, ""displayOrder"": 5}]}","2025-06-17 13:01:14.866244","2029-12-31 22:00:00",1,2,beach-ck-cu-nt,/catalog,Beach LP,Beach LP,0,0,21633,true,false,0,"2026-02-17 21:39:04.266511",false
2672,[OLD] COCUK BEACH APP,125,9,1,"{""componentJson"": [{""id"": 4051, ""displayOrder"": 1}, {""id"": 4052, ""displayOrder"": 2}, {""id"": 4053, ""displayOrder"": 3}, {""id"": 4980, ""displayOrder"": 4}, {""id"": 4055, ""displayOrder"": 5}]}","2025-06-17 13:49:49.39397","2032-12-31 22:00:00",1,2,beach-ck-cu-nt,/katalog,Beach LP,Beach LP,0,0,21634,true,false,0,"2026-02-17 21:39:04.574686",false
2673,[OLD] COCUK BEACH,125,9,1,"{""componentJson"": [{""id"": 4981, ""displayOrder"": 1}]}","2025-06-20 13:27:33.168178","2032-12-31 22:00:00",1,2,beach-ck-cu,/katalog,Beach LP,Beach LP,0,0,21635,false,false,0,"2026-02-17 21:39:04.697448",false
2674,[OLD] PREVIEW EN,125,2,1,"{""componentJson"": [{""id"": 4982, ""displayOrder"": 1}, {""id"": 4983, ""displayOrder"": 2}, {""id"": 4984, ""displayOrder"": 3}, {""id"": 4985, ""displayOrder"": 4}, {""id"": 4986, ""displayOrder"": 5}, {""id"": 4987, ""displayOrder"": 6}, {""id"": 4988, ""displayOrder"": 7}]}","2025-07-17 12:15:55.31229","2032-12-31 22:00:00",1,2,preview-en,/catalog,Preview,Preview,0,0,22709,false,true,0,"2026-02-17 21:39:05.211633",false
2675,[OLD] PREVIEW,125,9,1,"{""componentJson"": [{""id"": 4989, ""displayOrder"": 1}, {""id"": 4990, ""displayOrder"": 2}, {""id"": 4991, ""displayOrder"": 3}, {""id"": 4992, ""displayOrder"": 4}, {""id"": 4993, ""displayOrder"": 5}, {""id"": 4994, ""displayOrder"": 6}, {""id"": 4995, ""displayOrder"": 7}]}","2025-07-17 12:21:31.936913","2029-12-31 22:00:00",1,2,preview,/katalog,preview,preview,0,0,22710,false,true,0,"2026-02-17 21:39:05.641142",false
2678,[OLD] APP-CHRISTMAS-LP-RSEN,125,2,1,"{""componentJson"": [{""id"": 4831, ""displayOrder"": 1}]}","2025-11-17 08:41:18.435016","2029-12-31 23:00:00",1,2,christmas-nt,/catalog,Merry Christmas,Merry Christmas,0,0,114148,true,false,0,"2026-02-17 21:39:05.968043",false
2679,[OLD] WEB-CHRISTMAS-LP-RSEN,125,2,1,"{""componentJson"": [{""id"": 4999, ""displayOrder"": 1}]}","2025-11-17 08:40:49.566506","2029-12-31 23:00:00",1,2,christmas,/catalog,Merry Christmas,Merry Christmas,0,0,114149,false,false,0,"2026-02-17 21:39:06.051437",false
2686,[OLD] WINTER LP APP,125,2,1,"{""componentJson"": [{""id"": 5017, ""displayOrder"": 1}, {""id"": 5018, ""displayOrder"": 2}]}","2025-12-03 16:27:53","2029-12-31 23:00:00",1,2,winter-lp-nt,/catalog,Winter LP,Winter LP,0,0,116948,true,false,0,"2026-02-17 21:39:07.243001",false
2688,[OLD] WINTER LP APP,125,9,1,"{""componentJson"": [{""id"": 5021, ""displayOrder"": 1}, {""id"": 5022, ""displayOrder"": 2}]}","2025-12-03 16:29:14","2029-12-31 23:00:00",1,2,winter-lp-nt,/katalog,Winter LP,Winter LP,0,0,116950,true,false,0,"2026-02-17 21:39:07.503274",false
3094,[OLD] YILBASI-HEDIYELERI-2024,1,1,1,"{""componentJson"": [{""id"": 6141, ""displayOrder"": 1}, {""id"": 6142, ""displayOrder"": 2}, {""id"": 6143, ""displayOrder"": 3}, {""id"": 6144, ""displayOrder"": 4}, {""id"": 6145, ""displayOrder"": 5}, {""id"": 6146, ""displayOrder"": 6}, {""id"": 6147, ""displayOrder"": 7}]}","2023-12-06 16:58:18","2030-12-21 09:54:00",1,2,yilbasi-yeni-yil-koleksiyonu,/katalog,"","",95675,0,97679,false,false,0,"2026-02-17 21:40:44.276543",false
3095,[OLD] SENINLE_GUZEL,1,1,1,"{""componentJson"": [{""id"": 6148, ""displayOrder"": 1}]}","2022-05-18 14:01:00","2030-01-01 00:00:00",1,2,seninleguzel,"",Seninle Güzel,Seninle Güzel,95675,0,97740,false,false,1,"2026-02-17 21:40:44.349721",false
3096,[OLD] APP-RAMAZAN-LP,1,1,1,"{""componentJson"": [{""id"": 6149, ""displayOrder"": 1}, {""id"": 6150, ""displayOrder"": 2}, {""id"": 6151, ""displayOrder"": 3}, {""id"": 6152, ""displayOrder"": 4}, {""id"": 6153, ""displayOrder"": 5}]}","2026-02-05 09:54:52","2030-03-28 11:57:00",1,2,ramazan-hazirliklari-nt,/katalog,Ramazan Landing Page,Ramazan Landing Page,95675,0,97770,true,false,0,"2026-02-17 21:40:44.579173",false
3097,[OLD] UYGUN-FIYAT-AVANTAJIYLA-OUTLET-OZEL-KOLEKSIYON,1,1,1,"{""componentJson"": [{""id"": 6154, ""displayOrder"": 1}]}","2023-04-06 16:09:49","2030-01-16 08:19:00",1,2,uygun-fiyat-avantajiyla-outlet-ozel-koleksiyon-2023,"",Uygun fiyat avantajlarıyla outlete özel 2023 koleksiyon ürünleri,Uygun fiyat avantajlarıyla outlete özel 2023 koleksiyon ürünleri,95675,0,97782,false,false,0,"2026-02-17 21:40:44.652566",false
3098,[OLD] LCW-WAIWAI-AYRICALIKLARI,1,1,1,"{""componentJson"": [{""id"": 6155, ""displayOrder"": 1}]}","2025-03-04 19:21:15","2030-12-06 17:12:00",1,2,wai-wai-uyeligi,/proje,"","",95675,0,97786,false,false,0,"2026-02-17 21:40:44.723079",false
3099,[OLD] SELCUK ERDEM X LC WAIKIKI 2,1,1,1,"{""componentJson"": [{""id"": 6156, ""displayOrder"": 1}]}","2025-03-26 13:34:27","2026-10-04 17:49:00",1,2,selcuk-erdem-2,"",Selçuk Erdem X Lc Waikiki 2,Selçuk Erdem X Lc Waikiki 2,95675,0,97817,false,false,0,"2026-02-17 21:40:44.796008",false
3100,[OLD] SELCUK ERDEM X LC WAIKIKI,1,1,1,"{""componentJson"": [{""id"": 6157, ""displayOrder"": 1}]}","2025-03-26 13:35:11","2026-09-15 12:45:00",1,2,selcukerdemxlcwaikiki-2021,"",Selcuk Erdem X LC Waikiki,Selcuk Erdem X LC Waikiki,95675,0,97818,false,false,0,"2026-02-17 21:40:44.866895",false
3101,[OLD] WAIKIKI LAND,1,1,1,"{""componentJson"": [{""id"": 6158, ""displayOrder"": 1}]}","2024-10-08 10:25:45","2030-01-01 00:00:00",1,2,waikikiland,/proje,"","",95675,0,97821,false,false,0,"2026-02-17 21:40:44.936574",false
3102,[OLD] YAPI-KREDI-KAMPANYASI-LP,1,1,1,"{""componentJson"": [{""id"": 6159, ""displayOrder"": 1}]}","2024-11-11 13:38:07","2030-01-01 00:00:00",1,2,yapi-kredi-kampanyasi,/katalog,yapi-kredi-kampanyasi,yapi-kredi-kampanyasi,95675,0,97937,false,false,0,"2026-02-17 21:40:45.00756",false
3103,[OLD] 2017-HOME-YILBASI,1,1,1,"{""componentJson"": [{""id"": 6160, ""displayOrder"": 1}]}","2018-02-02 16:14:00","2030-01-01 00:00:00",1,2,yilbasi-ev-tekstili,"",Yılbaşı Ev Tekstili - 2018 - LC Waikiki Home,"Yılbaşı LCW Home da! Yılbaşı nevresim takımı, yılbaşı yastık kılıfı, yeni yıl battaniye, yılbaşı havluları uygun fiyatlarıyla burada! Hemen satın al!",95675,0,97953,false,false,0,"2026-02-17 21:40:45.080101",false
3104,[OLD] TRIKO KULLANIM KILAVUZU LP,1,1,1,"{""componentJson"": [{""id"": 6161, ""displayOrder"": 1}]}","2017-11-30 15:16:00","2030-01-01 00:00:00",1,2,trikolariniza-nasil-bakmalisiniz,"",Triko Bakım Kılavuzu - LC Waikiki,Triko bakımı nasıl yapılmalıdır? Triko kıyafetlerin bakımı için ipucu ve pratik öneriler LC Waikiki de seni bekliyor! Hemen tıkla!,95675,0,97954,false,false,0,"2026-02-17 21:40:45.16305",false
3112,[OLD] RAMAZAN-LP,1,1,1,"{""componentJson"": [{""id"": 6175, ""displayOrder"": 1}, {""id"": 6176, ""displayOrder"": 2}, {""id"": 6177, ""displayOrder"": 3}, {""id"": 6178, ""displayOrder"": 4}, {""id"": 6179, ""displayOrder"": 5}, {""id"": 6180, ""displayOrder"": 6}, {""id"": 6181, ""displayOrder"": 7}, {""id"": 6182, ""displayOrder"": 8}]}","2026-02-05 10:29:37","2030-01-01 00:00:00",1,2,ramazan-hazirliklari,/katalog,"LCW Ramazan Hazırlıkları, 2024 Ramazan Özel Koleksiyonu",Ramazan Hazırlıkları burada! Sofralarınıza Ramazan bereketini taşıyacak ürünleri özenle seçtiğimiz koleksiyonumuzu hemen keşfet! Satın almak için tıkla!,95675,0,98302,false,false,0,"2026-02-17 21:40:46.45013",false
3113,[OLD] RAMAZAN TARIFLERI LP,1,1,1,"{""componentJson"": [{""id"": 6183, ""displayOrder"": 1}]}","2025-03-26 13:04:03","2030-04-06 09:46:26",1,2,ramazan-yemek-tarifleri,"","","",95675,0,98456,false,false,0,"2026-02-17 21:40:46.521598",false
3114,[OLD] RAMAZAN SERBETI LP,1,1,1,"{""componentJson"": [{""id"": 6184, ""displayOrder"": 1}, {""id"": 6185, ""displayOrder"": 2}, {""id"": 6186, ""displayOrder"": 3}]}","2023-04-24 15:49:36","2030-04-24 15:49:14",1,2,ramazan-serbeti-tarifi,"",Ramazan Şerbeti Tarifi,Ramazan Şerbeti Tarifi,95675,0,98610,false,false,0,"2026-02-17 21:40:46.68141",false
2693,[OLD] COMFY AT HOME,125,9,126,"{""componentJson"": [{""id"": 7602, ""status"": true, ""displayOrder"": 1}, {""id"": 7604, ""status"": true, ""displayOrder"": 2}, {""id"": 7605, ""status"": true, ""displayOrder"": 3}, {""id"": 7606, ""status"": true, ""displayOrder"": 4}]}","2025-12-31 12:58:41.044","2029-12-31 21:00:00",1,2,comfy-at-home,/katalog,"","",0,0,0,false,false,1,"2026-02-17 21:39:08.592404",false
3122,[OLD] POGACA-TARIFI-LP,1,1,1,"{""componentJson"": [{""id"": 6201, ""displayOrder"": 1}, {""id"": 6202, ""displayOrder"": 2}]}","2023-06-15 13:36:04","2030-11-27 07:00:00",1,2,pogaca-tarifi,"","Lokmalık Kolay Poğaça Tarifi, Nasıl Yapılır? (Resimli-Videolu)","Poğaça tarifi burada! Pofuduk poğaça tarifi,  poğaça malzemeleri ve yapımı videolu anlatımlı, sunum ürünleri modelleri uygun fiyatları ile LC Waikiki'de! ",95675,0,99075,false,false,0,"2026-02-17 21:40:47.653906",false
3123,[OLD] SORF-LP,1,1,1,"{""componentJson"": [{""id"": 6203, ""displayOrder"": 1}]}","2023-07-21 14:48:07","2030-04-26 07:00:00",1,2,sorf,"",Sıcak Yaz Sörf Trendi,Sörfçüler Dalgalar Arasında,95675,0,99325,false,false,0,"2026-02-17 21:40:47.728419",false
3124,[OLD] YELKEN-LP,1,1,1,"{""componentJson"": [{""id"": 6204, ""displayOrder"": 1}]}","2025-03-26 13:20:22","2030-01-23 07:00:00",1,2,yelken,"",FIFTY FIFTY SAILING CUP YELKEN YARIŞININ DESTEKÇİSİYİZ!,FIFTY FIFTY SAILING CUP YELKEN YARIŞININ DESTEKÇİSİYİZ!,95675,0,99457,false,false,0,"2026-02-17 21:40:47.80195",false
3125,[OLD] VIDEO-TEST,1,1,1,"{""componentJson"": [{""id"": 6205, ""displayOrder"": 1}]}","2023-08-15 15:45:43","2030-01-01 00:00:00",1,2,video-test,"",deneme,deneme,95675,0,99552,false,false,0,"2026-02-17 21:40:47.896662",false
3127,[OLD] TIMELESS-ERKEK-LP,1,1,1,"{""componentJson"": [{""id"": 6210, ""displayOrder"": 1}, {""id"": 6211, ""displayOrder"": 2}, {""id"": 6212, ""displayOrder"": 3}, {""id"": 6213, ""displayOrder"": 4}]}","2023-09-28 16:50:58","2030-01-01 00:00:00",1,2,timeless-erkek,/katalog,LC Waikiki Timeless Koleksiyonu: Zamansız Şıklık Şehrin İçinde,LC Waikiki'nin Timeless koleksiyonu ile şehrin içinde iz bırakın. Sade ve zamansız silüetlerle mükemmel uyum sağlayan parçaları keşfedin. Şimdi alışverişe başlayın!,95675,0,100036,false,false,0,"2026-02-17 21:40:48.355555",false
3128,[OLD] 29-EKIM-100.-YIL-LP,1,1,1,"{""componentJson"": [{""id"": 6214, ""displayOrder"": 1}, {""id"": 6215, ""displayOrder"": 2}, {""id"": 6216, ""displayOrder"": 3}, {""id"": 6217, ""displayOrder"": 4}, {""id"": 6218, ""displayOrder"": 5}]}","2023-10-09 11:55:15","2030-01-01 00:00:00",1,2,yuzuncu-yil-koleksiyonu,/katalog,"29 Ekim 100. Yıl Koleksiyonu","29 Ekim 100. Yıl Koleksiyonu",95675,0,100138,false,false,0,"2026-02-17 21:40:48.604453",false
3129,[OLD] HOME-YENI-YIL-LP	,1,1,1,"{""componentJson"": [{""id"": 6219, ""displayOrder"": 1}]}","2024-10-02 12:36:50","2030-01-02 00:00:00",1,2,yeni-yil-yilbasi-ev-yasam,/katalog,"","",95675,0,100576,false,false,0,"2026-02-17 21:40:48.688392",false
3130,[OLD] TUM-KATEGORILER-LP,1,1,1,"{""componentJson"": [{""id"": 6220, ""displayOrder"": 1}]}","2024-01-04 06:21:51","2033-01-01 00:00:00",1,2,tum-kategoriler-h9,"","","",95675,0,101105,false,false,0,"2026-02-17 21:40:48.761201",false
3138,[OLD] YENIDOGAN-FIRSATLARI-LP,1,1,1,"{""componentJson"": [{""id"": 6241, ""displayOrder"": 1}, {""id"": 6242, ""displayOrder"": 2}, {""id"": 6243, ""displayOrder"": 3}, {""id"": 6244, ""displayOrder"": 4}]}","2024-07-05 12:21:33","2030-11-27 04:00:00",1,2,yenidogan-firsatlari,/katalog,"","",95675,0,104171,false,false,0,"2026-02-17 21:40:50.037789",false
3139,[OLD] YENIDOGAN-FIRSATLARI-LP-NT,1,1,1,"{""componentJson"": [{""id"": 6245, ""displayOrder"": 1}, {""id"": 6246, ""displayOrder"": 2}, {""id"": 6247, ""displayOrder"": 3}]}","2024-07-05 08:36:34","2030-11-27 04:00:00",1,2,yenidogan-firsatlari-nt,/katalog,"","",95675,0,104174,true,false,0,"2026-02-17 21:40:50.196327",false
3140,[OLD] KIDOKIT-LP 2 SALINCAGIN PESINDE NESELI TAKIP,1,1,1,"{""componentJson"": [{""id"": 6248, ""displayOrder"": 1}]}","2024-10-22 21:05:33","2029-12-31 21:00:00",1,2,salincagin-pesinde-neseli-takip-cgr,/katalog,"","",95675,0,105119,false,false,0,"2026-02-17 21:40:50.272559",false
3141,[OLD] KIDOKIT-LP-7-SAĞLIKLI GELIŞIM İÇIN TUMMY TIME OYUNU,1,1,1,"{""componentJson"": [{""id"": 6249, ""displayOrder"": 1}]}","2024-11-12 11:27:47","2029-12-31 21:00:00",1,2,saglikli-gelisim-icin-tummy-time-oyunu-cgr,/katalog,"","",95675,0,105124,false,false,0,"2026-02-17 21:40:50.360203",false
3142,[OLD] KIDOKIT-LP-8-SAĞLIKLI GELIŞIM İÇIN GÖVDE STABILIZASYON ÇALIŞMASI,1,1,1,"{""componentJson"": [{""id"": 6250, ""displayOrder"": 1}]}","2024-11-12 11:25:26","2029-12-31 21:00:00",1,2,saglikli-gelisim-icin-govde-stabilizasyon-calismasi-cgr,/katalog,"","",95675,0,105125,false,false,0,"2026-02-17 21:40:50.44164",false
2694,[OLD] BEBEK BASIC ,1,1,1,"{""componentJson"": [{""id"": 5041, ""displayOrder"": 1}]}","2024-09-18 06:55:34","2030-12-13 16:28:00",1,2,bebek-basic,"","","",95675,0,97680,false,false,0,"2026-02-17 21:39:28.403461",false
2695,[OLD] COCUK-BASIC,1,1,1,"{""componentJson"": [{""id"": 5042, ""displayOrder"": 1}]}","2024-09-14 13:59:36","2030-11-14 08:43:00",1,2,cocuk-basic-giyim,/katalog,"","",95675,0,97686,false,false,0,"2026-02-17 21:39:28.500376",false
2696,[OLD] BACK-TO-COLLEGE-TEST,1,1,1,"{""componentJson"": [{""id"": 5043, ""displayOrder"": 1}]}","2022-08-23 15:03:00","2030-01-01 00:00:00",1,2,back-to-college-test,"",back-to-college-test,"",95675,0,97710,false,false,0,"2026-02-17 21:39:28.575962",false
2697,[OLD] BASIC SECIMINI YAP-1,1,1,1,"{""componentJson"": [{""id"": 5044, ""displayOrder"": 1}]}","2023-05-08 15:54:49","2030-01-01 00:00:00",1,2,basic-secimini-yap,"",basic-secimini-yap,basic-secimini-yap,95675,0,97712,false,false,0,"2026-02-17 21:39:28.653049",false
2698,[OLD] BASIC SECIMINI YAP,1,1,1,"{""componentJson"": [{""id"": 5045, ""displayOrder"": 1}]}","2023-01-04 12:58:00","2030-01-01 00:00:00",1,2,basic-secimini-yap,"",basic-secimini-yap,"",95675,0,97713,false,false,0,"2026-02-17 21:39:28.738546",false
2699,[OLD] SANA_OZEL_LP_2,1,1,1,"{""componentJson"": [{""id"": 5046, ""displayOrder"": 1}]}","2022-08-25 16:25:00","2030-01-01 00:00:00",1,2,anasayfa-sana-ozel,"",anasayfa-sana-ozel,anasayfa-sana-ozel,95675,0,97722,false,false,0,"2026-02-17 21:39:28.81633",false
2700,[OLD] ANASAYFA-DENEME,1,1,1,"{""componentJson"": [{""id"": 5047, ""displayOrder"": 1}]}","2022-05-26 12:20:00","2030-01-01 00:00:00",1,2,anasayfa-deneme,"",anasayfa-deneme,anasayfa-deneme,95675,0,97737,false,false,1,"2026-02-17 21:39:28.898041",false
2701,[OLD] AYAKKABI-LP,1,1,1,"{""componentJson"": [{""id"": 5048, ""displayOrder"": 1}]}","2024-03-21 13:37:44","2030-01-29 19:49:00",1,2,ayakkabi-h4,"","","",95675,0,97787,false,false,0,"2026-02-17 21:39:28.976148",false
2702,[OLD] AKSESUAR-LP,1,1,1,"{""componentJson"": [{""id"": 5049, ""displayOrder"": 1}]}","2024-03-19 18:35:56","2030-01-12 08:23:00",1,2,aksesuar-h5,"","","",95675,0,97788,false,false,0,"2026-02-17 21:39:29.05408",false
2704,[OLD] COCUK-LP,1,1,1,"{""componentJson"": [{""id"": 5052, ""displayOrder"": 1}, {""id"": 5053, ""displayOrder"": 2}]}","2024-05-14 10:41:05","2030-01-05 17:39:00",1,2,cocuk-h3,"","","",95675,0,97834,false,false,0,"2026-02-17 21:39:29.317788",false
2705,[OLD] ERKEK-LP,1,1,1,"{""componentJson"": [{""id"": 5054, ""displayOrder"": 1}]}","2024-03-27 10:34:27","2030-01-06 08:44:00",1,2,"32-33-erkek","","","",95675,0,97835,false,false,0,"2026-02-17 21:39:29.395137",false
2706,[OLD] KADIN-LP,1,1,1,"{""componentJson"": [{""id"": 5055, ""displayOrder"": 1}]}","2024-03-12 16:34:25","2030-01-18 09:52:00",1,2,"32-33-kadin","","","",95675,0,97836,false,false,0,"2026-02-17 21:39:29.48329",false
2707,[OLD] KADIN DENIM STIL REHBERI-LP-2020,1,1,1,"{""componentJson"": [{""id"": 5056, ""displayOrder"": 1}]}","2020-06-29 16:05:00","2030-01-01 00:00:00",1,2,"","","","",95675,0,97935,false,false,1,"2026-02-17 21:39:29.562004",false
2708,[OLD] BLOG,1,1,1,"{""componentJson"": [{""id"": 5057, ""displayOrder"": 1}]}","2018-10-05 09:23:00","2030-01-01 00:00:00",1,2,blog,"","Moda Blog - Stil Önerileri, 2018 Moda Trendleri – LC Waikiki Blog","2018 modasına damga vuracak trendler burada! Bayan ve erkek kombin önerileri, moda ve stil trendleri LC Waikiki Blog’ta seni bekliyor! Hemen tıkla!",95675,0,97950,false,false,0,"2026-02-17 21:39:29.639617",false
2709,[OLD] 20170921- BG- TRIKO,1,1,1,"{""componentJson"": [{""id"": 5058, ""displayOrder"": 1}]}","2018-07-18 10:40:00","2030-01-01 00:00:00",1,2,bayan-triko-modelleri,"",Bayan Triko Modelleri - LC Waikiki,"Her tarza uygun giyim çeşitleri bulabileceğiniz LC Waikiki de, bayan triko modellerine uygun fiyatlar ile sahip olun.  ",95675,0,97957,false,false,0,"2026-02-17 21:39:29.721483",false
2710,[OLD] 2017 BG DENIM FIT PAGE,1,1,1,"{""componentJson"": [{""id"": 5059, ""displayOrder"": 1}]}","2017-06-22 10:40:00","2030-01-01 00:00:00",1,2,bayan-kot-pantolon,"","Denim Giyim, Bayan Kot Pantolon Modelleri ve Jean Pantolon Fiyatları ","LC Waikikinin denim koleksiyonunda her zevke ve bedene uygun bayan kot pantolon modellerini online satın alın, jean şıklığını kombinlerinize taşıyın.",95675,0,97960,false,false,0,"2026-02-17 21:39:29.800029",false
2711,[OLD] CK4 ACTIVE WEAR,1,1,1,"{""componentJson"": [{""id"": 5060, ""displayOrder"": 1}]}","2017-04-03 13:44:00","2030-01-01 00:00:00",1,2,active-kiz-cocuk-spor-giyim,"",Kız Çocuk Active Spor Giyim Koleksiyonu  – 2017 ,"Spor yapmayı eğlenceli ve rahat hale getirecek Active kız çocuk spor giyim koleksiyonu ile çocuklarınız hem spor yapsın, hem de neon renklerin şıklığını taşısın.",95675,0,97963,false,false,0,"2026-02-17 21:39:29.878851",false
2712,[OLD] MANNEQUIN CHALLENGE - INFOGRAFI,1,1,1,"{""componentJson"": [{""id"": 5061, ""displayOrder"": 1}]}","2017-03-01 16:49:00","2030-01-01 00:00:00",1,2,"2016-basari-hikayemiz","",LCWaikiki.com 2016 Başarı Hikayemiz,LCWaikiki.com olarak 2016 da neler yaptığımızı yılın moda akımı #MannequinChallenge ile anlattık. Infografik videomuza buradan ulaşabilirsiniz,95675,0,97968,false,false,0,"2026-02-17 21:39:29.954309",false
2713,[OLD] 20161206- 4D TISORT UYGULAMA LP,1,1,1,"{""componentJson"": [{""id"": 5062, ""displayOrder"": 1}]}","2017-01-17 14:22:00","2030-01-01 00:00:00",1,2,"4D-tisort-modelleri","","4D Tişört Modelleri - LC Waikiki Çocuk Giyim ",Çocuk giyimde öncü marka LC Waikikinin 4D baskılı eğlenceli çocuk tişörtleri lcwaikiki.com da. Ücretsiz Wear 4D uygulaması ile 4D baskılı tişörtleri keşfedin.,95675,0,97977,false,false,0,"2026-02-17 21:39:30.03411",false
2714,[OLD] 20160909-KURBAN BAYRAMI URUNLERI,1,1,1,"{""componentJson"": [{""id"": 5063, ""displayOrder"": 1}]}","2016-09-21 08:49:00","2030-01-01 00:00:00",1,2,Bayramlar-Birlikte-Güzel,"",Bayramlar Birlikte Güzel,LC Waikiki ile Bayram günleri neşe dolu geçecek! Bayram filmimizdeki birbirinden güzel ürünleri şimdi keşfedin. ,95675,0,97988,false,false,0,"2026-02-17 21:39:30.111921",false
2715,[OLD] 20160829 FAMILY PACK LP,1,1,1,"{""componentJson"": [{""id"": 5064, ""displayOrder"": 1}]}","2016-09-02 09:19:00","2030-01-01 00:00:00",1,2,aile-giyim-setleri,"",Aile Giyim Setleri - LC Waikiki 2016,"Tüm aile için uyumlu giyim setleri. Eşleşen anne, baba ve çocuk kıyafetleriyle mükemmel uyum.",95675,0,97991,false,false,0,"2026-02-17 21:39:30.199571",false
2716,[OLD] 20160822 BABA OGUL GIYIM LP,1,1,1,"{""componentJson"": [{""id"": 5065, ""displayOrder"": 1}]}","2016-09-19 16:04:00","2030-01-01 00:00:00",1,2,baba-ogul-giyim,"",Baba Oğul Şıklığı,"Şık baba oğul kombinleri ile semptatik stiller. Birbiriyle uyumlu ceketler, pantolonlar, yelekler ve gömlekler ile babalar ve oğulları çok havalı.",95675,0,97995,false,false,0,"2026-02-17 21:39:30.289804",false
2717,[OLD] 20160523-BABALAR GUNU LP,1,1,1,"{""componentJson"": [{""id"": 5066, ""displayOrder"": 1}]}","2017-05-31 13:02:00","2030-01-01 00:00:00",1,2,babalar-gunu-koleksiyonu,"",Babalar Günü Özel Koleksiyonu ve Hediye Fikirleri,Babanızı mutlu edecek hediyeyi almak için LC Waikikinin birbirinden şık erkek giyim ürünlerini bulabileceğiniz Babalar Günü özel koleksiyonuna göz atın.,95675,0,97999,false,false,0,"2026-02-17 21:39:30.384584",false
2703,[OLD] BEBEK-LP,1,1,1,"{""componentJson"": [{""id"": 5050, ""displayOrder"": 1}, {""id"": 5051, ""displayOrder"": 2}]}","2024-04-26 17:07:12","2030-01-27 08:46:00",1,2,bebek-h4,"","","",95675,0,97833,false,false,0,"2026-02-17 21:39:29.18652",false
2723,[OLD] AYRAN ASI LP,1,1,1,"{""componentJson"": [{""id"": 5079, ""displayOrder"": 1}, {""id"": 5080, ""displayOrder"": 2}, {""id"": 5081, ""displayOrder"": 3}]}","2023-06-08 16:54:02","2030-04-06 09:20:53",1,2,ayran-asi-tarifi,"",Ayran Aşı Çorbası Tarifi,Pratik Ayran Aşı Çorbası Tarifi,95675,0,98455,false,false,0,"2026-02-17 21:39:31.273822",false
2724,[OLD] KADIN-ERKEK-BASIC-GIYIM	,1,1,1,"{""componentJson"": [{""id"": 5082, ""displayOrder"": 1}]}","2023-04-19 18:17:06","2030-04-19 11:16:57",1,2,basic,"",Basic Giyim,Basic kıyafetler burada! LC Waikiki basic ürünler uygun fiyatları ile seni bekliyor! Hemen keşfet!,95675,0,98582,false,false,0,"2026-02-17 21:39:31.352486",false
2728,[OLD] BTK-LP,1,1,1,"{""componentJson"": [{""id"": 5093, ""displayOrder"": 1}, {""id"": 5094, ""displayOrder"": 2}, {""id"": 5095, ""displayOrder"": 3}, {""id"": 5096, ""displayOrder"": 4}]}","2024-08-02 06:27:13","2030-11-27 07:00:00",1,2,anaokulu-ihtiyac-listesi,/katalog,"Anaokulu İhtiyaç Listesi, Kreş İhtiyaç Listesi","Anaokulu ihtiyaç listesi burada! Anaokulu malzemeleri, kreş malzemeleri, anaokulu kıyafetleri, anaokulu için gerekli ürünler uygun fiyatları ile LC Waikiki’de!",95675,0,99526,false,false,0,"2026-02-17 21:39:32.121453",false
2729,[OLD] COCUK-KARA-KIS-LP,1,1,1,"{""componentJson"": [{""id"": 5097, ""displayOrder"": 1}]}","2023-12-05 12:05:16","2030-01-01 00:00:00",1,2,cocuk-kara-kis,/katalog,"","",95675,0,100524,false,false,0,"2026-02-17 21:39:32.1998",false
2730,[OLD] ANNE-BEBEK-LP,1,1,1,"{""componentJson"": [{""id"": 5098, ""displayOrder"": 1}]}","2023-11-30 09:41:23","2030-11-27 07:00:00",1,2,anne-bebek-kombinleri,/lp,"","",95675,0,100664,false,false,0,"2026-02-17 21:39:32.299379",false
2731,[OLD] ADIM AT KAZAN LP,1,1,1,"{""componentJson"": [{""id"": 5099, ""displayOrder"": 1}]}","2024-02-05 16:22:54","2030-02-17 17:01:45",1,2,adim-at-kazan,/proje,"","",95675,0,100770,false,false,0,"2026-02-17 21:39:32.382104",false
2733,[OLD] 23-NISAN-LP-NT-3,1,1,1,"{""componentJson"": [{""id"": 5108, ""displayOrder"": 1}, {""id"": 5109, ""displayOrder"": 2}, {""id"": 5110, ""displayOrder"": 3}, {""id"": 5111, ""displayOrder"": 4}, {""id"": 5112, ""displayOrder"": 5}, {""id"": 5113, ""displayOrder"": 6}, {""id"": 5114, ""displayOrder"": 7}, {""id"": 5115, ""displayOrder"": 8}]}","2024-03-20 16:44:53","2030-03-29 11:38:31",1,2,"23-nisan-lp-nt-3",/katalog,"","",95675,0,101757,true,false,0,"2026-02-17 21:39:33.21875",false
2734,[OLD] RAMAZAN-TARIF-5-AKDENIZ-TAHINLI-PIYAZ-EBEGUMECI-SULLUM-LP,1,1,1,"{""componentJson"": [{""id"": 5116, ""displayOrder"": 1}]}","2024-03-15 23:45:25","2030-01-01 00:00:00",1,2,akdeniz-tahinli-piyaz-ebegumeci-sullum-tarifi,/proje,"","",95675,0,102419,false,false,0,"2026-02-17 21:39:33.310645",false
2737,[OLD] WEB-COCUK-BEBEK-LP,1,1,1,"{""componentJson"": [{""id"": 5124, ""displayOrder"": 1}, {""id"": 5125, ""displayOrder"": 2}, {""id"": 5126, ""displayOrder"": 3}, {""id"": 5127, ""displayOrder"": 4}, {""id"": 5128, ""displayOrder"": 5}, {""id"": 5129, ""displayOrder"": 6}, {""id"": 5130, ""displayOrder"": 7}, {""id"": 5131, ""displayOrder"": 8}, {""id"": 5132, ""displayOrder"": 9}, {""id"": 5133, ""displayOrder"": 10}, {""id"": 5134, ""displayOrder"": 11}, {""id"": 5135, ""displayOrder"": 12}, {""id"": 5136, ""displayOrder"": 13}, {""id"": 5137, ""displayOrder"": 14}, {""id"": 5138, ""displayOrder"": 15}, {""id"": 5139, ""displayOrder"": 16}]}","2025-07-23 05:29:01","2030-04-03 14:23:15",1,2,cocuk-bebek-h3,"","","",95675,0,102910,false,false,0,"2026-02-17 21:39:34.602744",false
2738,[OLD] APP-COCUK-BEBEK-LP-NT,1,1,1,"{""componentJson"": [{""id"": 5140, ""displayOrder"": 1}, {""id"": 5141, ""displayOrder"": 2}, {""id"": 5142, ""displayOrder"": 3}, {""id"": 5143, ""displayOrder"": 4}, {""id"": 5144, ""displayOrder"": 5}, {""id"": 5145, ""displayOrder"": 6}, {""id"": 5146, ""displayOrder"": 7}, {""id"": 5147, ""displayOrder"": 8}, {""id"": 5148, ""displayOrder"": 9}, {""id"": 5149, ""displayOrder"": 10}, {""id"": 5150, ""displayOrder"": 11}]}","2025-07-21 12:38:09","2030-04-03 14:23:15",1,2,cocuk-bebek-lp-nt,/katalog,"","",95675,0,102911,true,false,0,"2026-02-17 21:39:35.145775",false
2739,[OLD] NEWBORN-JOURNEY-LP-2-ANNE-SUTU-REHBERI-BBR,1,1,1,"{""componentJson"": [{""id"": 5151, ""displayOrder"": 1}]}","2024-05-21 13:58:00","2030-01-01 00:00:00",1,2,anne-sutu-rehberi-bbr,"","","",95675,0,103129,false,false,0,"2026-02-17 21:39:35.226163",false
2740,[OLD] NEWBORN-JOURNEY-LP-5-BEBEGIMIN-BESLENME-REHBERI-BBR,1,1,1,"{""componentJson"": [{""id"": 5152, ""displayOrder"": 1}]}","2024-09-18 11:02:00","2030-01-01 00:00:00",1,2,bebegimin-beslenme-rehberi-bbr,"","","",95675,0,103132,false,false,0,"2026-02-17 21:39:35.309533",false
2741,[OLD] NEWBORN-JOURNEY-LP-8-BEBEK-ODASI-VE-UYKU-REHBERI-BBR,1,1,1,"{""componentJson"": [{""id"": 5153, ""displayOrder"": 1}]}","2024-05-21 11:21:32","2030-01-01 00:00:00",1,2,bebek-odasi-ve-uyku-rehberi-bbr,"","","",95675,0,103135,false,false,0,"2026-02-17 21:39:35.403044",false
2893,[OLD] EASYCLEAN,1,1,1,"{""componentJson"": [{""id"": 5625, ""displayOrder"": 1}]}","2026-01-25 19:18:45.715476","2027-01-25 22:17:12",1,2,easyclean12,/lp,"","",0,0,122789,false,false,0,"2026-02-17 21:40:03.985554",false
2725,[OLD] ANNELER-GUNU-LP,1,1,1,"{""componentJson"": [{""id"": 7835, ""displayOrder"": 1}, {""id"": 7836, ""displayOrder"": 2}, {""id"": 7837, ""displayOrder"": 3}]}","2024-05-09 17:27:04","2030-04-30 17:53:26",1,2,anneler-gunu,/katalog,"","",0,0,0,false,false,1,"2026-02-17 21:39:31.533655",false
2735,[OLD] CEYIZ-LP,1,1,1,"{""componentJson"": [{""id"": 8053, ""isActive"": true, ""displayOrder"": 1}, {""id"": 8056, ""isActive"": true, ""displayOrder"": 2}, {""id"": 8057, ""isActive"": true, ""displayOrder"": 3}, {""id"": 8086, ""isActive"": true, ""displayOrder"": 4}, {""id"": 8084, ""isActive"": true, ""displayOrder"": 5}]}","2024-10-22 08:52:09","2030-01-01 00:00:00",1,2,ceyiz-seti-alisverisi,/katalog,"","",0,0,0,false,false,1,"2026-02-17 21:39:33.510417",false
2718,[OLD] 21-OYUNCAK,1,1,1,"{""componentJson"": [{""id"": 5067, ""displayOrder"": 1}]}","2021-08-31 16:24:00","2030-01-01 00:00:00",1,2,"21-oyuncak","","21-oyuncak","21-oyuncak",95675,0,98000,false,false,0,"2026-02-17 21:39:30.461904",false
2719,[OLD] 2021-MARKALAR,1,1,1,"{""componentJson"": [{""id"": 5068, ""displayOrder"": 1}]}","2021-11-30 09:59:00","2030-01-01 00:00:00",1,2,"2021-markalar","",LCW Markalar,LCW Markalar,95675,0,98004,false,false,0,"2026-02-17 21:39:30.541756",false
2720,[OLD] 2021-CANTA-AKSESUAR,1,1,1,"{""componentJson"": [{""id"": 5069, ""displayOrder"": 1}]}","2021-08-20 15:08:00","2030-01-01 00:00:00",1,2,"2021-canta-aksesuar","",Çanta ve Aksesuarlar,Çanta ve Aksesuarlar,95675,0,98006,false,false,0,"2026-02-17 21:39:30.620539",false
2721,[OLD] BEBEK-PIJAMA-2021,1,1,1,"{""componentJson"": [{""id"": 5070, ""displayOrder"": 1}]}","2022-11-07 12:28:00","2030-01-01 00:00:00",1,2,bebek-pijama-koleksiyonlari,/katalog,bebek-pijama-2021,bebek-pijama-2021,95675,0,98008,false,false,0,"2026-02-17 21:39:30.708796",false
2726,[OLD] ANATOMIK-LP,1,1,1,"{""componentJson"": [{""id"": 5086, ""displayOrder"": 1}, {""id"": 5087, ""displayOrder"": 2}]}","2023-05-31 11:45:59","2030-04-27 16:49:49",1,2,anatomik-ilk-adim-ayakkabisi,/katalog,Anatomik Ayakkabı,ANATOMIK-ILK-ADIM-AYAKKABISI,95675,0,98661,false,false,0,"2026-02-17 21:39:31.668784",false
2736,[OLD] CEYIZ-LP-NT,1,1,1,"{""componentJson"": [{""id"": 8054, ""isActive"": true, ""displayOrder"": 1}, {""id"": 8055, ""isActive"": true, ""displayOrder"": 2}, {""id"": 8058, ""isActive"": true, ""displayOrder"": 3}, {""id"": 8085, ""isActive"": true, ""displayOrder"": 4}, {""id"": 8083, ""isActive"": true, ""displayOrder"": 5}]}","2024-10-22 08:58:17","2030-01-01 00:00:00",1,2,ceyiz-seti-alisverisi-nt,/katalog,"","",0,1,0,true,false,1,"2026-02-17 21:39:33.820599",false
2746,[OLD] WEB-AYAKKABI-AKSESUAR-LP,1,1,1,"{""componentJson"": [{""id"": 5161, ""displayOrder"": 1}, {""id"": 5162, ""displayOrder"": 2}, {""id"": 5163, ""displayOrder"": 3}, {""id"": 5164, ""displayOrder"": 4}, {""id"": 5165, ""displayOrder"": 5}, {""id"": 5166, ""displayOrder"": 6}, {""id"": 5167, ""displayOrder"": 7}, {""id"": 5168, ""displayOrder"": 8}, {""id"": 5169, ""displayOrder"": 9}, {""id"": 5170, ""displayOrder"": 10}, {""id"": 5171, ""displayOrder"": 11}, {""id"": 5172, ""displayOrder"": 12}, {""id"": 5173, ""displayOrder"": 13}, {""id"": 5174, ""displayOrder"": 14}, {""id"": 5175, ""displayOrder"": 15}, {""id"": 5176, ""displayOrder"": 16}, {""id"": 5177, ""displayOrder"": 17}]}","2025-07-28 06:08:46","2033-04-03 14:23:15",1,2,ayakkabi-aksesuar-lp,"","","",95675,0,103226,false,false,0,"2026-02-17 21:39:36.664685",false
2752,[OLD] WEB-BEBEK-LP,1,1,1,"{""componentJson"": [{""id"": 5210, ""displayOrder"": 1}, {""id"": 5211, ""displayOrder"": 2}, {""id"": 5212, ""displayOrder"": 3}, {""id"": 5213, ""displayOrder"": 4}, {""id"": 5214, ""displayOrder"": 5}, {""id"": 5215, ""displayOrder"": 6}, {""id"": 5216, ""displayOrder"": 7}, {""id"": 5217, ""displayOrder"": 8}, {""id"": 5218, ""displayOrder"": 9}, {""id"": 5219, ""displayOrder"": 10}, {""id"": 5220, ""displayOrder"": 11}, {""id"": 5221, ""displayOrder"": 12}]}","2025-06-11 12:35:57","2030-04-03 14:23:15",1,2,bebek-h3-2,"","","",95675,0,104535,false,false,0,"2026-02-17 21:39:38.92708",false
2754,[OLD] APP-COCUK-BASIC,1,1,1,"{""componentJson"": [{""id"": 5232, ""displayOrder"": 1}, {""id"": 5233, ""displayOrder"": 2}, {""id"": 5234, ""displayOrder"": 3}, {""id"": 5235, ""displayOrder"": 4}, {""id"": 5236, ""displayOrder"": 5}, {""id"": 5237, ""displayOrder"": 6}]}","2025-03-19 08:40:49","2030-11-14 08:43:00",1,2,cocuk-basic-giyim-nt,/katalog,"","",95675,0,104699,true,false,0,"2026-02-17 21:39:39.73284",false
2755,[OLD] APP-BEBEK BASIC ,1,1,1,"{""componentJson"": [{""id"": 5238, ""displayOrder"": 1}, {""id"": 5239, ""displayOrder"": 2}, {""id"": 5240, ""displayOrder"": 3}, {""id"": 5241, ""displayOrder"": 4}, {""id"": 5242, ""displayOrder"": 5}]}","2024-09-05 08:15:27","2030-12-13 16:28:00",1,2,bebek-basic-nt,"","","",95675,0,104700,true,false,0,"2026-02-17 21:39:40.001187",false
2757,[OLD] APP-29-EKIM-CUMHURIYET-BAYRAMI-LP,1,1,1,"{""componentJson"": [{""id"": 5243, ""displayOrder"": 1}]}","2024-10-06 09:42:12","2029-12-31 21:00:00",1,2,"29-ekim-cumhuriyet-bayrami-nt",/katalog,"","",95675,0,104950,true,false,0,"2026-02-17 21:39:40.375891",false
2758,[OLD] KIDOKIT-LP-9-AY-BEBEĞIMLE SAĞLIKLI BESLENME OYUNU,1,1,1,"{""componentJson"": [{""id"": 5249, ""displayOrder"": 1}]}","2024-11-12 11:26:01","2029-12-31 21:00:00",1,2,ay-bebegimle-saglikli-beslenme-oyunu-cgr,/katalog,"","",95675,0,105126,false,false,0,"2026-02-17 21:39:40.456317",false
2759,[OLD] KIDOKIT-LP 16 ANAOKULUNA HAZIRLIK DUYGULARI,1,1,1,"{""componentJson"": [{""id"": 5250, ""displayOrder"": 1}]}","2024-10-23 11:54:48","2029-12-31 21:00:00",1,2,anaokuluna-hazirlik-duygulari-cgr,/katalog,"","",95675,0,105133,false,false,0,"2026-02-17 21:39:40.536402",false
2727,[OLD] WEB-BABALAR-GUNU-LP,1,1,1,"{""componentJson"": [{""id"": 5088, ""displayOrder"": 1}, {""id"": 5089, ""displayOrder"": 2}, {""id"": 5090, ""displayOrder"": 3}, {""id"": 5091, ""displayOrder"": 4}, {""id"": 5092, ""displayOrder"": 5}]}","2024-06-11 11:52:09","2026-05-25 07:16:08.394849",4,2,babalar-gunu,/katalog,Babalar Günü,LC Waikiki Babalar Günü'ne özel sayfasından babanıza en güzel ürünleri satın alarak babalar gününü kutlayabilirsin. Keşfetmek için hemen tıkla!,95675,0,98873,false,false,0,"2026-02-17 21:39:31.917953",false
2745,[OLD] ANNELER-GUNU-LP-NT,1,1,1,"{""componentJson"": [{""id"": 7832, ""isActive"": true, ""displayOrder"": 1}, {""id"": 7833, ""isActive"": true, ""displayOrder"": 2}, {""id"": 7834, ""isActive"": true, ""displayOrder"": 3}]}","2024-05-09 17:26:45","2030-01-01 00:00:00",1,2,anneler-gunu-nt,/katalog,"","",0,1,0,true,false,1,"2026-02-17 21:39:35.856271",false
2742,[OLD] NEWBORN-JOURNEY-LP-10-BANYO-VE-BAKIM-REHBERI-BBR,1,1,1,"{""componentJson"": [{""id"": 5154, ""displayOrder"": 1}]}","2024-05-21 11:24:54","2030-01-01 00:00:00",1,2,banyo-ve-bakim-rehberi-bbr,"","","",95675,0,103137,false,false,0,"2026-02-17 21:39:35.482539",false
2743,[OLD] NEWBORN-JOURNEY-LP-11-BEBEKLERDE-GUVENLIK-REHBERI-BBR,1,1,1,"{""componentJson"": [{""id"": 5155, ""displayOrder"": 1}]}","2024-12-24 13:14:53","2030-01-01 00:00:00",1,2,bebeklerde-guvenlik-rehberi-bbr,"","","",95675,0,103138,false,false,0,"2026-02-17 21:39:35.561316",false
2744,[OLD] NEWBORN-JOURNEY-LP-13-BEBEGIMLE-ILK-TATIL-REHBERI-BBR,1,1,1,"{""componentJson"": [{""id"": 5156, ""displayOrder"": 1}]}","2024-05-21 11:27:49","2030-01-01 00:00:00",1,2,bebegimle-ilk-tatil-rehberi-bbr,"","","",95675,0,103140,false,false,0,"2026-02-17 21:39:35.643759",false
2747,[OLD] APP-AYAKKABI-AKSESUAR-LP,1,1,1,"{""componentJson"": [{""id"": 5178, ""displayOrder"": 1}, {""id"": 5179, ""displayOrder"": 2}, {""id"": 5180, ""displayOrder"": 3}, {""id"": 5181, ""displayOrder"": 4}, {""id"": 5182, ""displayOrder"": 5}, {""id"": 5183, ""displayOrder"": 6}, {""id"": 5184, ""displayOrder"": 7}, {""id"": 5185, ""displayOrder"": 8}, {""id"": 5186, ""displayOrder"": 9}, {""id"": 5187, ""displayOrder"": 10}, {""id"": 5188, ""displayOrder"": 11}, {""id"": 5189, ""displayOrder"": 12}]}","2025-07-28 06:08:39","2030-04-03 14:23:15",1,2,ayakkabi-aksesuar-lp-nt,/katalog,"","",95675,0,103236,true,false,0,"2026-02-17 21:39:37.240787",false
2748,[OLD] WEB-BLAIS-LP,1,1,1,"{""componentJson"": [{""id"": 5190, ""displayOrder"": 1}, {""id"": 5191, ""displayOrder"": 2}, {""id"": 5192, ""displayOrder"": 3}, {""id"": 5193, ""displayOrder"": 4}, {""id"": 5194, ""displayOrder"": 5}]}","2024-07-23 11:33:49","2028-08-09 13:19:00",1,2,blais,"","","",95675,0,103618,false,false,0,"2026-02-17 21:39:37.505734",false
2749,[OLD] APP-BLAIS-LP,1,1,1,"{""componentJson"": [{""id"": 5195, ""displayOrder"": 1}, {""id"": 5196, ""displayOrder"": 2}, {""id"": 5197, ""displayOrder"": 3}, {""id"": 5198, ""displayOrder"": 4}, {""id"": 5199, ""displayOrder"": 5}]}","2024-06-04 10:23:07","2028-08-09 13:19:00",1,2,blais-nt,"","","",95675,0,103619,true,false,0,"2026-02-17 21:39:37.753154",false
2751,[OLD] APP-BTK-LP,1,1,1,"{""componentJson"": [{""id"": 5205, ""displayOrder"": 1}, {""id"": 5206, ""displayOrder"": 2}, {""id"": 5207, ""displayOrder"": 3}, {""id"": 5208, ""displayOrder"": 4}, {""id"": 5209, ""displayOrder"": 5}]}","2024-08-09 13:49:23","2030-11-27 07:00:00",1,2,anaokulu-ihtiyac-listesi-nt,/katalog,"Anaokulu İhtiyaç Listesi, Kreş İhtiyaç Listesi","Anaokulu ihtiyaç listesi burada! Anaokulu malzemeleri, kreş malzemeleri, anaokulu kıyafetleri, anaokulu için gerekli ürünler uygun fiyatları ile LC Waikiki’de!",95675,0,104447,true,false,0,"2026-02-17 21:39:38.368522",false
2753,[OLD] APP-BEBEK-LP-NT,1,1,1,"{""componentJson"": [{""id"": 5222, ""displayOrder"": 1}, {""id"": 5223, ""displayOrder"": 2}, {""id"": 5224, ""displayOrder"": 3}, {""id"": 5225, ""displayOrder"": 4}, {""id"": 5226, ""displayOrder"": 5}, {""id"": 5227, ""displayOrder"": 6}, {""id"": 5228, ""displayOrder"": 7}, {""id"": 5229, ""displayOrder"": 8}, {""id"": 5230, ""displayOrder"": 9}, {""id"": 5231, ""displayOrder"": 10}]}","2025-06-14 13:04:21","2030-04-03 14:23:15",1,2,bebek-h3-2-nt,/katalog,"","",95675,0,104536,true,false,0,"2026-02-17 21:39:39.408049",false
2756,[OLD] 29-EKIM-CUMHURIYET-BAYRAMI-LP,1,1,1,"{""componentJson"": [{""id"": 5243, ""displayOrder"": 1}, {""id"": 5244, ""displayOrder"": 2}, {""id"": 5245, ""displayOrder"": 3}, {""id"": 5246, ""displayOrder"": 4}, {""id"": 5247, ""displayOrder"": 5}, {""id"": 5248, ""displayOrder"": 6}]}","2024-10-06 09:43:47","2029-12-31 21:00:00",1,2,"29-ekim-cumhuriyet-bayrami",/katalog,"","",95675,0,104949,false,false,0,"2026-02-17 21:39:40.306223",false
2765,[OLD] CAGLA-SIKEL-KOLEKSIYONU-LP,1,1,1,"{""componentJson"": [{""id"": 5256, ""displayOrder"": 1}, {""id"": 5257, ""displayOrder"": 2}]}","2024-12-09 09:12:53","2030-01-01 00:00:00",1,2,cagla-sikel-koleksiyonu,/katalog,"","",95675,0,105779,false,false,0,"2026-02-17 21:39:41.086533",false
2766,[OLD] APP-CAGLA-SIKEL-KOLEKSIYONU-LP,1,1,1,"{""componentJson"": [{""id"": 5258, ""displayOrder"": 1}, {""id"": 5259, ""displayOrder"": 2}, {""id"": 5260, ""displayOrder"": 3}, {""id"": 5261, ""displayOrder"": 4}, {""id"": 5262, ""displayOrder"": 5}, {""id"": 5263, ""displayOrder"": 6}, {""id"": 5264, ""displayOrder"": 7}]}","2024-12-13 12:30:31","2030-01-01 00:00:00",1,2,cagla-sikel-koleksiyonu-nt,/katalog,"","",95675,0,105846,true,false,0,"2026-02-17 21:39:41.418136",false
2767,[OLD] BENIM-ICIN-AL-NEDIR-NASIL-KULLANILIR-ADIMLARI-LP,1,1,1,"{""componentJson"": [{""id"": 5265, ""displayOrder"": 1}, {""id"": 5266, ""displayOrder"": 2}, {""id"": 5267, ""displayOrder"": 3}]}","2025-03-12 11:21:03","2030-11-27 04:00:00",1,2,benim-icin-al-nedir-nasil-kullanilir-adimlari,/proje,"","",95675,0,106756,false,false,0,"2026-02-17 21:39:41.583835",false
2769,[OLD] APP-COCUK-BASIC-LP-2025,1,1,1,"{""componentJson"": [{""id"": 5274, ""displayOrder"": 1}, {""id"": 5275, ""displayOrder"": 2}, {""id"": 5276, ""displayOrder"": 3}, {""id"": 5277, ""displayOrder"": 4}, {""id"": 5278, ""displayOrder"": 5}, {""id"": 5279, ""displayOrder"": 6}]}","2025-03-26 07:38:56","2030-11-14 08:43:00",1,2,cocuk-basic-giyim-nt,/katalog,"","",95675,0,106975,true,false,0,"2026-02-17 21:39:42.22987",false
2770,[OLD] BEBEK-BASIC-LP-2025,1,1,1,"{""componentJson"": [{""id"": 5280, ""displayOrder"": 1}, {""id"": 5281, ""displayOrder"": 2}, {""id"": 5282, ""displayOrder"": 3}, {""id"": 5283, ""displayOrder"": 4}, {""id"": 5284, ""displayOrder"": 5}]}","2025-03-19 08:42:39","2030-12-13 16:28:00",1,2,bebek-basic,/katalog,"","",95675,0,106976,false,false,0,"2026-02-17 21:39:42.530971",false
2760,[OLD] KIDOKIT-LP 19 ANAOKULUNA HAZIRLIK YUZEY GERILIMI FEN OYUNU,1,1,1,"{""componentJson"": [{""id"": 5251, ""displayOrder"": 1}]}","2024-10-23 12:09:04","2029-12-31 21:00:00",1,2,anaokuluna-hazirlik-yuzey-gerilimi-fen-oyunu-cgr,/katalog,"","",95675,0,105136,false,false,0,"2026-02-17 21:39:40.633875",false
2761,[OLD] KIDOKIT-LP 20 ANAOKULUNA HAZIRLIK HAMUR ILE YAZI RESIM CALISMALARI,1,1,1,"{""componentJson"": [{""id"": 5252, ""displayOrder"": 1}]}","2024-10-23 12:12:35","2029-12-31 21:00:00",1,2,anaokuluna-hazirlik-hamur-ile-yazi-resim-calismalari-cgr,/katalog,"","",95675,0,105137,false,false,0,"2026-02-17 21:39:40.723474",false
2762,[OLD] KIDOKIT-LP 21 ANAOKULUNA HAZIRLIK DUNYA KURESI OYUNU,1,1,1,"{""componentJson"": [{""id"": 5253, ""displayOrder"": 1}]}","2024-10-23 12:15:30","2029-12-31 21:00:00",1,2,anaokuluna-hazirlik-dunya-kuresi-oyunu-cgr,/katalog,"","",95675,0,105138,false,false,0,"2026-02-17 21:39:40.803203",false
2763,[OLD] KIDOKIT-LP-28 DR.GULAY KARA  - COCUKLARDA ATESLI HASTALIKLAR VE ETKILERI,1,1,1,"{""componentJson"": [{""id"": 5254, ""displayOrder"": 1}]}","2024-11-12 11:50:00","2029-12-31 21:00:00",1,2,cocuklarda-atesli-hastaliklar-ve-etkileri-cgr,/katalog,"","",95675,0,105145,false,false,0,"2026-02-17 21:39:40.886177",false
2764,[OLD] BAMBASKA-KASIM-CEKILISI-LP,1,1,1,"{""componentJson"": [{""id"": 5255, ""displayOrder"": 1}]}","2024-11-04 08:47:30","2029-12-31 21:00:00",1,2,bambaska-kasim-cekilisi,/proje,"","",95675,0,105344,false,false,0,"2026-02-17 21:39:40.967927",false
2768,[OLD] COCUK-BASIC-2025,1,1,1,"{""componentJson"": [{""id"": 5268, ""displayOrder"": 1}, {""id"": 5269, ""displayOrder"": 2}, {""id"": 5270, ""displayOrder"": 3}, {""id"": 5271, ""displayOrder"": 4}, {""id"": 5272, ""displayOrder"": 5}, {""id"": 5273, ""displayOrder"": 6}]}","2025-03-26 06:54:18","2030-11-14 08:43:00",1,2,cocuk-basic-giyim,/katalog,"","",95675,0,106974,false,false,0,"2026-02-17 21:39:41.904094",false
2773,[OLD] COCUK-BEBEK-BEDEN-BAZLI-LP-NT,1,1,1,"{""componentJson"": [{""id"": 5291, ""displayOrder"": 1}, {""id"": 5292, ""displayOrder"": 2}]}","2025-04-03 13:30:45","2030-01-01 00:00:00",1,2,cocuk-bebek-beden-bazli-nt,/katalog,"","",95675,0,107093,true,false,0,"2026-02-17 21:39:43.03127",false
2776,[OLD] WEB-BABALAR-GUNU-LP-2025,1,1,1,"{""componentJson"": [{""id"": 5309, ""displayOrder"": 1}, {""id"": 5310, ""displayOrder"": 2}, {""id"": 5311, ""displayOrder"": 3}, {""id"": 5312, ""displayOrder"": 4}, {""id"": 5313, ""displayOrder"": 5}, {""id"": 5314, ""displayOrder"": 6}, {""id"": 5315, ""displayOrder"": 7}, {""id"": 5316, ""displayOrder"": 8}, {""id"": 5317, ""displayOrder"": 9}, {""id"": 5318, ""displayOrder"": 10}, {""id"": 5319, ""displayOrder"": 11}]}","2025-06-11 05:21:34","2026-05-25 06:35:32.341553",4,2,babalar-gunu,/katalog,Babalar Günü,LC Waikiki Babalar Günü'ne özel sayfasından babanıza en güzel ürünleri satın alarak babalar gününü kutlayabilirsin. Keşfetmek için hemen tıkla!,95675,0,107707,false,false,0,"2026-02-17 21:39:44.400616",false
2784,[OLD] BTK-LP-2025,1,1,1,"{""componentJson"": [{""id"": 5344, ""displayOrder"": 1}, {""id"": 5345, ""displayOrder"": 2}]}","2025-07-30 13:13:49","2030-11-27 07:00:00",1,2,anaokulu-ihtiyac-listesi,/katalog,"Anaokulu İhtiyaç Listesi, Kreş İhtiyaç Listesi","Anaokulu ihtiyaç listesi burada! Anaokulu malzemeleri, kreş malzemeleri, anaokulu kıyafetleri, anaokulu için gerekli ürünler uygun fiyatları ile LC Waikiki’de!",95675,0,108573,false,false,0,"2026-02-17 21:39:45.906007",false
2785,[OLD] APP-BTK-LP-2025,1,1,1,"{""componentJson"": [{""id"": 5346, ""displayOrder"": 1}, {""id"": 5347, ""displayOrder"": 2}, {""id"": 5348, ""displayOrder"": 3}, {""id"": 5349, ""displayOrder"": 4}, {""id"": 5350, ""displayOrder"": 5}, {""id"": 5351, ""displayOrder"": 6}, {""id"": 5352, ""displayOrder"": 7}]}","2025-07-30 13:14:10","2030-11-27 07:00:00",1,2,anaokulu-ihtiyac-listesi-nt,/katalog,"Anaokulu İhtiyaç Listesi, Kreş İhtiyaç Listesi","Anaokulu ihtiyaç listesi burada! Anaokulu malzemeleri, kreş malzemeleri, anaokulu kıyafetleri, anaokulu için gerekli ürünler uygun fiyatları ile LC Waikiki’de!",95675,0,108574,true,false,0,"2026-02-17 21:39:46.24617",false
2786,[OLD] 8-AGUSTOS-KUBRA-TEST-TEMPLATE LANDINGPAGE,1,1,1,"{""componentJson"": [{""id"": 5353, ""displayOrder"": 1}, {""id"": 5354, ""displayOrder"": 2}, {""id"": 5355, ""displayOrder"": 3}]}","2025-08-08 08:25:45","2030-01-01 11:00:00",1,2,"8-agustos-kubra-test-template",/katalog,"8-agustos-kubra-test-template Meta title","8-agustos-kubra-test-template Meta Desc",95675,0,108710,false,true,0,"2026-02-17 21:39:46.433651",false
2775,[OLD] ANNELER-GUNU-LP-NT-2025,1,1,1,"{""componentJson"": [{""id"": 5301, ""displayOrder"": 1}, {""id"": 5302, ""displayOrder"": 2}, {""id"": 5303, ""displayOrder"": 3}, {""id"": 5304, ""displayOrder"": 4}, {""id"": 5305, ""displayOrder"": 5}, {""id"": 5306, ""displayOrder"": 6}, {""id"": 5307, ""displayOrder"": 7}, {""id"": 5308, ""displayOrder"": 8}]}","2025-04-28 11:52:06","2026-04-20 05:14:55.367694",4,2,anneler-gunu-nt,/katalog,Anneler Günü,LC Waikiki Anneler Günü'ne özel sayfasından annenize en güzel ürünleri satın alarak anneler gününü kutlayabilirsin. Keşfetmek için hemen tıkla!,95675,0,107327,true,false,0,"2026-02-17 21:39:43.861453",false
2792,[OLD] BEBEK-INDIRIM,1,1,1,"{""componentJson"": [{""id"": 5386, ""displayOrder"": 1}, {""id"": 5387, ""displayOrder"": 2}]}","2026-01-23 12:49:39","2029-12-31 21:00:00",1,2,bebek-indirim,/katalog,"","",0,0,122768,false,false,0,"2026-02-17 21:39:48.357448",false
2795,[OLD] ELSIVA-2022,1,1,1,"{""componentJson"": [{""id"": 5391, ""displayOrder"": 1}]}","2024-05-30 13:41:34","2030-01-27 17:21:00",1,2,dijital-stil-danismani-elsiva,/proje,Dijital Stil Danışmanı ile Online Kombin Önerileri,Dijital stil danışmanı burada! “Bugün ne giysem?” sorusuna cevap olacak stil ve kombin önerileri LC Waikiki’de! Ücretsiz ankete katılmak için hemen tıkla!,95675,0,97677,false,false,0,"2026-02-17 21:39:48.884634",false
2771,[OLD] APP-BEBEK-BASIC-LP-2025,1,1,1,"{""componentJson"": [{""id"": 5285, ""displayOrder"": 1}, {""id"": 5286, ""displayOrder"": 2}, {""id"": 5287, ""displayOrder"": 3}, {""id"": 5288, ""displayOrder"": 4}, {""id"": 5289, ""displayOrder"": 5}]}","2025-04-03 06:56:30","2030-12-13 16:28:00",1,2,bebek-basic-nt,"","","",95675,0,106977,true,false,0,"2026-02-17 21:39:42.786898",false
2772,[OLD] COCUK-BEBEK-BEDEN-BAZLI-LP,1,1,1,"{""componentJson"": [{""id"": 5290, ""displayOrder"": 1}]}","2025-04-03 13:30:24","2030-01-01 00:00:00",1,2,cocuk-bebek-beden-bazli,/katalog,"","",95675,0,107092,false,false,0,"2026-02-17 21:39:42.890515",false
2777,[OLD] APP-BABALAR-GUNU-LP-2025,1,1,1,"{""componentJson"": [{""id"": 5320, ""displayOrder"": 1}, {""id"": 5321, ""displayOrder"": 2}, {""id"": 5322, ""displayOrder"": 3}, {""id"": 5323, ""displayOrder"": 4}, {""id"": 5324, ""displayOrder"": 5}, {""id"": 5325, ""displayOrder"": 6}, {""id"": 5326, ""displayOrder"": 7}, {""id"": 5327, ""displayOrder"": 8}]}","2025-06-11 05:21:45","2026-05-25 07:09:54.041444",4,2,babalar-gunu-nt,/katalog,Babalar Günü,LC Waikiki Babalar Günü'ne özel sayfasından babanıza en güzel ürünleri satın alarak babalar gününü kutlayabilirsin. Keşfetmek için hemen tıkla!,95675,0,107708,true,false,0,"2026-02-17 21:39:44.807792",false
2778,[OLD] COCUK-BEBEK-PLAJ-LP-2025,1,1,1,"{""componentJson"": [{""id"": 5328, ""displayOrder"": 1}, {""id"": 5329, ""displayOrder"": 2}, {""id"": 5330, ""displayOrder"": 3}, {""id"": 5331, ""displayOrder"": 4}, {""id"": 5332, ""displayOrder"": 5}]}","2025-06-05 07:14:08","2030-05-30 00:00:00",1,2,cocuk-bebek-plaj-katalogu,/katalog,"","",95675,0,107827,false,false,0,"2026-02-17 21:39:45.07322",false
2779,[OLD] APP-COCUK-BEBEK-PLAJ-LP-2025,1,1,1,"{""componentJson"": [{""id"": 5333, ""displayOrder"": 1}, {""id"": 5334, ""displayOrder"": 2}, {""id"": 5335, ""displayOrder"": 3}, {""id"": 5336, ""displayOrder"": 4}, {""id"": 5337, ""displayOrder"": 5}]}","2025-06-11 06:07:18","2030-05-30 00:00:00",1,2,cocuk-bebek-plaj-katalogu-nt,/katalog,"","",95675,0,107828,true,false,0,"2026-02-17 21:39:45.344894",false
2780,[OLD] APP-COCUKBEBEK-KUPONLP-260625,1,1,1,"{""componentJson"": [{""id"": 5338, ""displayOrder"": 1}, {""id"": 5339, ""displayOrder"": 2}, {""id"": 5340, ""displayOrder"": 3}]}","2025-06-27 14:54:03","2029-12-31 21:00:00",1,2,cocuk-bebek-urunlerinde-kupon-firsati-nt,"","","",95675,0,108149,true,false,0,"2026-02-17 21:39:45.521762",false
2781,[OLD] WEB-COCUKBEBEK-KUPONLP-260625,1,1,1,"{""componentJson"": [{""id"": 5341, ""displayOrder"": 1}]}","2025-06-27 15:40:45","2029-12-31 21:00:00",1,2,cocuk-bebek-urunlerinde-kupon-firsati,"","","",95675,0,108153,false,false,0,"2026-02-17 21:39:45.603828",false
2782,[OLD] WEB-COCUKBEBEK-KUPONLP-280625,1,1,1,"{""componentJson"": [{""id"": 5342, ""displayOrder"": 1}]}","2025-06-27 15:40:45","2029-12-31 21:00:00",1,2,cocuk-bebek-urunlerinde-kupon-firsati-280625,"","","",95675,0,108157,false,false,0,"2026-02-17 21:39:45.68604",false
2783,[OLD] WEB-COCUKBEBEK-KUPONLP-300625,1,1,1,"{""componentJson"": [{""id"": 5343, ""displayOrder"": 1}]}","2025-06-27 15:40:45","2029-12-31 21:00:00",1,2,cocuk-bebek-urunlerinde-kupon-firsati-300625,"","","",95675,0,108158,false,false,0,"2026-02-17 21:39:45.765965",false
2787,[OLD] 8-AGUSTOS-KUBRA-TEST-TEMPLATE LANDINGPAGE-CLON,1,1,1,"{""componentJson"": [{""id"": 5353, ""displayOrder"": 1}, {""id"": 5354, ""displayOrder"": 2}, {""id"": 5355, ""displayOrder"": 3}]}","2025-08-08 08:25:45","2030-01-01 11:00:00",1,2,"8-agustos-kubra-test-template-clon",/katalog,"8-agustos-kubra-test-template Meta title","8-agustos-kubra-test-template Meta Desc",95675,0,108711,false,true,0,"2026-02-17 21:39:46.589565",false
2788,[OLD] WEB-BUYUK-BEDEN-LP,1,1,1,"{""componentJson"": [{""id"": 5356, ""displayOrder"": 1}, {""id"": 5357, ""displayOrder"": 2}, {""id"": 5358, ""displayOrder"": 3}, {""id"": 5359, ""displayOrder"": 4}, {""id"": 5360, ""displayOrder"": 5}]}","2025-08-18 13:13:18","2035-08-18 07:58:13",1,2,buyuk-beden,/katalog,"","",0,0,109236,false,false,0,"2026-02-17 21:39:46.85685",false
2789,[OLD] APP-BUYUK-BEDEN-LP,1,1,1,"{""componentJson"": [{""id"": 5361, ""displayOrder"": 1}, {""id"": 5362, ""displayOrder"": 2}, {""id"": 5363, ""displayOrder"": 3}]}","2025-10-23 11:17:56.110672","2035-08-18 08:07:54",1,2,buyuk-beden-nt,/katalog,"","",95704,0,109237,true,false,0,"2026-02-17 21:39:47.038058",false
2774,[OLD] ANNELER-GUNU-LP-2025,1,1,1,"{""componentJson"": [{""id"": 5293, ""displayOrder"": 1}, {""id"": 5294, ""displayOrder"": 2}, {""id"": 5295, ""displayOrder"": 3}, {""id"": 5296, ""displayOrder"": 4}, {""id"": 5297, ""displayOrder"": 5}, {""id"": 5298, ""displayOrder"": 6}, {""id"": 5299, ""displayOrder"": 7}, {""id"": 5300, ""displayOrder"": 8}]}","2025-04-28 11:52:14","2026-04-20 05:36:28.161969",4,2,anneler-gunu,/katalog,Anneler Günü,LC Waikiki Anneler Günü'ne özel sayfasından annenize en güzel ürünleri satın alarak anneler gününü kutlayabilirsin. Keşfetmek için hemen tıkla!,95675,0,107326,false,false,0,"2026-02-17 21:39:43.472769",false
2793,[OLD] BEBEK-INDIRIM-NT,1,1,1,"{""componentJson"": [{""id"": 5388, ""displayOrder"": 1}, {""id"": 5389, ""displayOrder"": 2}]}","2026-01-23 12:49:58","2029-12-31 21:00:00",1,2,bebek-indirim-nt,/katalog,"","",0,0,122769,true,false,0,"2026-02-17 21:39:48.49201",false
2796,[OLD] DESIGN-CO-LANSMAN-260423-3,1,1,1,"{""componentJson"": [{""id"": 5392, ""displayOrder"": 1}, {""id"": 5393, ""displayOrder"": 2}]}","2023-06-13 16:28:16","2030-01-13 17:50:00",1,2,design-collective-2,/proje,Design Collective | LC Waikiki ,Design Collective | LC Waikiki ,95675,0,97684,false,false,0,"2026-02-17 21:39:49.013909",false
2797,[OLD] DESIGN-COLLECTIVE-3,1,1,1,"{""componentJson"": [{""id"": 5394, ""displayOrder"": 1}]}","2022-11-17 10:35:00","2030-01-01 00:00:00",1,2,design-collective-basvurusu,/proje,Design Collective,design-collective,95675,0,97714,false,false,0,"2026-02-17 21:39:49.090295",false
2798,[OLD] D-MARKALAR,1,1,1,"{""componentJson"": [{""id"": 5395, ""displayOrder"": 1}]}","2023-01-30 16:52:00","2030-01-01 00:00:00",1,2,d-markalar,"",Diğer Markalar,Diğer Markalar,95675,0,97739,false,false,1,"2026-02-17 21:39:49.175902",false
2800,[OLD] IC GIYIM PIJAMA LP,1,1,1,"{""componentJson"": [{""id"": 5397, ""displayOrder"": 1}]}","2020-12-10 11:07:00","2030-01-01 00:00:00",1,2,ev-giyim,"",Ev Giyim - Ev Giyim Modelleri,Ev giyim şimdi burada! En rahat ev giyim modelleri 2019 da uygun fiyatları ile LCW de! Hemen tıkla ve koleksiyonu keşfet.,95675,0,97933,false,false,1,"2026-02-17 21:39:49.332931",false
2801,[OLD] VISUAL SEARCH LP,1,1,1,"{""componentJson"": [{""id"": 5398, ""displayOrder"": 1}]}","2018-09-27 09:26:00","2030-01-01 00:00:00",1,2,gorselle-arama-lcw-app,"",Görselle Arama ve Ürün Bulma Özelliği - LCW App,LC Waikiki mobil uygulamasının yepyeni özelliği görselle arama ile ürünleri kolayca bulabilirsin. Detaylar için hemen tıkla!,95675,0,97944,false,false,0,"2026-02-17 21:39:49.410176",false
2802,[OLD] BASIC LP 2018,1,1,1,"{""componentJson"": [{""id"": 5399, ""displayOrder"": 1}]}","2018-09-14 22:36:00","2030-01-01 00:00:00",1,2,cok-renkli-cok-cesitli,"","Çok Renkli, Çok Çeşitli - LCW Basics Reklamı","Bu sonbahar çok renkli, çok çeşitli! LCW Basics reklam filmi ve koleksiyonu için hemen tıkla!",95675,0,97945,false,false,0,"2026-02-17 21:39:49.503257",false
2803,[OLD] COCUK TATIL KIYAFETLERI,1,1,1,"{""componentJson"": [{""id"": 5400, ""displayOrder"": 1}]}","2018-06-19 09:39:00","2030-01-01 00:00:00",1,2,cocuk-tatil-kiyafetleri,"",Çocuk Tatil Kıyafetleri - Çocuk Tatil Modası,Çocuk tatil kıyafetleri şimdi burada! Çocuk tatil alışverişi için öneriler 2018 de uygun fiyatlarıyla LC Waikiki de! Hemen tıkla!,95675,0,97946,false,false,0,"2026-02-17 21:39:49.582045",false
2804,[OLD] EN-UZUN-GECE-INDIRIMLERI,1,1,1,"{""componentJson"": [{""id"": 5401, ""displayOrder"": 1}]}","2018-11-14 16:46:00","2030-01-01 00:00:00",1,2,en-uzun-gece-indirimleri,"","En Uzun Gece İndirimleri, 21 Aralık En Uzun Gece Kampanyası – LC Waikiki", En uzun gece indirimleri burada! LC Waikiki 21 Aralık en uzun gece kampanyasındaki indirimli ürünleri ve sıcak fırsatları kaçırma! Kış gündönümünde seçili ürünlerde sepette %30’a varan indirimler LC Waikiki’de seni bekliyor! Hemen tıkla!,95675,0,97952,false,false,0,"2026-02-17 21:39:49.656881",false
2805,[OLD] ERKEK BAYRAM KIYAFETLERI 2017,1,1,1,"{""componentJson"": [{""id"": 5402, ""displayOrder"": 1}]}","2017-08-10 13:43:00","2030-01-01 00:00:00",1,2,Erkek-Bayram-Kiyafetleri,"","Bayram Kıyafetleri, Erkek Giyim ve Ceket - Yelek Modelleri","Sezonun modasına uygun bayram kıyafetlerini bulabileceğiniz LC Waikiki’de, tarzınıza uygun erkek giyim ve ceket - yelek modellerine online alışveriş imkanı ile ulaşın.",95675,0,97959,false,false,0,"2026-02-17 21:39:49.736758",false
2806,[OLD] 2017 BU DENIM FIT PAGE,1,1,1,"{""componentJson"": [{""id"": 5403, ""displayOrder"": 1}]}","2017-06-16 11:01:00","2030-01-01 00:00:00",1,2,erkek-kot-pantolon,"","Denim Giyim, Erkek Kot Pantolon Modelleri ve Jean Pantolon Fiyatları","LC Waikikinin denim koleksiyonunda her zevke ve bedene uygun erkek kot pantolon modellerini online satın alın, jean şıklığını kombinlerinize taşıyın.",95675,0,97961,false,false,0,"2026-02-17 21:39:49.812244",false
2807,[OLD] 20170203-CU4-LINE,1,1,1,"{""componentJson"": [{""id"": 5404, ""displayOrder"": 1}]}","2017-02-08 17:09:00","2030-01-01 00:00:00",1,2,Erkek-cocuk-kiyafet-2017,"",Erkek Çocuk Kıyafetleri 2017 - LC Waikiki,LC Waikiki erkek çocuk koleksiyonunun en renkli parçaları yeni ürünler ile lcwaikiki.com da. Arabaları ve hızı seven minik beyler bu parçaları çok sevecek.,95675,0,97970,false,false,0,"2026-02-17 21:39:49.886295",false
2808,[OLD] 20161213-HER-SEY-9-95-LP,1,1,1,"{""componentJson"": [{""id"": 5405, ""displayOrder"": 1}]}","2017-06-23 09:36:00","2030-01-01 00:00:00",1,2,en-uygun-fiyatli-kiyafetler,"",En uygun fiyatlı kıyafetler,"Kadın, erkek ve çocuk modasında kaliteli ve uygun fiyatlı ürünler lcwaikiki.com da. ",95675,0,97973,false,false,0,"2026-02-17 21:39:49.96491",false
2809,[OLD] HOW-TO-OLAPIC,1,1,1,"{""componentJson"": [{""id"": 5406, ""displayOrder"": 1}]}","2016-12-09 14:38:00","2030-01-01 00:00:00",1,2,galeride-nasıl-yer-alırım,"",LC Waikiki Güzel Anlar Galerisinde Nasıl Yer Alabilirim?,LC Waikikinin yeni projesini öğrenmek için bu sayfaya tıkla. #MyLCW hastaghi ile instagramda paylaştığın fotoğrafın projede nasıl yer alacağını öğren.,95675,0,97974,false,false,0,"2026-02-17 21:39:50.042053",false
2810,[OLD] 20161110-CHINO-RENKLI-LP,1,1,1,"{""componentJson"": [{""id"": 5407, ""displayOrder"": 1}]}","2016-11-10 14:08:00","2030-01-01 00:00:00",1,2,erkek-renkli-chino-pantolonlar-2016,"",Erkek Giyim Renkli Chino Pantolonlar - LC Waikiki 2016,"Chino pamuktan üretilen rahat LC Waikiki erkek pantolon koleksiyonu bordo, haki, lacivert ve hardal renkleri ile internet mağazamızda! Kargo bedava fırsatıyla.",95675,0,97981,false,false,0,"2026-02-17 21:39:50.11811",false
2811,[OLD] 20161101-CHINO-FIT-LP,1,1,1,"{""componentJson"": [{""id"": 5408, ""displayOrder"": 1}]}","2016-11-07 15:45:00","2030-01-01 00:00:00",1,2,erkek-fit-chino-pantolonlar-2016,"",Erkek Giyim Chino Pantolonlar - LC Waikiki 2016,"Chino pamuktan üretilen rahat ve esnek LC Waikiki erkek pantolon koleksiyonu, dar ve normal kesimleriyle internet mağazamızda! Kargo bedava fırsatıyla.",95675,0,97982,false,false,0,"2026-02-17 21:39:50.213662",false
2812,[OLD] HOME KATALOG EYLUL 2016 - 1,1,1,1,"{""componentJson"": [{""id"": 5409, ""displayOrder"": 1}]}","2016-10-21 11:23:00","2030-01-01 00:00:00",1,2,ev-tekstili,"",LCW Home Katalog,LC Waikiki birbirinden güzel ev tekstili ürünleri ile artık LCW Home koleksiyonu ile karşınızda.,95675,0,97989,false,false,0,"2026-02-17 21:39:50.302557",false
2813,[OLD] 20160822 CU4 BAYRAM LINE LP,1,1,1,"{""componentJson"": [{""id"": 5410, ""displayOrder"": 1}]}","2016-08-22 15:52:00","2030-01-01 00:00:00",1,2,Erkek-çocuk-bayramlık-kıyafetler,"",Erkek Çocuklar için 2016 Bayram Koleksiyonu LC Waikiki,"Renkli pantolonlar, gömlekler, kazak ve ceketler ile küçük beylerin bayram coşkusu kıyafetlerine yansıyor.",95675,0,97996,false,false,0,"2026-02-17 21:39:50.378488",false
2814,[OLD] COCUK-LINE,1,1,1,"{""componentJson"": [{""id"": 5411, ""displayOrder"": 1}]}","2021-06-09 17:18:00","2030-01-01 00:00:00",1,2,cocuk-line-2021,"",cocuk-line-2021,cocuk-line-2021,95675,0,98010,false,false,0,"2026-02-17 21:39:50.48375",false
2815,[OLD] DIYALOG MUZESI ,1,1,1,"{""componentJson"": [{""id"": 5412, ""displayOrder"": 1}]}","2023-02-16 09:30:32","2033-02-03 14:45:30",1,2,diyalog-muzesi,"",Diyalog Müzesi ,Diyalog Müzesi ,95675,0,98133,false,false,0,"2026-02-17 21:39:50.559247",false
2816,[OLD] EARTHQUAKE-SOLIDARITY-CAMPAIGN,1,1,1,"{""componentJson"": [{""id"": 5413, ""displayOrder"": 1}, {""id"": 5414, ""displayOrder"": 2}]}","2023-02-20 07:53:51","2030-02-28 15:15:00",1,2,earthquake-solidarity-campaign,"",earthquake-solidarity-campaign,earthquake-solidarity-campaign,95675,0,98138,false,false,0,"2026-02-17 21:39:50.678615",false
2817,[OLD] ERKEK-AKTIF-SPOR,1,1,1,"{""componentJson"": [{""id"": 5415, ""displayOrder"": 1}]}","2023-12-26 15:55:40","2033-03-06 07:17:52",1,2,erkek-spor-giyim,/katalog,"","",95675,0,98206,false,false,0,"2026-02-17 21:39:50.782748",false
2818,[OLD] ERKEK-AKTIF-SPOR-MOBIL,1,1,1,"{""componentJson"": [{""id"": 5416, ""displayOrder"": 1}]}","2023-03-14 18:27:23","2030-11-27 07:00:00",1,2,erkek-spor-giyim?isMobile=1,"","Erkek Spor Giyim, Erkek Spor Kıyafetleri","Erkek spor giyim burada! Erkek spor kıyafetler, erkek spor giyim modelleri uygun fiyatları ile LC Waikiki'de! Hemen keşfet!",95675,0,98274,true,false,0,"2026-02-17 21:39:50.858426",false
2819,[OLD] DENEME-ALANI-LP,1,1,1,"{""componentJson"": [{""id"": 5417, ""displayOrder"": 1}, {""id"": 5368, ""displayOrder"": 2}, {""id"": 5418, ""displayOrder"": 3}, {""id"": 5419, ""displayOrder"": 4}]}","2025-12-17 09:03:18","2030-01-17 07:00:00",1,2,deneme-test-oktay-ata,/lp,"","",95675,0,98277,false,false,0,"2026-02-17 21:39:51.065761",false
2821,[OLD] 	EKMEK PIZZASI LP,1,1,1,"{""componentJson"": [{""id"": 5426, ""displayOrder"": 1}, {""id"": 5427, ""displayOrder"": 2}, {""id"": 5081, ""displayOrder"": 3}]}","2023-06-08 16:53:46","2030-04-06 09:07:02",1,2,evde-kolay-pizza-tarifi,"","Pratik Pizza Tarifi, Evde Kolay Pizza Tarifi","Pizza tarifi burada! Ekmekten pizza tarifi, sahur için pratik, şipşak ekmek pizza tarifi ve sunum ürünleri modelleri uygun fiyatları ile LC Waikiki'de!",95675,0,98453,false,false,0,"2026-02-17 21:39:51.531195",false
2822,[OLD] LCW X DIYALOG MUZESI,1,1,1,"{""componentJson"": [{""id"": 5428, ""displayOrder"": 1}]}","2023-12-01 10:21:34","2030-04-14 13:56:17",1,2,diyalog-muzesi,/lp,"","",95675,0,98544,false,false,0,"2026-02-17 21:39:51.615165",false
2823,[OLD] DEPREM YARDIM LP	,1,1,1,"{""componentJson"": [{""id"": 5429, ""displayOrder"": 1}]}","2023-06-23 14:38:39","2030-04-14 17:44:11",1,2,deprem-yardimlasma-seferberligi,/proje,Deprem Yardımlaşma Seferberliği,"Deprem yardımı seferberliği sayfamızdan vereceğiniz siparişleriniz LC Waikiki tarafından AFAD koordinasyonunda, depremzedelere ulaştırılmaktadır.",95675,0,98550,false,false,0,"2026-02-17 21:39:51.690635",false
2824,[OLD] ERKEK-BASIC-LP,1,1,1,"{""componentJson"": [{""id"": 5430, ""displayOrder"": 1}]}","2024-09-03 13:34:31","2030-04-19 10:19:41",1,2,erkek-basic,/katalog,"","",95675,0,98581,false,false,0,"2026-02-17 21:39:51.768527",false
2825,[OLD] MAYMUN AR GAME LP,1,1,1,"{""componentJson"": [{""id"": 5431, ""displayOrder"": 1}]}","2023-10-25 11:31:44","2030-01-01 00:00:00",1,2,efsane-maymunu-bulma-oyunu,/proje,Efsane Maymunu Bulma Oyunu,"Sen de harita üzerinden Efsane Nostaljik Maymunu bul, sürprizleri yakala! #efsanemaymunyollarda hashtag’i ile paylaşım yap, indirim kuponu kazan!",95675,0,98664,false,false,0,"2026-02-17 21:39:51.848973",false
2826,[OLD] GORUNTULU-GORUSME-DENEME-01,1,1,1,"{""componentJson"": [{""id"": 5432, ""displayOrder"": 1}]}","2023-08-31 02:22:23","2043-01-01 00:00:00",1,2,goruntulu-gorusme-deneme-01,"",goruntulu-gorusme-deneme-01,goruntulu-gorusme-deneme-01,95675,0,99726,false,false,0,"2026-02-17 21:39:51.927478",false
2827,[OLD] GORUNTULU-GORUSME-MODA-DANISMANI,1,1,1,"{""componentJson"": [{""id"": 5433, ""displayOrder"": 1}]}","2023-09-22 19:10:56","2035-01-01 00:00:00",1,2,goruntulu-gorusme-moda-danismani,"",goruntulu-gorusme-moda-danismani,goruntulu-gorusme-moda-danismani,95675,0,99731,false,false,0,"2026-02-17 21:39:52.00397",false
2828,[OLD] GORUNTULU-GORUSME-IADE-ASISTANI,1,1,1,"{""componentJson"": [{""id"": 5434, ""displayOrder"": 1}]}","2023-09-22 19:07:40","2040-01-01 00:00:00",1,2,goruntulu-gorusme-iade-asistani,/proje,goruntulu-gorusme-iade-asistani,goruntulu-gorusme-iade-asistani,95675,0,99732,false,false,0,"2026-02-17 21:39:52.095193",false
2829,[OLD] GORUNTULU-GORUSME-URUN-TEKNIK-DANISMANI,1,1,1,"{""componentJson"": [{""id"": 5435, ""displayOrder"": 1}]}","2023-09-22 19:09:38","2040-01-01 00:00:00",1,2,goruntulu-gorusme-urun-teknik-danismani,"",goruntulu-gorusme-urun-teknik-danismani,goruntulu-gorusme-urun-teknik-danismani,95675,0,99733,false,false,0,"2026-02-17 21:39:52.173824",false
2830,[OLD] GORUNTULU-GORUSME-ISARET-DILI-DANISMANI,1,1,1,"{""componentJson"": [{""id"": 5436, ""displayOrder"": 1}]}","2023-09-22 19:08:58","2040-01-01 00:00:00",1,2,goruntulu-gorusme-isaret-dili-danismani,/proje,goruntulu-gorusme-isaret-dili-danismani,goruntulu-gorusme-isaret-dili-danismani,95675,0,99734,false,false,0,"2026-02-17 21:39:52.267786",false
2831,[OLD] DENIM TREND,1,1,1,"{""componentJson"": [{""id"": 5437, ""displayOrder"": 1}, {""id"": 5438, ""displayOrder"": 2}, {""id"": 5439, ""displayOrder"": 3}]}","2024-03-07 09:19:42","2030-01-01 00:00:00",1,2,denim,/katalog,"","",95675,0,102223,false,false,0,"2026-02-17 21:39:52.465292",false
2836,[OLD] WEB-HOME-LP,1,1,1,"{""componentJson"": [{""id"": 5449, ""displayOrder"": 1}, {""id"": 5450, ""displayOrder"": 2}, {""id"": 5451, ""displayOrder"": 3}, {""id"": 5452, ""displayOrder"": 4}, {""id"": 5453, ""displayOrder"": 5}, {""id"": 5454, ""displayOrder"": 6}, {""id"": 5455, ""displayOrder"": 7}, {""id"": 5456, ""displayOrder"": 8}, {""id"": 5457, ""displayOrder"": 9}, {""id"": 5458, ""displayOrder"": 10}, {""id"": 5459, ""displayOrder"": 11}, {""id"": 5460, ""displayOrder"": 12}]}","2025-07-11 13:40:00","2030-04-03 14:23:15",1,2,ev-yasam-h6,"","","",95675,0,102912,false,false,0,"2026-02-17 21:39:53.692767",false
2837,[OLD] NEWBORN-JOURNEY-LP-3-EMZIRME-REHBERI-BBR,1,1,1,"{""componentJson"": [{""id"": 5461, ""displayOrder"": 1}]}","2024-12-24 12:53:12","2030-01-01 00:00:00",1,2,emzirme-rehberi-bbr,"","","",95675,0,103130,false,false,0,"2026-02-17 21:39:53.794749",false
2838,[OLD] NEWBORN-JOURNEY-LP-4-EMZIRME-IHTIYACLARI-REHBERI-BBR,1,1,1,"{""componentJson"": [{""id"": 5462, ""displayOrder"": 1}]}","2024-12-24 12:57:28","2030-01-01 00:00:00",1,2,emzirme-ihtiyaclari-rehberi-bbr,"","","",95675,0,103131,false,false,0,"2026-02-17 21:39:53.892643",false
2839,[OLD] NEWBORN-JOURNEY-LP-6-EMZIREN-ANNENIN-BESLENMESI-REHBERI-BBR,1,1,1,"{""componentJson"": [{""id"": 5463, ""displayOrder"": 1}]}","2024-12-24 13:03:03","2030-01-01 00:00:00",1,2,emziren-annenin-beslenmesi-rehberi-bbr,"","","",95675,0,103133,false,false,0,"2026-02-17 21:39:53.981877",false
2840,[OLD] NEWBORN-JOURNEY-LP-7-EK-GIDALAR-REHBERI-BBR,1,1,1,"{""componentJson"": [{""id"": 5464, ""displayOrder"": 1}]}","2024-12-24 13:11:42","2030-01-01 00:00:00",1,2,ek-gidalar-rehberi-bbr,"","","",95675,0,103134,false,false,0,"2026-02-17 21:39:54.07104",false
2841,[OLD] NEWBORN-JOURNEY-LP-14-DONE-EROGLU-KIMDIR-BBR,1,1,1,"{""componentJson"": [{""id"": 5465, ""displayOrder"": 1}]}","2024-05-21 11:28:52","2030-01-01 00:00:00",1,2,done-eroglu-kimdir-bbr,"","","",95675,0,103141,false,false,0,"2026-02-17 21:39:54.153823",false
2820,[OLD] GENCLER-LP-NEW,1,1,1,"{""componentJson"": [{""id"": 5420, ""displayOrder"": 1}, {""id"": 5421, ""displayOrder"": 2}, {""id"": 5422, ""displayOrder"": 3}, {""id"": 5423, ""displayOrder"": 4}, {""id"": 5424, ""displayOrder"": 5}, {""id"": 5425, ""displayOrder"": 6}]}","2026-01-20 11:19:21.290697","2030-01-01 01:00:00",1,2,genc-uyeligi,/proje,"","",95675,0,98347,false,false,0,"2026-02-17 21:39:51.374165",false
2833,[OLD] RAMAZAN-TARIF-4-EGE-ENGINARLI-LEVREK-LP,1,1,1,"{""componentJson"": [{""id"": 5444, ""displayOrder"": 1}]}","2024-03-15 23:40:01","2030-01-01 00:00:00",1,2,ege-enginarli-levrek-tarifi,/proje,"","",95675,0,102418,false,false,0,"2026-02-17 21:39:52.777606",false
2834,[OLD] RAMAZAN-TARIF-7-DOGU-ANADOLU-PATLICAN-TAVA-KAYISI-KAVURMA-LP,1,1,1,"{""componentJson"": [{""id"": 5445, ""displayOrder"": 1}]}","2024-03-15 23:54:11","2030-01-01 00:00:00",1,2,dogu-anadolu-patlican-tava-kayisi-kavurma-tarifi,/proje,"","",95675,0,102421,false,false,0,"2026-02-17 21:39:52.873087",false
2842,[OLD] WEB-ERKEK-LP,1,1,1,"{""componentJson"": [{""id"": 5466, ""displayOrder"": 1}, {""id"": 5467, ""displayOrder"": 2}, {""id"": 5468, ""displayOrder"": 3}, {""id"": 5469, ""displayOrder"": 4}, {""id"": 5470, ""displayOrder"": 5}, {""id"": 5471, ""displayOrder"": 6}, {""id"": 5472, ""displayOrder"": 7}, {""id"": 5315, ""displayOrder"": 8}, {""id"": 5473, ""displayOrder"": 9}, {""id"": 5317, ""displayOrder"": 10}, {""id"": 5474, ""displayOrder"": 11}, {""id"": 5475, ""displayOrder"": 12}]}","2025-07-18 07:00:56","2030-01-01 00:00:00",1,2,erkek-h2,"","","",95675,0,103302,false,false,0,"2026-02-17 21:39:54.742986",false
2843,[OLD] APP-ERKEK-LP-NT,1,1,1,"{""componentJson"": [{""id"": 5476, ""displayOrder"": 1}, {""id"": 5477, ""displayOrder"": 2}, {""id"": 5478, ""displayOrder"": 3}, {""id"": 5479, ""displayOrder"": 4}, {""id"": 5480, ""displayOrder"": 5}, {""id"": 5481, ""displayOrder"": 6}, {""id"": 5482, ""displayOrder"": 7}, {""id"": 5483, ""displayOrder"": 8}, {""id"": 5484, ""displayOrder"": 9}]}","2025-07-18 07:01:02","2030-01-01 00:00:00",1,2,erkek-lp-nt,/katalog,"","",95675,0,103303,true,false,0,"2026-02-17 21:39:55.184976",false
2846,[OLD] WEB-FLASH-INDIRIMLER-LP,1,1,1,"{""componentJson"": [{""id"": 5490, ""displayOrder"": 1}, {""id"": 5491, ""displayOrder"": 2}]}","2024-11-04 05:45:55","2030-11-27 04:00:00",1,2,flash-indirimler,"","","",95675,0,103645,false,false,0,"2026-02-17 21:39:55.729665",false
2848,[OLD] APP-ERKEK-BASIC-LP,1,1,1,"{""componentJson"": [{""id"": 5430, ""displayOrder"": 1}]}","2024-09-04 05:27:14","2030-04-19 10:19:41",1,2,erkek-basic-nt,/katalog,"","",95675,0,104682,true,false,0,"2026-02-17 21:39:55.960537",false
2849,[OLD] WEB-KADIN-TROUSER-SHOP-DOKUMA-LP,1,1,1,"{""componentJson"": [{""id"": 5494, ""displayOrder"": 1}]}","2024-09-06 16:06:40","2029-12-31 21:00:00",1,2,dokuma-pantolon-fit-guide,/katalog,"","",95675,0,104721,false,false,0,"2026-02-17 21:39:56.044821",false
2850,[OLD] EFSANE-MAYMUNLAR-CIZGI-FILM,1,1,1,"{""componentJson"": [{""id"": 5495, ""displayOrder"": 1}]}","2024-10-11 13:12:20","2030-01-01 00:00:00",1,2,efsane-maymun-cizgi-film-lp-nt,/katalog,"","",95675,0,104895,false,false,0,"2026-02-17 21:39:56.127475",false
2853,[OLD] WEB-CORAP-LP,1,1,1,"{""componentJson"": [{""id"": 5499, ""displayOrder"": 1}, {""id"": 5500, ""displayOrder"": 2}, {""id"": 5501, ""displayOrder"": 3}, {""id"": 5502, ""displayOrder"": 4}]}","2024-12-10 07:57:51","2029-12-31 21:00:00",1,2,corap-katalogu,/katalog,"","",95675,0,105606,false,false,0,"2026-02-17 21:39:56.577901",false
2855,[OLD] DERYA-PINAR-AK-KOLEKSIYONU-LP	,1,1,1,"{""componentJson"": [{""id"": 5509, ""displayOrder"": 1}, {""id"": 5510, ""displayOrder"": 2}]}","2024-12-16 13:48:48","2030-01-01 00:00:00",1,2,derya-pinar-ak-koleksiyonu,/katalog,"","",95675,0,105874,false,false,0,"2026-02-17 21:39:57.002462",false
2856,[OLD] DERYA-PINAR-AK-KOLEKSIYONU-LP-NT,1,1,1,"{""componentJson"": [{""id"": 5511, ""displayOrder"": 1}, {""id"": 5512, ""displayOrder"": 2}, {""id"": 5513, ""displayOrder"": 3}, {""id"": 5514, ""displayOrder"": 4}, {""id"": 5515, ""displayOrder"": 5}]}","2024-12-18 07:12:51","2030-01-01 00:00:00",1,2,derya-pinar-ak-koleksiyonu-nt,/katalog,"","",95675,0,105877,true,false,0,"2026-02-17 21:39:57.247822",false
2862,[OLD] DENIM-COCUK-TREND-NT-2025,1,1,1,"{""componentJson"": [{""id"": 5538, ""displayOrder"": 1}, {""id"": 5539, ""displayOrder"": 2}, {""id"": 5540, ""displayOrder"": 3}, {""id"": 5541, ""displayOrder"": 4}, {""id"": 5542, ""displayOrder"": 5}, {""id"": 5543, ""displayOrder"": 6}]}","2025-03-19 14:30:52","2030-01-01 00:00:00",1,2,denim-cocuk-trend-nt,/katalog,"","",95675,0,106884,true,false,0,"2026-02-17 21:39:58.788065",false
2894,[OLD] GORUNTULU-MUSTERI-HIZMETLERI,1,1,1,"{""componentJson"": [{""id"": 5626, ""displayOrder"": 1}]}","2023-10-09 17:53:28","2030-01-23 07:59:00",1,2,isaret-dili-goruntulu-musteri-hizmetleri,/proje,Lc Waikiki | Görüntülü Müşteri Hizmetleri,Lc Waikiki | Görüntülü Müşteri Hizmetleri,95675,0,97674,false,false,0,"2026-02-17 21:40:06.328148",false
2858,[OLD] DENIM-ERKEK-TREND-2025,1,1,1,"{""componentJson"": [{""id"": 5520, ""displayOrder"": 1}, {""id"": 5521, ""displayOrder"": 2}, {""id"": 5522, ""displayOrder"": 3}, {""id"": 5523, ""displayOrder"": 4}]}","2025-03-14 10:48:31","2030-01-01 00:00:00",4,2,denim-erkek-trend,/katalog,Erkek Denim Koleksiyonu 2025,LCW jeans ve tüm diğer markaların en trend denim parçalarıyla tarzını tamamla! Erkek denim fiyatları ve modellerini keşfetmek için tıkla!,95675,0,106859,false,false,0,"2026-02-17 21:39:57.665174",false
2832,[OLD] DENIM-KADIN-TREND-NT,1,1,1,"{""componentJson"": [{""id"": 7438, ""status"": true, ""displayOrder"": 1}, {""id"": 7342, ""status"": true, ""displayOrder"": 2}, {""id"": 7440, ""status"": true, ""displayOrder"": 3}]}","2024-09-12 23:53:02","2030-01-01 00:00:00",1,2,denim-kadin-trend-nt,/katalog,"","",0,1,0,true,false,1,"2026-02-17 21:39:52.700901",false
2844,[OLD] WEB-GENCLER-LP,1,1,1,"{""componentJson"": [{""id"": 5485, ""displayOrder"": 1}, {""id"": 5486, ""displayOrder"": 2}, {""id"": 5487, ""displayOrder"": 3}, {""id"": 5488, ""displayOrder"": 4}]}","2024-06-06 04:57:39","2030-01-01 01:00:00",1,2,gencler,/proje,"","",95675,0,103380,false,false,0,"2026-02-17 21:39:55.39679",false
2845,[OLD] APP-GENCLER-LP-NT,1,1,1,"{""componentJson"": [{""id"": 5489, ""displayOrder"": 1}, {""id"": 5485, ""displayOrder"": 2}, {""id"": 5487, ""displayOrder"": 3}, {""id"": 5488, ""displayOrder"": 4}]}","2024-06-06 04:58:23","2030-01-01 01:00:00",1,2,gencler-nt,/katalog,"","",95675,0,103407,true,false,0,"2026-02-17 21:39:55.580729",false
2847,[OLD] APP-FLASH-INDIRIMLER-LP,1,1,1,"{""componentJson"": [{""id"": 5492, ""displayOrder"": 1}, {""id"": 5493, ""displayOrder"": 2}]}","2024-11-04 05:46:06","2030-11-27 04:00:00",1,2,flash-indirimler-nt,"","","",95675,0,103646,true,false,0,"2026-02-17 21:39:55.889794",false
2851,[OLD] EFSANE-MAYMUNLAR-CIZGI-FILMI-LP,1,1,1,"{""componentJson"": [{""id"": 5496, ""displayOrder"": 1}, {""id"": 5497, ""displayOrder"": 2}]}","2024-10-16 10:55:37","2029-12-31 21:00:00",1,2,efsane-maymunlar-cizgi-filmi,/katalog,"","",95675,0,105015,false,false,0,"2026-02-17 21:39:56.265305",false
2852,[OLD] KIDOKIT-LP 3 GEOMETRI TREN YOLCULUGU,1,1,1,"{""componentJson"": [{""id"": 5498, ""displayOrder"": 1}]}","2024-10-23 07:22:15","2029-12-31 21:00:00",1,2,geometri-tren-yolculugu-cgr,/katalog,"","",95675,0,105120,false,false,0,"2026-02-17 21:39:56.361796",false
2854,[OLD] APP-CORAP-LP,1,1,1,"{""componentJson"": [{""id"": 5503, ""displayOrder"": 1}, {""id"": 5504, ""displayOrder"": 2}, {""id"": 5505, ""displayOrder"": 3}, {""id"": 5506, ""displayOrder"": 4}, {""id"": 5507, ""displayOrder"": 5}, {""id"": 5508, ""displayOrder"": 6}]}","2024-12-10 07:57:16","2029-12-31 21:00:00",1,2,corap-katalogu-nt,/katalog,"","",95675,0,105607,true,false,0,"2026-02-17 21:39:56.874223",false
2888,[OLD] APP-EV-GIYIM-LP,1,1,1,"{""componentJson"": [{""id"": 5612, ""displayOrder"": 1}, {""id"": 7853, ""displayOrder"": 2}, {""id"": 7854, ""displayOrder"": 3}]}","2026-01-26 05:34:56","2030-11-27 04:00:00",1,2,ev-giyim-nt,/katalog,"","",,1,0,true,false,1,"2026-02-17 21:40:03.125133",false
2887,[OLD] EV-GIYIM-LP,1,1,1,"{""componentJson"": [{""id"": 5608, ""displayOrder"": 1}, {""id"": 5609, ""displayOrder"": 2}, {""id"": 7855, ""displayOrder"": 3}]}","2026-01-26 05:35:06","2030-11-27 04:00:00",1,2,ev-giyim,/katalog,"","",,0,0,false,false,1,"2026-02-17 21:40:02.914306",false
2861,[OLD] DENIM-COCUK-TREND-2025,1,1,1,"{""componentJson"": [{""id"": 5532, ""displayOrder"": 1}, {""id"": 5533, ""displayOrder"": 2}, {""id"": 5534, ""displayOrder"": 3}, {""id"": 5535, ""displayOrder"": 4}, {""id"": 5536, ""displayOrder"": 5}, {""id"": 5537, ""displayOrder"": 6}]}","2025-03-14 12:00:54","2030-01-01 00:00:00",1,2,denim-cocuk-trend,/katalog,Çocuk Denim Koleksiyonu 2025,LCW jeans ve tüm diğer markaların en trend denim parçalarıyla tarzını tamamla! Çocuk denim fiyatları ve modellerini keşfetmek için tıkla!,95675,0,106883,false,false,0,"2026-02-17 21:39:58.473499",false
2866,[OLD] APP-ERKEK-BASIC-LP-2025,1,1,1,"{""componentJson"": [{""id"": 5559, ""displayOrder"": 1}, {""id"": 5560, ""displayOrder"": 2}, {""id"": 5561, ""displayOrder"": 3}, {""id"": 5562, ""displayOrder"": 4}]}","2025-03-19 08:35:36","2030-04-19 10:19:41",1,2,erkek-basic-nt,/katalog,"","",95675,0,106971,true,false,0,"2026-02-17 21:39:59.779131",false
2868,[OLD] ERKEK-AKTIF-SPOR-NT-2025,1,1,1,"{""componentJson"": [{""id"": 5567, ""displayOrder"": 1}, {""id"": 5568, ""displayOrder"": 2}, {""id"": 5569, ""displayOrder"": 3}, {""id"": 5570, ""displayOrder"": 4}]}","2025-03-25 08:35:31","2030-11-27 07:00:00",1,2,erkek-spor-giyim-nt,/katalog,"Erkek Spor Giyim, Erkek Spor Kıyafetleri","Erkek spor giyim burada! Erkek spor kıyafetler, erkek spor giyim modelleri uygun fiyatları ile LC Waikiki'de! Hemen keşfet!",95675,0,107013,true,false,0,"2026-02-17 21:40:00.204872",false
2869,[OLD] BAKIM REHBERI - MYA,1,1,1,"{""componentJson"": [{""id"": 5571, ""displayOrder"": 1}]}","2025-04-10 13:35:51","2029-12-31 21:00:00",1,2,giysi-bakim-rehberi-mya,"","","",95675,0,107158,true,false,0,"2026-02-17 21:40:00.316378",false
2870,[OLD] WEB-FIRSAT-ALANI-LP,1,1,1,"{""componentJson"": [{""id"": 5572, ""displayOrder"": 1}]}","2025-04-28 06:45:32","2098-12-31 21:00:00",1,2,firsat-alani,/katalog,"","",95675,0,107359,false,false,0,"2026-02-17 21:40:00.399245",false
2871,[OLD] APP-FIRSAT-ALANI-LP,1,1,1,"{""componentJson"": [{""id"": 5573, ""displayOrder"": 1}]}","2025-04-28 06:47:25","2098-12-31 21:00:00",1,2,firsat-alani-nt,/katalog,"","",95675,0,107360,true,false,0,"2026-02-17 21:40:00.497326",false
2872,[OLD] WEB-KADIN-TROUSER-SHOP-DOKUMA-LP-2025,1,1,1,"{""componentJson"": [{""id"": 5574, ""displayOrder"": 1}]}","2025-05-14 12:49:20","2029-12-31 21:00:00",1,2,dokuma-pantolon-fit-guide,/katalog,"","",95675,0,107542,false,false,0,"2026-02-17 21:40:00.586787",false
2873,[OLD] APP-KADIN-TROUSER-SHOP-DOKUMA-LP-2025-NT,1,1,1,"{""componentJson"": [{""id"": 5575, ""displayOrder"": 1}, {""id"": 5576, ""displayOrder"": 2}, {""id"": 5577, ""displayOrder"": 3}]}","2025-05-20 09:53:15","2029-12-31 21:00:00",1,2,dokuma-pantolon-fit-guide-nt,/katalog,"","",95675,0,107545,true,false,0,"2026-02-17 21:40:00.753012",false
2874,[OLD] WEB-ERKEK-COCUK-MEZUNIYET-KIYAFETLERI,1,1,1,"{""componentJson"": [{""id"": 5578, ""displayOrder"": 1}, {""id"": 5579, ""displayOrder"": 2}, {""id"": 5580, ""displayOrder"": 3}]}","2025-05-21 13:23:13","2029-12-31 21:00:00",1,2,erkek-cocuk-mezuniyet-kiyafetleri,/katalog,"","",95675,0,107648,false,false,0,"2026-02-17 21:40:00.923333",false
2859,[OLD] DENIM-KADIN-TREND-NT-2025,1,1,1,"{""componentJson"": [{""id"": 5524, ""displayOrder"": 1}, {""id"": 5525, ""displayOrder"": 2}, {""id"": 5526, ""displayOrder"": 3}, {""id"": 5527, ""displayOrder"": 4}]}","2025-03-14 09:53:02","2030-01-01 00:00:00",4,2,denim-kadin-trend-nt,/katalog,"","",95675,0,106860,true,false,0,"2026-02-17 21:39:57.898739",false
2863,[OLD] DENIM-BEBEK-TREND-2025,1,1,1,"{""componentJson"": [{""id"": 5544, ""displayOrder"": 1}, {""id"": 5545, ""displayOrder"": 2}, {""id"": 5546, ""displayOrder"": 3}, {""id"": 5547, ""displayOrder"": 4}, {""id"": 5548, ""displayOrder"": 5}, {""id"": 5549, ""displayOrder"": 6}, {""id"": 5550, ""displayOrder"": 7}]}","2025-03-14 12:19:35","2030-01-01 00:00:00",1,2,denim-bebek-trend,/katalog,Bebek Denim Koleksiyonu 2025,LCW jeans ve tüm diğer markaların en trend denim parçalarıyla tarzını tamamla! Bebek denim fiyatları ve modellerini keşfetmek için tıkla!,95675,0,106889,false,false,0,"2026-02-17 21:39:59.146294",false
2864,[OLD] DENIM-BEBEK-TREND-NT-2025,1,1,1,"{""componentJson"": [{""id"": 5551, ""displayOrder"": 1}, {""id"": 5552, ""displayOrder"": 2}, {""id"": 5553, ""displayOrder"": 3}, {""id"": 5554, ""displayOrder"": 4}, {""id"": 5555, ""displayOrder"": 5}, {""id"": 5556, ""displayOrder"": 6}, {""id"": 5557, ""displayOrder"": 7}]}","2025-03-14 12:19:56","2030-01-01 00:00:00",1,2,denim-bebek-trend-nt,/katalog,"","",95675,0,106890,true,false,0,"2026-02-17 21:39:59.490244",false
2865,[OLD] ERKEK-BASIC-LP-2025,1,1,1,"{""componentJson"": [{""id"": 5558, ""displayOrder"": 1}]}","2025-03-19 08:34:59","2030-04-19 10:19:41",1,2,erkek-basic,/katalog,"","",95675,0,106970,false,false,0,"2026-02-17 21:39:59.569464",false
2867,[OLD] ERKEK-AKTIF-SPOR-2025,1,1,1,"{""componentJson"": [{""id"": 5563, ""displayOrder"": 1}, {""id"": 5564, ""displayOrder"": 2}, {""id"": 5565, ""displayOrder"": 3}, {""id"": 5566, ""displayOrder"": 4}]}","2025-03-25 08:51:31","2033-03-06 07:17:52",1,2,erkek-spor-giyim,/katalog,"","",95675,0,107011,false,false,0,"2026-02-17 21:39:59.989561",false
2875,[OLD] APP-ERKEK-COCUK-MEZUNIYET-KIYAFETLERI,1,1,1,"{""componentJson"": [{""id"": 5581, ""displayOrder"": 1}, {""id"": 5582, ""displayOrder"": 2}, {""id"": 5583, ""displayOrder"": 3}, {""id"": 5584, ""displayOrder"": 4}]}","2025-05-21 13:23:13","2029-12-31 21:00:00",1,2,erkek-cocuk-mezuniyet-kiyafetleri-nt,/katalog,"","",95675,0,107649,true,false,0,"2026-02-17 21:40:01.151949",false
2876,[OLD] ERKEK-BUYUK-BEDEN-URUNLER-BARKODLAARA-QRKODOZEL,1,1,1,"{""componentJson"": [{""id"": 5585, ""displayOrder"": 1}, {""id"": 5586, ""displayOrder"": 2}, {""id"": 5587, ""displayOrder"": 3}]}","2025-06-20 08:27:06","2030-01-28 21:00:00",1,2,erkek-buyuk-beden-urunler-barkodlaara-qrkodozel,/proje,"","",95675,0,108034,false,true,0,"2026-02-17 21:40:01.324897",false
2877,[OLD] APP-ERKEK-KUPONLP-260625,1,1,1,"{""componentJson"": [{""id"": 5588, ""displayOrder"": 1}, {""id"": 5589, ""displayOrder"": 2}, {""id"": 5590, ""displayOrder"": 3}]}","2025-06-27 14:43:57","2029-12-31 21:00:00",1,2,erkek-urunlerinde-kupon-firsati-nt,"","","",95675,0,108148,true,false,0,"2026-02-17 21:40:01.490043",false
2878,[OLD] WEB-ERKEK-KUPONLP-260625,1,1,1,"{""componentJson"": [{""id"": 5591, ""displayOrder"": 1}]}","2025-06-27 15:40:18","2029-12-31 21:00:00",1,2,erkek-urunlerinde-kupon-firsati,"","","",95675,0,108151,false,false,0,"2026-02-17 21:40:01.566779",false
2879,[OLD] WEB-ERKEK-KUPONLP-300625,1,1,1,"{""componentJson"": [{""id"": 5592, ""displayOrder"": 1}]}","2025-06-27 15:40:18","2029-12-31 21:00:00",1,2,erkek-urunlerinde-kupon-firsati-300625,"","","",95675,0,108154,false,false,0,"2026-02-17 21:40:01.654314",false
2880,[OLD] WEB-ERKEK-KUPONLP-280625,1,1,1,"{""componentJson"": [{""id"": 5593, ""displayOrder"": 1}]}","2025-06-27 15:40:18","2029-12-31 21:00:00",1,2,erkek-urunlerinde-kupon-firsati-280625,"","","",95675,0,108155,false,false,0,"2026-02-17 21:40:01.733564",false
2881,[OLD] WEB-ERKEK-SORT-GUIDE-LP,1,1,1,"{""componentJson"": [{""id"": 5594, ""displayOrder"": 1}]}","2025-07-08 10:30:48","2029-12-31 21:00:00",1,2,erkek-sort-guide,/katalog,"","",95675,0,108299,false,false,0,"2026-02-17 21:40:01.85252",false
2882,[OLD] APP-ERKEK-SORT-GUIDE-LP,1,1,1,"{""componentJson"": [{""id"": 5595, ""displayOrder"": 1}]}","2025-07-08 10:31:58","2029-12-31 21:00:00",1,2,erkek-sort-guide-nt,/katalog,"","",95675,0,108300,true,true,0,"2026-02-17 21:40:01.932935",false
2889,[OLD] ERKEK-INDIRIM,1,1,1,"{""componentJson"": [{""id"": 5615, ""displayOrder"": 1}, {""id"": 5616, ""displayOrder"": 2}, {""id"": 5617, ""displayOrder"": 3}, {""id"": 5618, ""displayOrder"": 4}]}","2026-01-23 12:46:58","2029-12-31 21:00:00",1,2,erkek-indirim,/katalog,"","",0,0,122762,false,false,0,"2026-02-17 21:40:03.383152",false
2890,[OLD] ERKEK-INDIRIM-NT,1,1,1,"{""componentJson"": [{""id"": 5619, ""displayOrder"": 1}, {""id"": 5620, ""displayOrder"": 2}]}","2026-01-23 12:46:58","2029-12-31 21:00:00",1,2,erkek-indirim-nt,/katalog,"","",0,0,122763,true,false,0,"2026-02-17 21:40:03.513699",false
2891,[OLD] ERKEK-COCUK-INDIRIM,1,1,1,"{""componentJson"": [{""id"": 5621, ""displayOrder"": 1}, {""id"": 5622, ""displayOrder"": 2}]}","2026-01-23 12:47:54","2029-12-31 21:00:00",1,2,erkek-cocuk-indirim,/katalog,"","",0,0,122766,false,false,0,"2026-02-17 21:40:03.68417",false
2892,[OLD] ERKEK-COCUK-INDIRIM-NT,1,1,1,"{""componentJson"": [{""id"": 5623, ""displayOrder"": 1}, {""id"": 5624, ""displayOrder"": 2}]}","2026-01-23 12:49:03","2029-12-31 21:00:00",1,2,erkek-cocuk-indirim-nt,/katalog,"","",0,0,122767,true,false,0,"2026-02-17 21:40:03.845111",false
2884,[OLD] APP-DENIM-KADIN-TREND-NT-2025-WINTER,1,1,1,"{""componentJson"": [{""id"": 5599, ""displayOrder"": 1}, {""id"": 5600, ""displayOrder"": 2}, {""id"": 5601, ""displayOrder"": 3}]}","2025-09-15 10:32:41","2030-01-01 00:00:00",4,2,denim-kadin-trend-nt,/katalog,"","",95675,0,110089,true,false,0,"2026-02-17 21:40:02.302331",false
2885,[OLD] WEB-DENIM-ERKEK-TREND-2025-WINTER,1,1,1,"{""componentJson"": [{""id"": 5602, ""displayOrder"": 1}, {""id"": 5603, ""displayOrder"": 2}, {""id"": 5604, ""displayOrder"": 3}]}","2025-09-14 20:00:30","2030-01-01 00:00:00",4,2,denim-erkek-trend,/katalog,Erkek Denim Koleksiyonu 2025,LCW jeans ve tüm diğer markaların en trend denim parçalarıyla tarzını tamamla! Erkek denim fiyatları ve modellerini keşfetmek için tıkla!,95675,0,110090,false,false,0,"2026-02-17 21:40:02.493142",false
2896,[OLD] KARDES-KOMBINLERI-2022,1,1,1,"{""componentJson"": [{""id"": 5628, ""displayOrder"": 1}]}","2023-09-29 09:53:01","2030-11-17 10:24:00",1,2,kardes-kombinleri,"",kardeş kombinleri lcwaikiki trend renkler,kardeş kombinleri lcwaikiki trend renkler,95675,0,97735,false,false,0,"2026-02-17 21:40:06.529966",false
2897,[OLD] LCW-FIRSAT-CARKI-FIRSAT-KUTUSU,1,1,1,"{""componentJson"": [{""id"": 5629, ""displayOrder"": 1}]}","2024-03-21 16:22:37","2030-01-14 09:52:00",1,2,indirim-kuponu-firsatlari,/proje,"","",95675,0,97794,false,false,0,"2026-02-17 21:40:06.615314",false
2898,[OLD] GORUNTULU-GORUSME,1,1,1,"{""componentJson"": [{""id"": 5630, ""displayOrder"": 1}]}","2023-02-01 11:13:46","2030-01-01 00:00:00",1,2,isaret-dili-goruntulu-musteri-hizmetleri,/proje,Görüntülü Görüşme Hizmeti,Görüntülü Görüşme Hizmeti,95675,0,97795,false,false,0,"2026-02-17 21:40:06.697436",false
2899,[OLD] SURDURULEBILIRLIK-LP,1,1,1,"{""componentJson"": [{""id"": 5631, ""displayOrder"": 1}]}","2024-03-18 17:11:43","2030-11-25 16:33:00",1,2,green-koleksiyonu,/katalog,"","",95675,0,97852,false,false,0,"2026-02-17 21:40:06.777139",false
2900,[OLD] KADIN DENIM STIL REHBERI-LP-2020,1,1,1,"{""componentJson"": [{""id"": 5056, ""displayOrder"": 1}]}","2020-06-29 16:05:00","2030-01-01 00:00:00",1,2,kadin-denim-stil-rehberi,"",Kadın Denim Stil Rehberi,Kadın denim stil rehberi burada! Kadın denim pantolon kalıp modellerimiz ile ilgili bilgiler için hemen tıkla!,95675,0,97936,false,false,0,"2026-02-17 21:40:06.861747",false
2901,[OLD] YENI YIL HEDIYE REHBERI 2018,1,1,1,"{""componentJson"": [{""id"": 5632, ""displayOrder"": 1}]}","2018-12-12 16:32:00","2030-01-01 00:00:00",1,2,hediye-rehberi,"",Hediye Rehberi - Yılbaşı Hediye Rehberi,Hediye rehberi şimdi burada! Yılbaşı için hediye alma rehberi burada seni bekliyor. Hemen tıkla!,95675,0,97942,false,false,0,"2026-02-17 21:40:06.94274",false
2902,[OLD] YOUNG LP 20171024,1,1,1,"{""componentJson"": [{""id"": 5633, ""displayOrder"": 1}]}","2018-10-16 11:11:00","2030-01-01 00:00:00",1,2,Grunge-Giyim,"",Grunge Giyim - Grunge Tarzı - LC Waikiki,"Grunge tarzına uygun kıyafetleri bulabileceğiniz LC Waikiki de, grunge giyim ürünlerine uygun fiyatlar ile sahip olun.",95675,0,97955,false,false,0,"2026-02-17 21:40:07.023042",false
2903,[OLD] 20171006-BG DIS GIYIM,1,1,1,"{""componentJson"": [{""id"": 5634, ""displayOrder"": 1}]}","2018-07-18 10:38:00","2030-01-01 00:00:00",1,2,Kadin-Dis-Giyim,"",Deri Görünümlü Montlar ve Kaşe Kabanlar - Kadın - LC Waikiki,"Her yaşa uygun, kadınlar için deri görünümlü mont ve kaşe kabanlar, parka ve yelekler en uygun fiyatlarla LC Waikiki de!",95675,0,97956,false,false,0,"2026-02-17 21:40:07.105035",false
2904,[OLD] KADIN BAYRAM KIYAFETLERI 2017 ,1,1,1,"{""componentJson"": [{""id"": 5635, ""displayOrder"": 1}]}","2017-08-10 11:41:00","2030-01-01 00:00:00",1,2,Kadin-Bayram-Kiyafetleri,"","Bayram Kıyafetleri, Bayan Giyim ve Elbise Modelleri","Sezonun modasına uygun bayram kıyafetlerini bulabileceğiniz LC Waikiki’de, tarzınıza uygun bayan giyim ve elbise modellerine online alışveriş imkanı ile ulaşın.",95675,0,97958,false,false,0,"2026-02-17 21:40:07.187372",false
2905,[OLD] 20161207- BREAKFAST CK1 LP,1,1,1,"{""componentJson"": [{""id"": 5636, ""displayOrder"": 1}]}","2016-12-08 11:01:00","2030-01-01 00:00:00",1,2,kız-bebek-ozel-koleksiyon,"",LC Waikiki Kız Bebek Giyim - Kahvaltı Serisi Koleksiyonu,Minikler bu kıyafetler ile kahvaltıyı daha çok sevecek. LC Waikikinin yeni kız bebek koleksiyonu lcwaikiki.com da sizleri bekliyor.,95675,0,97975,false,false,0,"2026-02-17 21:40:07.27442",false
2906,[OLD] 20161207-KAYAK-KOLEKSIYONU-MAGAZALAR-LISTESI-TR,1,1,1,"{""componentJson"": [{""id"": 5637, ""displayOrder"": 1}]}","2016-12-07 11:43:00","2030-01-01 00:00:00",1,2,kayak-koleksiyonu-magazalar-listesi,"",LC Waikiki Kayak Koleksiyonu - Mağazalar Listesi,LC Waikiki 2016 Kayak Grubu Koleksiyonunun tüm ürünleri lcwaikiki.com da ve seçili mağazalarda sizleri bekliyor. Soğuktan koruyan parçalar burada.,95675,0,97976,false,false,0,"2026-02-17 21:40:07.374182",false
2907,[OLD] 20161205-KAYAK LP,1,1,1,"{""componentJson"": [{""id"": 5638, ""displayOrder"": 1}]}","2022-01-26 17:19:00","2030-01-01 00:00:00",1,2,kayak-kiyafetleri-termal-ic-giyim,"",Kayak Kıyafetleri ve Termal İç Giyim,"Kayak sporu sevenlere LC Waikiki Kayak Koleksiyonu lcwaikiki.com da. Koleksiyon mont, pantolon, tulum, bere, eldiven, boyunluk ve içlik ürünlerine yer veriyor.",95675,0,97978,false,false,0,"2026-02-17 21:40:07.455028",false
2908,[OLD] KAMPUSE-DONUS,1,1,1,"{""componentJson"": [{""id"": 5639, ""displayOrder"": 1}]}","2021-08-20 16:08:00","2030-01-01 00:00:00",1,2,kampuse-donus,"",kampuse-donus,kampuse-donus,95675,0,97990,false,false,0,"2026-02-17 21:40:07.538078",false
2909,[OLD] 20160824 CK4 BAYRAM LINE LP ,1,1,1,"{""componentJson"": [{""id"": 5640, ""displayOrder"": 1}]}","2016-08-24 08:55:00","2030-01-01 00:00:00",1,2,Kız-çocuk-bayramlık-kıyafetler,"",Kız Çocuklar için 2016 Bayram Koleksiyonu,"Küçük prensesler bayramı coşkuyla karşılıyor. Kırmızının hakim olduğu elbiseler, etekler, ceketler ve daha fazlasını keşfedin.",95675,0,97992,false,false,0,"2026-02-17 21:40:07.620925",false
2910,[OLD] KADIN-AKTIF-SPOR,1,1,1,"{""componentJson"": [{""id"": 5641, ""displayOrder"": 1}]}","2023-05-18 14:55:32","2030-01-31 18:00:54",1,2,kadin-spor-giyim,/katalog,"Kadın Spor Kıyafetleri, Spor Giyim","Kadın spor giyim burada! Kadın spor kıyafetleri, kadın spor kıyafeti modelleri uygun fiyatları ile LC Waikiki'de! Hemen keşfet!",95675,0,98205,false,false,0,"2026-02-17 21:40:07.706887",false
2911,[OLD] KADIN-ERKEK-AKTIF-SPOR,1,1,1,"{""componentJson"": [{""id"": 5642, ""displayOrder"": 1}]}","2023-03-14 18:42:15","2030-03-10 15:30:28",1,2,kadin-erkek-spor-giyim,"","Kadın Erkek Spor Giyim, Kadın Erkek Spor Kıyafetleri","Kadın Erkek spor giyim burada! Kadın Erkek spor kıyafetler,  kadın erkek spor giyim modelleri uygun fiyatları ile LC Waikiki'de! Hemen keşfet!",95675,0,98248,true,false,0,"2026-02-17 21:40:07.794407",false
2912,[OLD] KADIN-AKTIF-SPOR-MOBIL,1,1,1,"{""componentJson"": [{""id"": 5643, ""displayOrder"": 1}]}","2023-03-14 18:31:10","2030-02-09 07:00:00",1,2,kadin-spor-giyim?isMobile=1,"","Kadın Spor Kıyafetleri, Spor Giyim","Kadın spor giyim burada! Kadın spor kıyafetleri, kadın spor kıyafeti modelleri uygun fiyatları ile LC Waikiki'de! Hemen keşfet!",95675,0,98273,true,false,0,"2026-02-17 21:40:07.913904",false
2913,[OLD] HEDIYE-LP,1,1,1,"{""componentJson"": [{""id"": 5644, ""displayOrder"": 1}, {""id"": 5645, ""displayOrder"": 2}, {""id"": 5646, ""displayOrder"": 3}, {""id"": 5647, ""displayOrder"": 4}]}","2023-12-26 14:32:46","2033-03-29 09:56:55",1,2,hediye,/katalog,"","",95675,0,98380,false,false,0,"2026-02-17 21:40:08.163141",false
2944,[OLD] IGLOO-SUNUM-XSIDE-LP-ERKEK,1,1,1,"{""componentJson"": [{""id"": 5781, ""displayOrder"": 1}, {""id"": 5775, ""displayOrder"": 2}, {""id"": 5776, ""displayOrder"": 3}]}","2024-11-14 07:02:42","2029-12-31 21:00:00",1,2,igloo-sunum-xside-erkek,"","","",95675,0,105511,false,false,0,"2026-02-17 21:40:16.346604",false
2914,[OLD] GULLAC LP,1,1,1,"{""componentJson"": [{""id"": 5648, ""displayOrder"": 1}, {""id"": 5649, ""displayOrder"": 2}, {""id"": 5081, ""displayOrder"": 3}]}","2023-06-08 16:54:14","2030-03-20 00:00:00",1,2,gullac-tarifi,"",Güllaç Tarifi,Güllaç tarifi burada! Güllaç yapımı tarifi ve tatlı sunum ürünleri modelleri uygun fiyatları ile LC Waikiki'de!,95675,0,98452,false,false,0,"2026-02-17 21:40:08.347915",false
2915,[OLD] IFTARIYELIK LP ,1,1,1,"{""componentJson"": [{""id"": 5650, ""displayOrder"": 1}, {""id"": 5651, ""displayOrder"": 2}, {""id"": 5081, ""displayOrder"": 3}]}","2023-06-08 16:54:44","2030-04-06 09:12:30",1,2,iftariyelik-tabak-tarifi,"","İftariyelik, İftariyelik Tabak","İftariyelik burada! İftariyelik tabağı, iftariye tabağı sunum ürünleri modelleri uygun fiyatları ile LC Waikiki'de!",95675,0,98454,false,false,0,"2026-02-17 21:40:08.519056",false
2916,[OLD] KADIN-BASIC-LP,1,1,1,"{""componentJson"": [{""id"": 5652, ""displayOrder"": 1}]}","2024-09-03 11:16:02","2030-04-19 09:48:31",1,2,kadin-basic,/katalog,"","",95675,0,98580,false,false,0,"2026-02-17 21:40:08.613652",false
2917,[OLD] KARDES-KOMBINLERI-LP,1,1,1,"{""componentJson"": [{""id"": 5653, ""displayOrder"": 1}]}","2024-04-16 09:50:50","2030-01-01 00:00:00",1,2,kardes-kombinleri,/katalog,Kardeş Kombinleri Özel Koleksiyonu,Kardeş kombinleri özel koleksiyonu burada! Sınırlı sayıda trend kardeş kombinlerini kaçırma! Kardeş takım kıyafet modelleri uygun fiyatları LC Waikiki'de!,95675,0,98813,false,false,0,"2026-02-17 21:40:08.709818",false
2918,[OLD] HIZLI-TESLIMAT-KOSULLARI,1,1,1,"{""componentJson"": [{""id"": 5654, ""displayOrder"": 1}]}","2023-05-18 15:26:16","2030-01-01 00:00:00",1,2,hizli-teslimat-kosullari,"",Hızlı Teslimat Koşulları,Hızlı Teslimat Koşulları,95675,0,98820,false,false,0,"2026-02-17 21:40:08.790025",false
2919,[OLD] KAYKAY KOLEKSIYONU LP,1,1,1,"{""componentJson"": [{""id"": 5655, ""displayOrder"": 1}]}","2023-05-18 15:55:49","2030-11-27 07:00:00",1,2,kaykay-koleksiyonu,/katalog,KAYKAY KOLEKSİYONU	,KAYKAY KOLEKSİYONU	,95675,0,98821,false,false,0,"2026-02-17 21:40:08.869351",false
2920,[OLD] GUNESE-YAKIN-LP,1,1,1,"{""componentJson"": [{""id"": 5656, ""displayOrder"": 1}, {""id"": 5657, ""displayOrder"": 2}]}","2023-06-06 15:15:33","2030-01-01 00:00:00",1,2,gunese-yakin,"",Güneşe Yakın Marrakech 2023 @LCWaikiki,Güneşe Yakın Marrakech 2023 @LCWaikiki,95675,0,98999,false,false,0,"2026-02-17 21:40:09.001865",false
2921,[OLD] ISLAK-KEK-TARIFI-LP,1,1,1,"{""componentJson"": [{""id"": 5658, ""displayOrder"": 1}, {""id"": 5659, ""displayOrder"": 2}, {""id"": 5081, ""displayOrder"": 3}]}","2023-06-15 13:55:26","2030-11-27 07:00:00",1,2,islak-kek-tarifi,"","Islak Kek Tarifi, Nasıl Yapılır? (Resimli-Videolu)","Islak kek tarifi burada! Kolay kakaolu ıslak kek malzemeleri ve yapımı videolu anlatımlı, sunum ürünleri modelleri uygun fiyatları ile LC Waikiki'de! ",95675,0,99068,false,false,0,"2026-02-17 21:40:09.1727",false
2922,[OLD] KADAYIFLI-MUHALLEBI-TARIFI-LP,1,1,1,"{""componentJson"": [{""id"": 5660, ""displayOrder"": 1}, {""id"": 5661, ""displayOrder"": 2}, {""id"": 5081, ""displayOrder"": 3}]}","2023-06-15 13:55:36","2030-11-27 07:00:00",1,2,kadayifli-muhallebi-tarifi,"","Kadayıflı Muhallebi Tarifi, Nasıl Yapılır? (Resimli-Videolu)","Kavrulmuş çıtır kadayıflı muhallebi malzemeleri ve yapımı videolu anlatımlı, sunum ürünleri modelleri uygun fiyatları ile LC Waikiki'de! ",95675,0,99069,false,false,0,"2026-02-17 21:40:09.334061",false
2923,[OLD] KISIR-TARIFI-LP,1,1,1,"{""componentJson"": [{""id"": 5662, ""displayOrder"": 1}, {""id"": 5663, ""displayOrder"": 2}]}","2023-06-15 13:35:54","2030-11-27 07:00:00",1,2,kisir-tarifi,"","Kısır Tarifi, Nasıl Yapılır? (Resimli-Videolu)","Kısır tarifi burada! Kısır malzemeleri ve yapımı videolu anlatımlı, sunum ürünleri modelleri uygun fiyatları ile LC Waikiki'de! ",95675,0,99074,false,false,0,"2026-02-17 21:40:09.458685",false
2924,[OLD] ISTANBUL-DIYALOG-MUZESI-ISBIRLIGI-LP,1,1,1,"{""componentJson"": [{""id"": 5664, ""displayOrder"": 1}]}","2024-05-14 10:50:05","2030-11-27 07:00:00",1,2,istanbul-diyalog-muzesi-isbirligi,/proje,"","",95675,0,100719,false,false,0,"2026-02-17 21:40:09.5388",false
2925,[OLD] KATALOG TEST,1,1,1,"{""componentJson"": [{""id"": 5665, ""displayOrder"": 1}, {""id"": 5666, ""displayOrder"": 2}, {""id"": 5667, ""displayOrder"": 3}, {""id"": 5668, ""displayOrder"": 4}, {""id"": 5669, ""displayOrder"": 5}, {""id"": 5670, ""displayOrder"": 6}, {""id"": 5671, ""displayOrder"": 7}, {""id"": 5672, ""displayOrder"": 8}, {""id"": 5673, ""displayOrder"": 9}, {""id"": 5674, ""displayOrder"": 10}, {""id"": 5675, ""displayOrder"": 11}]}","2024-11-26 22:55:07","2030-12-23 00:00:00",1,2,katalog-test,/katalog,"","",95675,0,101011,false,false,0,"2026-02-17 21:40:10.117735",false
2926,[OLD] KAMPANYALAR-LP,1,1,1,"{""componentJson"": [{""id"": 5676, ""displayOrder"": 1}, {""id"": 5677, ""displayOrder"": 2}, {""id"": 5678, ""displayOrder"": 3}, {""id"": 5679, ""displayOrder"": 4}, {""id"": 5680, ""displayOrder"": 5}, {""id"": 5681, ""displayOrder"": 6}, {""id"": 5682, ""displayOrder"": 7}]}","2025-09-08 05:09:57","2030-01-01 00:00:00",1,2,kampanyalar,"","","",95675,0,101559,false,false,0,"2026-02-17 21:40:10.475019",false
2927,[OLD] RAMAZAN-TARIF-2-KARADENIZ-KARALAHANA-CORBASI-LP,1,1,1,"{""componentJson"": [{""id"": 5683, ""displayOrder"": 1}]}","2024-03-15 23:21:57","2030-01-01 00:00:00",1,2,karadeniz-karalahana-corbasi-tarifi,/proje,"","",95675,0,102416,false,false,0,"2026-02-17 21:40:10.559586",false
2928,[OLD] RAMAZAN-TARIF-3-IC-ANADOLU-KURU-BAMYA-CORBASI-LP,1,1,1,"{""componentJson"": [{""id"": 5684, ""displayOrder"": 1}]}","2024-03-15 23:28:58","2030-01-01 00:00:00",1,2,ic-anadolu-kuru-bamya-corbasi-tarifi,/proje,"","",95675,0,102417,false,false,0,"2026-02-17 21:40:10.643427",false
2929,[OLD] RAMAZAN-TARIF-6-GUNEYDOGU-ANADOLU-NARDAN-ASI-LP,1,1,1,"{""componentJson"": [{""id"": 5685, ""displayOrder"": 1}]}","2024-03-15 23:50:18","2030-01-01 00:00:00",1,2,guneydogu-anadolu-nardan-asi-tarifi,/proje,"","",95675,0,102420,false,false,0,"2026-02-17 21:40:10.724257",false
2930,[OLD] APP-HOME-LP-NT,1,1,1,"{""componentJson"": [{""id"": 5686, ""displayOrder"": 1}, {""id"": 5687, ""displayOrder"": 2}, {""id"": 5688, ""displayOrder"": 3}, {""id"": 5689, ""displayOrder"": 4}, {""id"": 5690, ""displayOrder"": 5}, {""id"": 5691, ""displayOrder"": 6}, {""id"": 5692, ""displayOrder"": 7}, {""id"": 5693, ""displayOrder"": 8}, {""id"": 5694, ""displayOrder"": 9}]}","2025-06-19 06:00:50","2030-04-03 14:23:15",1,2,home-lp-nt,/katalog,"","",95675,0,102913,true,false,0,"2026-02-17 21:40:11.170098",false
2945,[OLD] IGLOO-SUNUM-MODEST-LP,1,1,1,"{""componentJson"": [{""id"": 5782, ""displayOrder"": 1}, {""id"": 5775, ""displayOrder"": 2}, {""id"": 5776, ""displayOrder"": 3}]}","2024-11-14 07:02:28","2029-12-31 21:00:00",1,2,igloo-sunum-modest,"","","",95675,0,105512,false,false,0,"2026-02-17 21:40:16.494146",false
2931,[OLD] WEB-KADIN-LP,1,1,1,"{""componentJson"": [{""id"": 5695, ""displayOrder"": 1}, {""id"": 5696, ""displayOrder"": 2}, {""id"": 5697, ""displayOrder"": 3}, {""id"": 5698, ""displayOrder"": 4}, {""id"": 5699, ""displayOrder"": 5}, {""id"": 5700, ""displayOrder"": 6}, {""id"": 5701, ""displayOrder"": 7}, {""id"": 5702, ""displayOrder"": 8}, {""id"": 5703, ""displayOrder"": 9}, {""id"": 5704, ""displayOrder"": 10}, {""id"": 5705, ""displayOrder"": 11}, {""id"": 5706, ""displayOrder"": 12}, {""id"": 5707, ""displayOrder"": 13}, {""id"": 5708, ""displayOrder"": 14}, {""id"": 5709, ""displayOrder"": 15}, {""id"": 5710, ""displayOrder"": 16}, {""id"": 5711, ""displayOrder"": 17}, {""id"": 5712, ""displayOrder"": 18}, {""id"": 5713, ""displayOrder"": 19}, {""id"": 5714, ""displayOrder"": 20}, {""id"": 5715, ""displayOrder"": 21}]}","2025-08-01 05:39:55","2030-01-01 00:00:00",1,2,kadin-h1,"","","",95675,0,103300,false,false,0,"2026-02-17 21:40:12.187433",false
2932,[OLD] APP-KADIN-LP-NT,1,1,1,"{""componentJson"": [{""id"": 5716, ""displayOrder"": 1}, {""id"": 5717, ""displayOrder"": 2}, {""id"": 5718, ""displayOrder"": 3}, {""id"": 5719, ""displayOrder"": 4}, {""id"": 5720, ""displayOrder"": 5}, {""id"": 5721, ""displayOrder"": 6}, {""id"": 5722, ""displayOrder"": 7}, {""id"": 5723, ""displayOrder"": 8}, {""id"": 5724, ""displayOrder"": 9}, {""id"": 5725, ""displayOrder"": 10}, {""id"": 5726, ""displayOrder"": 11}, {""id"": 5727, ""displayOrder"": 12}, {""id"": 5728, ""displayOrder"": 13}]}","2025-08-01 05:39:39","2030-01-01 00:00:00",1,2,kadin-lp-nt,/katalog,"","",95675,0,103301,true,false,0,"2026-02-17 21:40:12.911434",false
2933,[OLD] KOZMETIK-LP,1,1,1,"{""componentJson"": [{""id"": 5729, ""displayOrder"": 1}, {""id"": 5730, ""displayOrder"": 2}, {""id"": 5731, ""displayOrder"": 3}, {""id"": 5732, ""displayOrder"": 4}, {""id"": 5733, ""displayOrder"": 5}, {""id"": 5734, ""displayOrder"": 6}, {""id"": 5735, ""displayOrder"": 7}, {""id"": 5736, ""displayOrder"": 8}, {""id"": 5737, ""displayOrder"": 9}, {""id"": 5738, ""displayOrder"": 10}, {""id"": 5739, ""displayOrder"": 11}, {""id"": 5740, ""displayOrder"": 12}, {""id"": 5741, ""displayOrder"": 13}, {""id"": 5742, ""displayOrder"": 14}, {""id"": 5743, ""displayOrder"": 15}, {""id"": 5744, ""displayOrder"": 16}, {""id"": 5745, ""displayOrder"": 17}]}","2025-08-06 12:59:30","2030-04-03 12:19:23",1,2,kisisel-bakim-kozmetik-h7,"","","",95675,0,103408,false,false,0,"2026-02-17 21:40:13.81726",false
2934,[OLD] APP-KOZMETIK-LP-NT,1,1,1,"{""componentJson"": [{""id"": 5746, ""displayOrder"": 1}, {""id"": 5747, ""displayOrder"": 2}, {""id"": 5748, ""displayOrder"": 3}, {""id"": 5749, ""displayOrder"": 4}, {""id"": 5750, ""displayOrder"": 5}, {""id"": 5751, ""displayOrder"": 6}, {""id"": 5752, ""displayOrder"": 7}, {""id"": 5753, ""displayOrder"": 8}, {""id"": 5754, ""displayOrder"": 9}, {""id"": 5755, ""displayOrder"": 10}]}","2025-08-06 12:59:23","2030-04-03 12:19:23",1,2,kisisel-bakim-kozmetik-nt-h7,/lp,"","",95675,0,103457,true,false,0,"2026-02-17 21:40:14.321468",false
2935,[OLD] APP-KADIN-BASIC-LP,1,1,1,"{""componentJson"": [{""id"": 5652, ""displayOrder"": 1}]}","2024-09-03 11:27:06","2030-04-19 09:48:31",1,2,kadin-basic-nt,/katalog,"","",95675,0,104681,true,false,0,"2026-02-17 21:40:14.394535",false
2936,[OLD] APP-KAMPANYALAR-LP,1,1,1,"{""componentJson"": [{""id"": 5756, ""displayOrder"": 1}, {""id"": 5757, ""displayOrder"": 2}, {""id"": 5758, ""displayOrder"": 3}, {""id"": 5759, ""displayOrder"": 4}, {""id"": 5760, ""displayOrder"": 5}, {""id"": 5761, ""displayOrder"": 6}, {""id"": 5762, ""displayOrder"": 7}, {""id"": 5763, ""displayOrder"": 8}, {""id"": 5764, ""displayOrder"": 9}, {""id"": 5765, ""displayOrder"": 10}, {""id"": 5766, ""displayOrder"": 11}, {""id"": 5767, ""displayOrder"": 12}, {""id"": 5768, ""displayOrder"": 13}, {""id"": 5769, ""displayOrder"": 14}, {""id"": 5770, ""displayOrder"": 15}, {""id"": 5771, ""displayOrder"": 16}]}","2025-09-26 07:43:23","2030-01-01 00:00:00",1,2,kampanyalar-nt,"","","",95675,0,105113,true,true,0,"2026-02-17 21:40:15.19879",false
2937,[OLD] KIDOKIT-LP-24-DR.GULAY KARA - GUNESIN COCUKLAR UZERINDEKI ETKILERI VE KORUNMA YOLLARI,1,1,1,"{""componentJson"": [{""id"": 5772, ""displayOrder"": 1}]}","2024-11-12 11:39:02","2029-12-31 21:00:00",1,2,gunesin-cocuklar-uzerindeki-etkileri-ve-korunma-yollari-cgr,/katalog,"","",95675,0,105141,false,false,0,"2026-02-17 21:40:15.3009",false
2938,[OLD] IGLOO-SUNUM,1,1,1,"{""componentJson"": [{""id"": 5773, ""displayOrder"": 1}]}","2024-12-05 07:59:30","2029-12-31 21:00:00",1,2,igloo-sunum,"","","",95675,0,105441,false,false,0,"2026-02-17 21:40:15.395482",false
2939,[OLD] IGLOO-SUNUM-VISION-LP-ERKEK,1,1,1,"{""componentJson"": [{""id"": 5774, ""displayOrder"": 1}, {""id"": 5775, ""displayOrder"": 2}, {""id"": 5776, ""displayOrder"": 3}]}","2024-11-14 07:05:35","2029-12-31 21:00:00",1,2,igloo-sunum-vision-erkek,"","","",95675,0,105506,false,false,0,"2026-02-17 21:40:15.58836",false
2940,[OLD] IGLOO-SUNUM-VISION-LP-KADIN,1,1,1,"{""componentJson"": [{""id"": 5777, ""displayOrder"": 1}, {""id"": 5775, ""displayOrder"": 2}, {""id"": 5776, ""displayOrder"": 3}]}","2024-11-14 07:05:11","2029-12-31 21:00:00",1,2,igloo-sunum-vision-kadin,"","","",95675,0,105507,false,false,0,"2026-02-17 21:40:15.752252",false
2941,[OLD] IGLOO-SUNUM-CLASSIC-LP-KADIN,1,1,1,"{""componentJson"": [{""id"": 5778, ""displayOrder"": 1}, {""id"": 5775, ""displayOrder"": 2}, {""id"": 5776, ""displayOrder"": 3}]}","2024-11-14 07:03:40","2029-12-31 21:00:00",1,2,igloo-sunum-classic-kadin,"","","",95675,0,105508,false,false,0,"2026-02-17 21:40:15.903765",false
2942,[OLD] IGLOO-SUNUM-CLASSIC-LP-ERKEK,1,1,1,"{""componentJson"": [{""id"": 5779, ""displayOrder"": 1}, {""id"": 5775, ""displayOrder"": 2}, {""id"": 5776, ""displayOrder"": 3}]}","2024-11-14 07:03:24","2029-12-31 21:00:00",1,2,igloo-sunum-classic-erkek,"","","",95675,0,105509,false,false,0,"2026-02-17 21:40:16.049746",false
2943,[OLD] IGLOO-SUNUM-XSIDE-LP-KADIN,1,1,1,"{""componentJson"": [{""id"": 5780, ""displayOrder"": 1}, {""id"": 5775, ""displayOrder"": 2}, {""id"": 5776, ""displayOrder"": 3}]}","2024-11-14 07:03:08","2029-12-31 21:00:00",1,2,igloo-sunum-xside-kadin,"","","",95675,0,105510,false,false,0,"2026-02-17 21:40:16.200609",false
2946,[OLD] IGLOO-SUNUM-GRACE-LP,1,1,1,"{""componentJson"": [{""id"": 5783, ""displayOrder"": 1}, {""id"": 5775, ""displayOrder"": 2}, {""id"": 5776, ""displayOrder"": 3}]}","2024-11-14 07:02:16","2029-12-31 21:00:00",1,2,igloo-sunum-grace,"","","",95675,0,105513,false,false,0,"2026-02-17 21:40:16.640674",false
2947,[OLD] IGLOO-SUNUM-ACTIVE-LP-KADIN,1,1,1,"{""componentJson"": [{""id"": 5784, ""displayOrder"": 1}, {""id"": 5775, ""displayOrder"": 2}, {""id"": 5776, ""displayOrder"": 3}]}","2024-11-14 07:02:03","2029-12-31 21:00:00",1,2,igloo-sunum-active-kadin,"","","",95675,0,105514,false,false,0,"2026-02-17 21:40:16.7851",false
2948,[OLD] IGLOO-SUNUM-ACTIVE-LP-ERKEK,1,1,1,"{""componentJson"": [{""id"": 5785, ""displayOrder"": 1}, {""id"": 5775, ""displayOrder"": 2}, {""id"": 5776, ""displayOrder"": 3}]}","2024-11-14 07:01:47","2029-12-31 21:00:00",1,2,igloo-sunum-active-erkek,"","","",95675,0,105515,false,false,0,"2026-02-17 21:40:16.933038",false
2949,[OLD] IGLOO-SUNUM-AILE-LP,1,1,1,"{""componentJson"": [{""id"": 5786, ""displayOrder"": 1}, {""id"": 5775, ""displayOrder"": 2}, {""id"": 5776, ""displayOrder"": 3}]}","2024-11-14 07:01:07","2029-12-31 21:00:00",1,2,igloo-sunum-aile,"","","",95675,0,105516,false,false,0,"2026-02-17 21:40:17.081413",false
2950,[OLD] IGLOO-SUNUM-YENI-YIL-LP,1,1,1,"{""componentJson"": [{""id"": 5787, ""displayOrder"": 1}, {""id"": 5775, ""displayOrder"": 2}, {""id"": 5776, ""displayOrder"": 3}]}","2024-12-03 11:43:02","2029-12-31 21:00:00",1,2,igloo-sunum-yeni-yil,"","","",95675,0,105753,false,false,0,"2026-02-17 21:40:17.244782",false
2951,[OLD] IGLOO-SUNUM-COCUK-YENI-YIL-LP,1,1,1,"{""componentJson"": [{""id"": 5788, ""displayOrder"": 1}, {""id"": 5789, ""displayOrder"": 2}, {""id"": 5775, ""displayOrder"": 3}, {""id"": 5776, ""displayOrder"": 4}]}","2024-12-03 11:45:12","2029-12-31 21:00:00",1,2,igloo-sunum-cocuk-yeni-yil,"","","",95675,0,105754,false,false,0,"2026-02-17 21:40:17.446711",false
2952,[OLD] IGLOO-SUNUM-FW24/PARIS,1,1,1,"{""componentJson"": [{""id"": 5790, ""displayOrder"": 1}]}","2024-12-05 07:43:28","2029-12-31 21:00:00",1,2,igloo-sunum-fw24/paris,"","","",95675,0,105759,false,false,0,"2026-02-17 21:40:17.534299",false
2953,[OLD] IGLOO-SUNUM-VISION-LP-ERKEK-SUMMER,1,1,1,"{""componentJson"": [{""id"": 5791, ""displayOrder"": 1}, {""id"": 5792, ""displayOrder"": 2}, {""id"": 5775, ""displayOrder"": 3}, {""id"": 5776, ""displayOrder"": 4}]}","2025-01-29 08:26:48","2029-12-31 21:00:00",1,2,igloo-sunum-vision-erkek-summer,"","","",95675,0,106285,false,false,0,"2026-02-17 21:40:17.73478",false
2954,[OLD] IGLOO-SUNUM-VISION-LP-KADIN-SUMMER,1,1,1,"{""componentJson"": [{""id"": 5793, ""displayOrder"": 1}, {""id"": 5794, ""displayOrder"": 2}, {""id"": 5775, ""displayOrder"": 3}, {""id"": 5776, ""displayOrder"": 4}]}","2024-11-14 07:05:11","2029-12-31 21:00:00",1,2,igloo-sunum-vision-kadin-summer,"","","",95675,0,106286,false,false,0,"2026-02-17 21:40:17.964849",false
2955,[OLD] IGLOO-SUNUM-SS-25,1,1,1,"{""componentJson"": [{""id"": 5795, ""displayOrder"": 1}]}","2024-12-05 07:43:28","2029-12-31 21:00:00",1,2,igloo-sunum-ss-25,"","","",95675,0,106287,false,false,0,"2026-02-17 21:40:18.07767",false
2956,[OLD] IGLOO-SUNUM-YENI-YIL-LPLER,1,1,1,"{""componentJson"": [{""id"": 5796, ""displayOrder"": 1}]}","2024-12-05 07:43:28","2029-12-31 21:00:00",1,2,igloo-sunum-yeni-yil-lpler,"","","",95675,0,106288,false,false,0,"2026-02-17 21:40:18.188975",false
2957,[OLD] IGLOO-SUNUM-SOUTHBLUE-LP,1,1,1,"{""componentJson"": [{""id"": 5797, ""displayOrder"": 1}, {""id"": 5798, ""displayOrder"": 2}, {""id"": 5775, ""displayOrder"": 3}, {""id"": 5776, ""displayOrder"": 4}]}","2025-01-29 19:13:09","2029-12-31 21:00:00",1,2,igloo-sunum-southblue,"","","",95675,0,106295,false,false,0,"2026-02-17 21:40:18.464571",false
2958,[OLD] IGLOO-SUNUM-XSIDE-LP-ERKEK-SUMMER,1,1,1,"{""componentJson"": [{""id"": 5799, ""displayOrder"": 1}, {""id"": 5800, ""displayOrder"": 2}, {""id"": 5775, ""displayOrder"": 3}, {""id"": 5776, ""displayOrder"": 4}]}","2025-01-29 08:26:48","2029-12-31 21:00:00",1,2,igloo-sunum-xside-erkek-summer,"","","",95675,0,106301,false,false,0,"2026-02-17 21:40:18.689697",false
2959,[OLD] IGLOO-SUNUM-XSIDE-LP-KADIN-SUMMER,1,1,1,"{""componentJson"": [{""id"": 5801, ""displayOrder"": 1}, {""id"": 5802, ""displayOrder"": 2}, {""id"": 5775, ""displayOrder"": 3}, {""id"": 5776, ""displayOrder"": 4}]}","2024-11-14 07:05:11","2029-12-31 21:00:00",1,2,igloo-sunum-xside-kadin-summer,"","","",95675,0,106302,false,false,0,"2026-02-17 21:40:18.906401",false
2960,[OLD] IGLOO-SUNUM-ACTIVE-LP-SUMMER,1,1,1,"{""componentJson"": [{""id"": 5803, ""displayOrder"": 1}, {""id"": 5775, ""displayOrder"": 2}, {""id"": 5776, ""displayOrder"": 3}]}","2024-11-14 07:02:03","2029-12-31 21:00:00",1,2,igloo-sunum-active-summer,"","","",95675,0,106310,false,false,0,"2026-02-17 21:40:19.067648",false
2961,[OLD] IGLOO-SUNUM-AILE-LP-SUMMER,1,1,1,"{""componentJson"": [{""id"": 5804, ""displayOrder"": 1}, {""id"": 5775, ""displayOrder"": 2}, {""id"": 5776, ""displayOrder"": 3}]}","2024-11-14 07:02:03","2029-12-31 21:00:00",1,2,igloo-sunum-aile-summer,"","","",95675,0,106311,false,false,0,"2026-02-17 21:40:19.259069",false
2962,[OLD] IGLOO-SUNUM-MODEST-LP-SUMMER,1,1,1,"{""componentJson"": [{""id"": 5805, ""displayOrder"": 1}, {""id"": 5775, ""displayOrder"": 2}, {""id"": 5776, ""displayOrder"": 3}]}","2024-11-14 07:02:03","2029-12-31 21:00:00",1,2,igloo-sunum-modest-summer,"","","",95675,0,106320,false,false,0,"2026-02-17 21:40:19.433466",false
2963,[OLD] IGLOO-SUNUM-GRACE-LP-SUMMER,1,1,1,"{""componentJson"": [{""id"": 5806, ""displayOrder"": 1}, {""id"": 5775, ""displayOrder"": 2}, {""id"": 5776, ""displayOrder"": 3}]}","2024-11-14 07:02:03","2029-12-31 21:00:00",1,2,igloo-sunum-grace-summer,"","","",95675,0,106321,false,false,0,"2026-02-17 21:40:19.598008",false
2964,[OLD] IGLOO-SUNUM-MATERNITY-LP-SUMMER,1,1,1,"{""componentJson"": [{""id"": 5807, ""displayOrder"": 1}, {""id"": 5775, ""displayOrder"": 2}, {""id"": 5776, ""displayOrder"": 3}]}","2024-11-14 07:02:03","2029-12-31 21:00:00",1,2,igloo-sunum-maternity-summer,"","","",95675,0,106322,false,false,0,"2026-02-17 21:40:19.775082",false
2965,[OLD] IGLOO-SUNUM-CLASSIC-LP-KADIN-SUMMER,1,1,1,"{""componentJson"": [{""id"": 5808, ""displayOrder"": 1}, {""id"": 5809, ""displayOrder"": 2}, {""id"": 5775, ""displayOrder"": 3}, {""id"": 5776, ""displayOrder"": 4}]}","2024-11-14 07:05:11","2029-12-31 21:00:00",1,2,igloo-sunum-classic-kadin-summer,"","","",95675,0,106342,false,false,0,"2026-02-17 21:40:19.98253",false
3060,[OLD] KIDOKIT-LP 5 KRESE HAZIRLIK EGLENCELI OKUMA ZAMANI,1,1,1,"{""componentJson"": [{""id"": 6027, ""displayOrder"": 1}]}","2024-10-23 11:31:00","2029-12-31 21:00:00",1,2,krese-hazirlik-eglenceli-okuma-zamani-cgr,/katalog,"","",95675,0,105122,false,false,0,"2026-02-17 21:40:34.984172",false
2966,[OLD] IGLOO-SUNUM-CLASSIC-LP-ERKEK-SUMMER,1,1,1,"{""componentJson"": [{""id"": 5810, ""displayOrder"": 1}, {""id"": 5811, ""displayOrder"": 2}, {""id"": 5775, ""displayOrder"": 3}, {""id"": 5776, ""displayOrder"": 4}]}","2025-02-04 13:31:50","2029-12-31 21:00:00",1,2,igloo-sunum-classic-erkek-summer,"","","",95675,0,106343,false,false,0,"2026-02-17 21:40:20.187385",false
2967,[OLD] KADIN-BASIC-LP-2025,1,1,1,"{""componentJson"": [{""id"": 5812, ""displayOrder"": 1}]}","2025-03-19 08:36:17","2030-04-19 09:48:31",1,2,kadin-basic,/katalog,"","",95675,0,106972,false,false,0,"2026-02-17 21:40:20.27118",false
2968,[OLD] APP-KADIN-BASIC-LP-2025,1,1,1,"{""componentJson"": [{""id"": 5813, ""displayOrder"": 1}, {""id"": 5814, ""displayOrder"": 2}, {""id"": 5815, ""displayOrder"": 3}, {""id"": 5816, ""displayOrder"": 4}]}","2025-03-19 14:27:16","2030-04-19 09:48:31",1,2,kadin-basic-nt,/katalog,"","",95675,0,106973,true,false,0,"2026-02-17 21:40:20.491594",false
2969,[OLD] KADIN-AKTIF-SPOR-2025,1,1,1,"{""componentJson"": [{""id"": 5817, ""displayOrder"": 1}, {""id"": 5818, ""displayOrder"": 2}, {""id"": 5819, ""displayOrder"": 3}, {""id"": 5820, ""displayOrder"": 4}, {""id"": 5821, ""displayOrder"": 5}]}","2025-03-26 12:34:04","2030-01-31 18:00:54",1,2,kadin-spor-giyim,/katalog,"Kadın Spor Kıyafetleri, Spor Giyim","Kadın spor giyim burada! Kadın spor kıyafetleri, kadın spor kıyafeti modelleri uygun fiyatları ile LC Waikiki'de! Hemen keşfet!",95675,0,107010,false,false,0,"2026-02-17 21:40:20.751025",false
2970,[OLD] KADIN-AKTIF-SPOR-NT-2025,1,1,1,"{""componentJson"": [{""id"": 5822, ""displayOrder"": 1}, {""id"": 5823, ""displayOrder"": 2}, {""id"": 5824, ""displayOrder"": 3}, {""id"": 5825, ""displayOrder"": 4}, {""id"": 5826, ""displayOrder"": 5}]}","2025-03-26 12:31:10","2030-02-09 07:00:00",1,2,kadin-spor-giyim-nt,/katalog,"Kadın Spor Kıyafetleri, Spor Giyim","Kadın spor giyim burada! Kadın spor kıyafetleri, kadın spor kıyafeti modelleri uygun fiyatları ile LC Waikiki'de! Hemen keşfet!",95675,0,107012,true,false,0,"2026-02-17 21:40:21.024275",false
2971,[OLD] KADIN-ERKEK-BEDEN-BAZLI-LP,1,1,1,"{""componentJson"": [{""id"": 5827, ""displayOrder"": 1}]}","2025-04-03 13:30:24","2030-01-01 00:00:00",1,2,kadin-erkek-beden-bazli,/katalog,"","",95675,0,107094,false,false,0,"2026-02-17 21:40:21.107784",false
2972,[OLD] KADIN-ERKEK-BEDEN-BAZLI-LP-NT,1,1,1,"{""componentJson"": [{""id"": 5828, ""displayOrder"": 1}, {""id"": 5829, ""displayOrder"": 2}]}","2025-04-03 14:28:50","2030-01-01 00:00:00",1,2,kadin-erkek-beden-bazli-nt,/katalog,"","",95675,0,107095,true,false,0,"2026-02-17 21:40:21.251122",false
2975,[OLD] FIZIKSEL-HEDIYE-KART-KULLANIM-HUKUM-VE-KOSULLARI,1,1,1,"{""componentJson"": [{""id"": 5846, ""displayOrder"": 1}]}","2025-04-25 13:20:20","2098-12-31 21:00:00",1,2,hediyekart,"",LC Waikiki Hediye Kart Kullanım Koşulları ve Detayları,"LC Waikiki Hediye Kartlarının geçerlilik süresi, kullanım alanları, kurallar ve iade koşulları hakkında detaylı bilgileri bu sayfada inceleyin.",95675,0,107330,false,false,0,"2026-02-17 21:40:22.177258",false
2976,[OLD] WEB-GIFT-LP,1,1,1,"{""componentJson"": [{""id"": 5847, ""displayOrder"": 1}, {""id"": 5848, ""displayOrder"": 2}, {""id"": 5849, ""displayOrder"": 3}, {""id"": 5850, ""displayOrder"": 4}, {""id"": 5851, ""displayOrder"": 5}, {""id"": 5852, ""displayOrder"": 6}, {""id"": 5853, ""displayOrder"": 7}]}","2025-05-13 12:30:42","2030-01-01 00:00:00",1,2,hediyelik-urunler,/katalog,"","",95675,0,107546,false,false,0,"2026-02-17 21:40:22.549655",false
2977,[OLD] APP-GIFT-LP-NT,1,1,1,"{""componentJson"": [{""id"": 5854, ""displayOrder"": 1}, {""id"": 5855, ""displayOrder"": 2}, {""id"": 5856, ""displayOrder"": 3}, {""id"": 5857, ""displayOrder"": 4}, {""id"": 5858, ""displayOrder"": 5}, {""id"": 5859, ""displayOrder"": 6}, {""id"": 5860, ""displayOrder"": 7}]}","2025-05-20 12:51:38","2030-01-01 00:00:00",1,2,hediyelik-urunler-nt,/katalog,"","",95675,0,107547,true,false,0,"2026-02-17 21:40:22.906202",false
2978,[OLD] WEB-KIZ-COCUK-MEZUNIYET-ELBISELERI,1,1,1,"{""componentJson"": [{""id"": 5861, ""displayOrder"": 1}, {""id"": 5862, ""displayOrder"": 2}, {""id"": 5863, ""displayOrder"": 3}]}","2025-05-21 13:23:13","2029-12-31 21:00:00",1,2,kiz-cocuk-mezuniyet-elbiseleri,/katalog,"","",95675,0,107646,false,false,0,"2026-02-17 21:40:23.101633",false
2979,[OLD] APP-KIZ-COCUK-MEZUNIYET-ELBISELERI,1,1,1,"{""componentJson"": [{""id"": 5864, ""displayOrder"": 1}, {""id"": 5865, ""displayOrder"": 2}, {""id"": 5866, ""displayOrder"": 3}]}","2025-05-21 13:23:13","2029-12-31 21:00:00",1,2,kiz-cocuk-mezuniyet-elbiseleri-nt,/katalog,"","",95675,0,107647,true,false,0,"2026-02-17 21:40:23.315262",false
2974,[OLD] APP-INDIRIMLI-CEYIZ-GUNLERI-LP,1,1,1,"{""componentJson"": [{""id"": 8054, ""isActive"": true, ""displayOrder"": 1}, {""id"": 8055, ""isActive"": true, ""displayOrder"": 2}, {""id"": 8058, ""isActive"": true, ""displayOrder"": 3}, {""id"": 8085, ""isActive"": true, ""displayOrder"": 4}, {""id"": 8083, ""isActive"": true, ""displayOrder"": 5}]}","2025-04-17 06:16:56","2069-12-31 21:00:00",1,2,indirimli-ceyiz-gunleri-nt,/katalog,"","",0,1,0,true,false,1,"2026-02-17 21:40:22.085088",false
2973,[OLD] WEB-INDIRIMLI-CEYIZ-GUNLERI-LP,1,1,1,"{""componentJson"": [{""id"": 8053, ""isActive"": true, ""displayOrder"": 1}, {""id"": 8056, ""isActive"": true, ""displayOrder"": 2}, {""id"": 8057, ""isActive"": true, ""displayOrder"": 3}, {""id"": 8086, ""isActive"": true, ""displayOrder"": 4}, {""id"": 8084, ""isActive"": true, ""displayOrder"": 5}]}","2025-04-17 06:16:49","2069-12-31 21:00:00",1,2,indirimli-ceyiz-gunleri,/katalog,"","",0,0,0,false,false,1,"2026-02-17 21:40:21.681564",false
2980,[OLD] KADIN-TISORT-MODELLERI-LP,1,1,1,"{""componentJson"": [{""id"": 7819, ""displayOrder"": 1}]}","2025-06-02 05:44:59","2030-01-01 00:00:00",1,2,tisort-kombin-kadin,/katalog,"","",0,0,0,false,false,1,"2026-02-17 21:40:23.580594",false
2982,[OLD] IGLOO-SUNUM-COCUK-PLAJ-LP,1,1,1,"{""componentJson"": [{""id"": 5877, ""displayOrder"": 1}, {""id"": 5878, ""displayOrder"": 2}, {""id"": 5879, ""displayOrder"": 3}, {""id"": 5775, ""displayOrder"": 4}, {""id"": 5776, ""displayOrder"": 5}]}","2025-06-12 12:39:38","2029-12-31 21:00:00",1,2,igloo-sunum-cocuk-plaj,"","","",95675,0,107925,false,false,0,"2026-02-17 21:40:24.102095",false
2983,[OLD] APP-KADIN-KUPONLP-260625,1,1,1,"{""componentJson"": [{""id"": 5880, ""displayOrder"": 1}, {""id"": 5881, ""displayOrder"": 2}, {""id"": 5882, ""displayOrder"": 3}]}","2025-06-26 06:03:13","2029-12-31 21:00:00",1,2,kadin-urunlerinde-kupon-firsati-nt,"","","",95675,0,108091,true,false,0,"2026-02-17 21:40:24.278016",false
2984,[OLD] WEB-KADIN-KUPONLP-260625,1,1,1,"{""componentJson"": [{""id"": 5883, ""displayOrder"": 1}]}","2025-06-27 15:40:45","2029-12-31 21:00:00",1,2,kadin-urunlerinde-kupon-firsati,"","","",95675,0,108092,false,false,0,"2026-02-17 21:40:24.361823",false
2985,[OLD] WEB-KADIN-KUPONLP-280625,1,1,1,"{""componentJson"": [{""id"": 5884, ""displayOrder"": 1}]}","2025-06-27 08:09:26","2035-06-26 05:00:54",1,2,kadin-urunlerinde-kupon-firsati-280625,"","","",95675,0,108152,false,false,0,"2026-02-17 21:40:24.444525",false
2986,[OLD] WEB-KADIN-KUPONLP-300625,1,1,1,"{""componentJson"": [{""id"": 5885, ""displayOrder"": 1}]}","2025-06-27 08:09:26","2035-06-26 05:00:54",1,2,kadin-urunlerinde-kupon-firsati-300625,"","","",95675,0,108156,false,false,0,"2026-02-17 21:40:24.530987",false
2987,[OLD] KADIN-BUYUK-BEDEN-URUNLER-BARKODLAARA-QRKODOZEL,1,1,1,"{""componentJson"": [{""id"": 5886, ""displayOrder"": 1}, {""id"": 5887, ""displayOrder"": 2}, {""id"": 5888, ""displayOrder"": 3}]}","2025-06-20 08:27:06","2030-01-28 21:00:00",1,2,kadin-buyuk-beden-urunler-barkodlaara-qrkodozel,/proje,"","",95675,0,108264,false,true,0,"2026-02-17 21:40:24.714926",false
2988,[OLD] IGLOO-SUNUM-SOUTHBLUE-LP-WINTER,1,1,1,"{""componentJson"": [{""id"": 5889, ""displayOrder"": 1}, {""id"": 5890, ""displayOrder"": 2}, {""id"": 5891, ""displayOrder"": 3}, {""id"": 5775, ""displayOrder"": 4}, {""id"": 5776, ""displayOrder"": 5}]}","2025-01-29 19:13:09","2029-12-31 21:00:00",1,2,igloo-sunum-southblue-winter,"","","",95675,0,110673,false,false,0,"2026-02-17 21:40:24.98169",false
2989,[OLD] IGLOO-SUNUM-AILE-LP-WINTER,1,1,1,"{""componentJson"": [{""id"": 5892, ""displayOrder"": 1}, {""id"": 5775, ""displayOrder"": 2}, {""id"": 5776, ""displayOrder"": 3}]}","2024-11-14 07:02:03","2029-12-31 21:00:00",1,2,igloo-sunum-aile-winter,"","","",95675,0,110833,false,false,0,"2026-02-17 21:40:25.140789",false
2990,[OLD] KADIN-INDIRIM,1,1,1,"{""componentJson"": [{""id"": 5893, ""displayOrder"": 1}, {""id"": 5894, ""displayOrder"": 2}, {""id"": 5895, ""displayOrder"": 3}, {""id"": 5896, ""displayOrder"": 4}]}","2026-01-24 21:36:39","2029-12-31 21:00:00",1,2,kadin-indirim,/katalog,"","",0,0,122760,false,false,0,"2026-02-17 21:40:25.36273",false
2991,[OLD] KADIN-INDIRIM-NT,1,1,1,"{""componentJson"": [{""id"": 5897, ""displayOrder"": 1}, {""id"": 5898, ""displayOrder"": 2}]}","2026-01-23 12:44:53","2029-12-31 21:00:00",1,2,kadin-indirim-nt,/katalog,"","",0,0,122761,true,false,0,"2026-02-17 21:40:25.493604",false
2992,[OLD] KIZ-COCUK-INDIRIM,1,1,1,"{""componentJson"": [{""id"": 5899, ""displayOrder"": 1}, {""id"": 5900, ""displayOrder"": 2}]}","2026-01-26 07:20:36.949391","2029-12-31 21:00:00",1,2,kiz-cocuk-indirim,/katalog,"","",0,0,122764,false,false,0,"2026-02-17 21:40:25.627535",false
2993,[OLD] KIZ-COCUK-INDIRIM-NT,1,1,1,"{""componentJson"": [{""id"": 5901, ""displayOrder"": 1}, {""id"": 5902, ""displayOrder"": 2}]}","2026-01-26 07:20:45.856264","2029-12-31 21:00:00",1,2,kiz-cocuk-indirim-nt,/katalog,"","",0,0,122765,true,false,0,"2026-02-17 21:40:25.758593",false
2994,[OLD] HOME-LP,1,1,1,"{""componentJson"": [{""id"": 5903, ""displayOrder"": 1}, {""id"": 5904, ""displayOrder"": 2}]}","2024-03-12 16:59:51","2030-01-13 17:41:00",1,2,lcw-home,/lp,"","",95675,0,97675,false,false,0,"2026-02-17 21:40:26.235336",false
2995,[OLD] PELIN-AKIL-LANSMAN-,1,1,1,"{""componentJson"": [{""id"": 5905, ""displayOrder"": 1}]}","2023-09-18 11:14:25","2030-10-31 11:20:00",1,2,pelin-akil-linalin,/katalog,linalin by Pelin Akil x LC WAİKİKİ KOLEKSİYONU ,linalin by Pelin Akil x LC WAİKİKİ KOLEKSİYONU ,95675,0,97688,false,false,0,"2026-02-17 21:40:26.317446",false
2996,[OLD] 160622-MARKALAR-NIVEA-LP,1,1,1,"{""componentJson"": [{""id"": 5906, ""displayOrder"": 1}]}","2023-12-21 08:17:30","2030-06-29 13:00:00",1,2,nivea-urunlerini-kesfet,/katalog,"","",95675,0,97728,false,false,0,"2026-02-17 21:40:26.398541",false
2997,[OLD] M-MARKALAR,1,1,1,"{""componentJson"": [{""id"": 5907, ""displayOrder"": 1}]}","2023-01-30 16:53:00","2030-01-01 00:00:00",1,2,m-markalar,"",Diğer Markalar,Diğer Markalar,95675,0,97738,false,false,1,"2026-02-17 21:40:26.479322",false
2998,[OLD] RAMAZAN-TARIFLERI-SERIFE-AKSOY2,1,1,1,"{""componentJson"": [{""id"": 5908, ""displayOrder"": 1}]}","2025-03-26 13:30:31","2026-04-20 08:53:00",1,2,lcwaikiki-ile-ramazan-tarifleri,"",ramazan tarifleri lcwaikiki,ramazan tarifleri lcwaikiki,95675,0,97757,false,false,0,"2026-02-17 21:40:26.572892",false
2999,[OLD] LC WAIKIKI X NEBAHAT CEHRE,1,1,1,"{""componentJson"": [{""id"": 5909, ""displayOrder"": 1}]}","2023-07-27 09:06:44","2030-10-05 13:33:00",1,2,nebahat-cehre,"",LC WAIKIKI X NEBAHAT ÇEHRE,LC WAIKIKI X NEBAHAT ÇEHRE,95675,0,97816,false,false,0,"2026-02-17 21:40:26.661659",false
3000,[OLD] 2021-MODEST-KOLEKSIYONU,1,1,1,"{""componentJson"": [{""id"": 5910, ""displayOrder"": 1}]}","2023-04-27 14:27:50","2030-12-08 15:04:00",1,2,modest-koleksiyonu,/katalog,"2021-modest-koleksiyonu","2021-modest-koleksiyonu",95675,0,97867,false,false,0,"2026-02-17 21:40:26.759212",false
3001,[OLD] LISANS-LP,1,1,1,"{""componentJson"": [{""id"": 5911, ""displayOrder"": 1}, {""id"": 5912, ""displayOrder"": 2}, {""id"": 5913, ""displayOrder"": 3}]}","2023-08-29 12:06:53","2033-01-21 10:59:00",1,2,lisansli-urunler,/katalog,Lisanslı Ürünler,"Lisanslı ürünler burada! Tüm lisanslı karakterlerimizin lisanslı tişört, lisanslı sweatshirt ve lisanslı ürünleri uygun fiyatları ile LC Waikiki'de! Hemen keşfet!",95675,0,97894,false,false,0,"2026-02-17 21:40:26.939635",false
3002,[OLD] LCW-HOME,1,1,1,"{""componentJson"": [{""id"": 5914, ""displayOrder"": 1}]}","2023-02-01 01:10:47","2030-01-01 00:00:00",1,2,lcw-home,"",Ev Tekstili - LC Waikiki Home,LCW Home burada! En trend ev tekstili ürünleri 2019 da LC Waikiki Home da! Hemen tıkla!,95675,0,97934,false,false,0,"2026-02-17 21:40:27.027435",false
3003,[OLD] LCW MUTLU HEDIYELER,1,1,1,"{""componentJson"": [{""id"": 5915, ""displayOrder"": 1}]}","2018-12-19 10:33:00","2030-01-01 00:00:00",1,2,lcw-mutlu-hediyeler,"",Yılbaşı Hediyeleri – Mutlu Hediyeler,LCW Mutlu hediyeler şimdi burada seni bekliyor. Yılbaşı hediyeleri uygun fiyatları ile LC Waikiki’de! Hemen tıkla.,95675,0,97938,false,false,0,"2026-02-17 21:40:27.107722",false
3004,[OLD] MASTERPASS KAMPANYA,1,1,1,"{""componentJson"": [{""id"": 5916, ""displayOrder"": 1}]}","2018-12-12 10:41:00","2030-01-01 00:00:00",1,2,masterpass-kampanya,"",Masterpass Kampanya – LCW Masterpass İndirim Kampanyası,Masterpass indirim kampanyası LCW’de! 150 TL ve üzeri alışverişlerde 25 TL indirim fırsatı ve Masterpass kampanya koşulları için şimdi tıkla!,95675,0,97940,false,false,0,"2026-02-17 21:40:27.189349",false
3005,[OLD] MUHTESEM CUMA KAMPANYASI,1,1,1,"{""componentJson"": [{""id"": 5917, ""displayOrder"": 1}]}","2019-03-18 15:23:00","2030-01-01 00:00:00",1,2,muhtesem-Cuma,"",Muhteşem Cuma - 2018 Muhteşem Cuma Kampanyası,"Muhteşem Cuma başladı! Muhteşem Cuma kampanyası birbirinden güzel indirimleri ile LC Waikiki’de başladı. Fırsatı kaçırma, hemen tıkla!",95675,0,97941,false,false,0,"2026-02-17 21:40:27.277004",false
3006,[OLD] PERSONEL INDIRIMI,1,1,1,"{""componentJson"": [{""id"": 5918, ""displayOrder"": 1}]}","2018-10-30 11:53:00","2030-01-01 00:00:00",1,2,personel-indirimi,"",Personel İndirimi,.,95675,0,97943,false,false,0,"2026-02-17 21:40:27.356894",false
3007,[OLD] BOGAZICI JEAN KOLEKSIYONU,1,1,1,"{""componentJson"": [{""id"": 5919, ""displayOrder"": 1}]}","2019-03-07 16:23:00","2030-01-01 00:00:00",1,2,lcw-jeans,"",Boğazın Tüm Renkleri LCW Jeanste!,Boğazın tüm renkleri LCW Jeanste! LC Waikiki Jeans reklam filmi ve reklam ürünleri burada seni bekliyor! Hemen tıkla!,95675,0,97947,false,false,0,"2026-02-17 21:40:27.436312",false
3008,[OLD] 2018 E-TICARET INFOGRAPHIC,1,1,1,"{""componentJson"": [{""id"": 5920, ""displayOrder"": 1}]}","2019-02-26 09:14:00","2030-01-01 00:00:00",1,2,lcw-e-ticaret-infografik,"",LC Waikiki 2017 E-Ticaret Performansı - Infografik Video,LC Waikikinin 2017 yılına ait e-ticaret performansı ve cirosunu paylaştığımız infografik videomuzu izlemek için hemen tıklayın!,95675,0,97948,false,false,0,"2026-02-17 21:40:27.522107",false
3009,[OLD] MODA SENIN SECIMIN,1,1,1,"{""componentJson"": [{""id"": 5921, ""displayOrder"": 1}]}","2018-10-18 07:50:00","2030-01-01 00:00:00",1,2,moda-senin-secimin,"",Moda Senin Seçimin – İrem Helvacıoğlu,Moda senin seçimin reklamı burada! İrem Helvacıoğlu ile LC Waikiki Moda Senin Seçimin reklamı için hemen tıkla!,95675,0,97949,false,false,0,"2026-02-17 21:40:27.611897",false
3010,[OLD] 2017 REKLAM FILMI,1,1,1,"{""componentJson"": [{""id"": 5922, ""displayOrder"": 1}]}","2018-01-04 08:55:00","2030-01-01 00:00:00",1,2,lc-waikiki-reklam,"",LC Waikiki Dünyada Büyüyor! - LC Waikiki Reklamı,Türkiyenin LC Waikikisi dünyada büyüyor! Yeni LC Waikiki reklamı burada! LC Waikiki yeni reklam filmini izlemek için hemen tıklayın!,95675,0,97951,false,false,0,"2026-02-17 21:40:27.695565",false
3011,[OLD] BUKOLI KAMPANYASI,1,1,1,"{""componentJson"": [{""id"": 5923, ""displayOrder"": 1}]}","2017-03-21 15:24:00","2030-01-01 00:00:00",1,2,LC-Waikikide-Bukoli-Kampanyasi,"",LC Waikiki de Bukoli Kampanyası,"Evde kargo beklemekten sıkıldıysan, kargonu eve taşımak zor geliyorsa veya işyerine kargo kabul edilmiyorsa LC Waikiki alışverişlerinde Bukoli kullan.",95675,0,97964,false,false,0,"2026-02-17 21:40:27.779933",false
3012,[OLD] LCW VISION ERKEK 2017,1,1,1,"{""componentJson"": [{""id"": 5924, ""displayOrder"": 1}]}","2017-10-23 15:03:00","2030-01-01 00:00:00",1,2,LCW-Vision-erkek-koleksiyonu,"",Yeni LCW Vision - Erkek Koleksiyonu ,LC Waikiki nin yepyeni erkek giyim koleksiyonu LCW Vision lcwaikiki.com da. Yeni bir stil için koleksiyon parçalarını hemen keşfedin.,95675,0,97966,false,false,0,"2026-02-17 21:40:27.890004",false
3013,[OLD] LCW VISION BG MART 2017,1,1,1,"{""componentJson"": [{""id"": 5925, ""displayOrder"": 1}]}","2017-03-16 08:00:00","2030-01-01 00:00:00",1,2,lcw-vision-bayan-koleksiyonu,"", Kadın Koleksiyonu,LC Waikikinin yepyeni kadın koleksiyonu LCW Vision lcwaikiki.com da. Yeni bir stil için koleksiyon parçalarını hemen keşfedin.,95675,0,97967,false,false,0,"2026-02-17 21:40:27.991131",false
3014,[OLD] 7. HAFTA 2017 TR MUHAFAZAKAR LP,1,1,1,"{""componentJson"": [{""id"": 5926, ""displayOrder"": 1}]}","2017-03-13 09:03:00","2030-01-01 00:00:00",1,2,Muhafazakar-giyim,"",Muhafazakar Şıklık,www.lcwaikiki.com internet satış mağazası. İyi giyinmek herkesin hakkı,95675,0,97969,false,false,0,"2026-02-17 21:40:28.092246",false
3015,[OLD] 20170125-CK4-MAGICAL-GIRL-KOLEKSIYONU,1,1,1,"{""componentJson"": [{""id"": 5927, ""displayOrder"": 1}]}","2017-01-27 15:45:00","2030-01-01 00:00:00",1,2,Magical-Girl-Koleksiyonu,"",Magical Girl Koleksiyonu,"Kız çocuklar için en trend koleksiyon. Siyahın pembe, beyaz ve altın rengi ile buluştuğu parçalar lcwaikiki.com da sizleri bekliyor.",95675,0,97971,false,false,0,"2026-02-17 21:40:28.195089",false
3016,[OLD] OZLEM-SUER-MAGAZA-LISTESI-LP-TR,1,1,1,"{""componentJson"": [{""id"": 5928, ""displayOrder"": 1}]}","2016-11-30 15:48:00","2030-01-01 00:00:00",1,2,ozel-yilbasi-koleksiyonu-magazalar-listesi,"",Yılbaşı Koleksiyonu - Mağazalar Listesi,LC Waikiki 2016 Yılbaşı Özel Koleksiyonunun tüm ürünleri lcwaikiki.com da ve seçili mağazalarda sizleri bekliyor. ,95675,0,97979,false,false,0,"2026-02-17 21:40:28.312747",false
3017,[OLD] OZLEM-SUER-LP-2016,1,1,1,"{""componentJson"": [{""id"": 5929, ""displayOrder"": 1}]}","2016-11-29 11:39:00","2030-01-01 00:00:00",1,2,ozel-yilbasi-koleksiyonu-2016,"",Yılbaşı Kıyafetleri - Yılbaşı Elbiseleri - LC Waikiki 2016,Yılbaşı gecesi hem evde hem dışarıda tercih edebileceğiniz modern elbiseler ile yılbaşı şıklığını yakalayın. LC Waikiki yılbaşı özel koleksiyonu lcwaikiki.com da.,95675,0,97980,false,false,0,"2026-02-17 21:40:28.39836",false
3018,[OLD] MARIANO-DI-VAIONUN-FAVORILERI-2016,1,1,1,"{""componentJson"": [{""id"": 5930, ""displayOrder"": 1}]}","2016-10-21 10:18:00","2030-01-01 00:00:00",1,2,mariano-di-vaionun-favorileri-2016,"",LC Waikiki Yeni Sezon Koleksiyonu-Mariano Di Vaionun Seçtikleri,Ünlü blogger Mariano Di Vaionun favori ürünleri lcwaikiki.com da. Sonbahar şıklığını yakalayacağınız yeni sezon koleksiyonunun tüm ürünlerini şimdi keşfedin!,95675,0,97984,false,false,0,"2026-02-17 21:40:28.477701",false
3019,[OLD] ORGANIK BEBEK LP,1,1,1,"{""componentJson"": [{""id"": 5931, ""displayOrder"": 1}]}","2018-07-10 08:33:00","2030-01-01 00:00:00",1,2,organik-pamuklu-bebek-kiyafetleri,"",Organik Pamuklu Bebek Ürünleri - LC Waikiki 2016,"Organik pamuktan üretilen tulum, pantolon, body, t-shirt, şort, önlük gibi birçok sağlıklı ve kaliteli bebek giyim ürününü lcwaikiki.com da bulabilirsiniz.",95675,0,97985,false,false,0,"2026-02-17 21:40:28.559971",false
3020,[OLD] DRAMA LINE 20160824,1,1,1,"{""componentJson"": [{""id"": 5932, ""displayOrder"": 1}]}","2016-08-31 16:45:00","2030-01-01 00:00:00",1,2,Muhafazakar-casual-giyim,"",Sade Şıklık Koleksiyonu - LC Waikiki 2016,"Sezonun en şık tunikleri, uçuş uçuş elbiseleri, piliseli etekleri farklı renk ve desenlerde Sade Şıklık Koleksiyonu için tasarlandı.",95675,0,97994,false,false,0,"2026-02-17 21:40:28.642218",false
3021,[OLD] 21-OYUNCAK,1,1,1,"{""componentJson"": [{""id"": 5067, ""displayOrder"": 1}]}","2021-08-31 16:24:00","2030-01-01 00:00:00",1,2,mezuniyet-kiyafetleri,"",Gençler için Şık Mezuniyet Kıyafetleri,"Mezuniyet Balosunun Yıldızları. Şık detaylı elbiseler, cool ceketler ve daha fazlasını bu koleksiyonda keşfedin, gecenin yıldızı siz olun! Genç Kız Genç Erkek ",95675,0,98001,false,false,0,"2026-02-17 21:40:28.714891",false
3022,[OLD] MARKALAR-LP-WEB,1,1,1,"{""componentJson"": [{""id"": 5933, ""displayOrder"": 1}, {""id"": 5934, ""displayOrder"": 2}, {""id"": 5935, ""displayOrder"": 3}, {""id"": 5936, ""displayOrder"": 4}, {""id"": 5937, ""displayOrder"": 5}, {""id"": 5938, ""displayOrder"": 6}, {""id"": 5939, ""displayOrder"": 7}]}","2024-05-31 07:57:36","2030-01-31 23:30:49",1,2,markalar-h8,"",Markalar,"Yüzlerce marka, binlerce çeşit ürün LCW dünyasında seni bekliyor! Hemen tıkla, avantajlı fiyatlar, kolay ödeme imkanı ve kampanyaları kaçırma!",95675,0,98011,false,false,0,"2026-02-17 21:40:29.112389",false
3023,[OLD] LCW-DREAM-MASALLAR,1,1,1,"{""componentJson"": [{""id"": 5940, ""displayOrder"": 1}]}","2023-05-05 09:38:30","2030-10-31 10:00:00",1,2,lcw-dream-masallar,"",LCW DREAM,deneme,95675,0,98042,false,false,0,"2026-02-17 21:40:29.204605",false
3024,[OLD] MOBILE MARKALAR MOBILE COMPONENT LANDING PAGE ,1,1,1,"{""componentJson"": [{""id"": 5941, ""displayOrder"": 1}, {""id"": 5942, ""displayOrder"": 2}, {""id"": 5943, ""displayOrder"": 3}, {""id"": 5944, ""displayOrder"": 4}, {""id"": 5945, ""displayOrder"": 5}, {""id"": 5946, ""displayOrder"": 6}]}","2024-09-04 11:25:59","2030-03-29 11:38:31",1,2,mobileMarkalarMobileComponent,/lp,"","",95675,0,98381,true,false,0,"2026-02-17 21:40:29.550316",false
3025,[OLD] MAYMUN KARTLARI LP,1,1,1,"{""componentJson"": [{""id"": 5947, ""displayOrder"": 1}]}","2023-04-14 17:37:08","2030-04-14 17:35:35",1,2,maymun-kartlari,/proje,Maymun Kartları Bilgilendirme,Maymun Kartları Bilgilendirme,95675,0,98549,false,false,0,"2026-02-17 21:40:29.63163",false
3026,[OLD] PLAJ-LP,1,1,1,"{""componentJson"": [{""id"": 5948, ""displayOrder"": 1}, {""id"": 5949, ""displayOrder"": 2}, {""id"": 5950, ""displayOrder"": 3}, {""id"": 5951, ""displayOrder"": 4}]}","2024-05-17 09:21:30","2030-05-30 00:00:00",1,2,plaj,/katalog,"Plaj, Kadın - Erkek Plaj Ürünleri","Plaj ürünleri burada! Kadın plaj modası, erkek plaj modası, plaj ürünleri LC Waikiki'de! Hemen keşfet!",95675,0,98769,false,false,0,"2026-02-17 21:40:29.845609",false
3027,[OLD] MAGAZA-INDIRIMI-LP	,1,1,1,"{""componentJson"": [{""id"": 5952, ""displayOrder"": 1}]}","2023-05-18 09:03:30","2033-01-08 00:00:00",1,2,magazaindirimi,"",Mağaza İndirimi ,Mağaza İndirimi ,95675,0,98812,false,false,0,"2026-02-17 21:40:29.927935",false
3028,[OLD] LCW-YENILIKLER-LP,1,1,1,"{""componentJson"": [{""id"": 5953, ""displayOrder"": 1}]}","2023-12-01 15:19:57","2030-11-27 07:00:00",1,2,lcwaikiki-yenilikleri,/proje,"","",95675,0,98906,false,false,0,"2026-02-17 21:40:30.063732",false
3029,[OLD] PANKEK-TARIFI-LP,1,1,1,"{""componentJson"": [{""id"": 5954, ""displayOrder"": 1}, {""id"": 5955, ""displayOrder"": 2}]}","2023-06-15 13:35:10","2030-11-27 07:00:00",1,2,pankek-tarifi,"","Pankek Tarifi, Nasıl Yapılır? (Resimli-Videolu)","Pankek tarifi burada! Kolay pankek tarifi, pancake malzemeleri ve yapımı videolu anlatımlı, sunum ürünleri modelleri uygun fiyatları ile LC Waikiki'de! ",95675,0,99070,false,false,0,"2026-02-17 21:40:30.192853",false
3030,[OLD] PISI-TARIFI-LP,1,1,1,"{""componentJson"": [{""id"": 5956, ""displayOrder"": 1}, {""id"": 5957, ""displayOrder"": 2}]}","2023-06-15 13:35:23","2030-11-27 07:00:00",1,2,pisi-tarifi,"","Pişi Tarifi, Nasıl Yapılır? (Resimli-Videolu)","Pişi tarifi burada! Kolay pişi tarifi, yağ çekmeyen pişi malzemeleri ve yapımı videolu anlatımlı, sunum ürünleri modelleri uygun fiyatları ile LC Waikiki'de! ",95675,0,99071,false,false,0,"2026-02-17 21:40:30.31909",false
3031,[OLD] KREP-TARIFI-LP,1,1,1,"{""componentJson"": [{""id"": 5958, ""displayOrder"": 1}, {""id"": 5959, ""displayOrder"": 2}]}","2023-06-15 13:35:33","2030-11-27 07:00:00",1,2,krep-tarifi,"","Krep Tarifi, Nasıl Yapılır? (Resimli-Videolu)","Krep tarifi burada! Kolay krep tarifi, kahvaltılık krep malzemeleri ve yapımı videolu anlatımlı, sunum ürünleri modelleri uygun fiyatları ile LC Waikiki'de! ",95675,0,99072,false,false,0,"2026-02-17 21:40:30.458739",false
3032,[OLD] LIMONLU-KEK-TARIFI-LP,1,1,1,"{""componentJson"": [{""id"": 5960, ""displayOrder"": 1}, {""id"": 5961, ""displayOrder"": 2}]}","2023-06-15 13:35:44","2030-11-27 07:00:00",1,2,limonlu-kek-tarifi,"","Limonlu Kek Tarifi, Nasıl Yapılır? (Resimli-Videolu)","Limonlu kek tarifi burada! Limonlu kek malzemeleri ve yapımı videolu anlatımlı, sunum ürünleri modelleri uygun fiyatları ile LC Waikiki'de! ",95675,0,99073,false,false,0,"2026-02-17 21:40:30.589099",false
3033,[OLD] KUMAS-REHBERI,1,1,1,"{""componentJson"": [{""id"": 5962, ""displayOrder"": 1}]}","2024-02-26 15:43:19","2070-01-12 00:00:00",1,2,kumas-rehberi,/proje,"","",95675,0,99210,false,false,0,"2026-02-17 21:40:30.707262",false
3034,[OLD] PELIN-AKIL-LANSMAN-2022,1,1,1,"{""componentJson"": [{""id"": 5963, ""displayOrder"": 1}]}","2023-07-27 09:10:23","2030-02-01 07:00:00",1,2,pelin-akil-linalin-2022,"",linalin by Pelin Akil x LC WAİKİKİ KOLEKSİYONU ,linalin by Pelin Akil x LC WAİKİKİ KOLEKSİYONU ,95675,0,99381,false,false,0,"2026-02-17 21:40:30.790347",false
3035,[OLD] BTC-LP,1,1,1,"{""componentJson"": [{""id"": 5964, ""displayOrder"": 1}, {""id"": 5965, ""displayOrder"": 2}]}","2024-08-22 11:00:29","2030-01-01 00:00:00",1,2,koleje-donus,/katalog,Koleje Dönüş,"Koleje dönüş burada! Kolej modası, kolej tarzını yansıtmak isteyeceğiniz giyim, ayakkabı ve aksesuarlar LC Waikiki'de! Hemen keşfet!",95675,0,99608,false,false,0,"2026-02-17 21:40:30.933726",false
3036,[OLD] BELLA-MAISON-LP	,1,1,1,"{""componentJson"": [{""id"": 5966, ""displayOrder"": 1}, {""id"": 5967, ""displayOrder"": 2}, {""id"": 5968, ""displayOrder"": 3}]}","2024-04-16 16:18:38","2030-11-22 07:00:00",1,2,marka-bella-maison-koleksiyonlar,/katalog,Bella Maison Koleksiyonları,Bella Maison Koleksiyonları burada! Evini birbirinden şık ve benzersiz Bella Maison ürünleri ile tasarla! Koleksiyonları keşfetmek için hemen tıkla!,95675,0,99627,false,false,0,"2026-02-17 21:40:31.107426",false
3037,[OLD] BTW-LP,1,1,1,"{""componentJson"": [{""id"": 5969, ""displayOrder"": 1}, {""id"": 5970, ""displayOrder"": 2}]}","2024-08-19 12:20:20","2030-11-27 07:00:00",1,2,ofis-stili,/katalog,"Ofis Şıklığı, 2023 Ofis Stilleri","Ofis kıyafetleri burada! Ofis stilinizi tamamlayacağınız ofis giyim, aksesuar ve ayakkabı modelleri kadın ve erkek iş kıyafetleri 2023’te LC Waikiki’de!",95675,0,99751,false,false,0,"2026-02-17 21:40:31.241769",false
3038,[OLD] KUMAS-REHBERI-DENEME,1,1,1,"{""componentJson"": [{""id"": 5971, ""displayOrder"": 1}]}","2023-09-05 14:37:41","2027-01-01 00:00:00",1,2,kumas-rehberi-deneme,"",kumas-rehberi-deneme,kumas-rehberi-deneme,95675,0,99780,false,false,0,"2026-02-17 21:40:31.354875",false
3039,[OLD] KUMAS-REHBERI-1,1,1,1,"{""componentJson"": [{""id"": 5972, ""displayOrder"": 1}]}","2024-05-14 10:44:25","2070-01-12 00:00:00",1,2,kumas-rehberi-1,/proje,LC Waikiki Kumaş Rehberi,LC Waikiki Kumaş Rehberi ile incelediğin ürünler hakkında daha fazla bilgi sahibi ol! Satın almak istediğin ürünlerin kumaş yapısını öğren! Hemen keşfet!,95675,0,100207,false,false,0,"2026-02-17 21:40:31.468317",false
3040,[OLD] 361-DERECE-AYAKKABI-LP	,1,1,1,"{""componentJson"": [{""id"": 5973, ""displayOrder"": 1}]}","2023-10-20 11:13:49","2027-01-01 00:00:00",1,2,lcw-361-derece-marka-ayakkabilar,/katalog,"361 Derece Ayakkabı","361 Derece Ayakkabılar Türkiye’de İlk Kez Lcwaikiki’de! yazabiliriz.",95675,0,100256,false,false,0,"2026-02-17 21:40:31.549531",false
3041,[OLD] MAGAZACILIK CARK LP	,1,1,1,"{""componentJson"": [{""id"": 5974, ""displayOrder"": 1}, {""id"": 5975, ""displayOrder"": 2}, {""id"": 5976, ""displayOrder"": 3}]}","2024-05-14 23:46:21","2030-11-27 07:00:00",1,2,magazada-gecerli-indirim-kuponu,/proje,"","",95675,0,100867,false,false,0,"2026-02-17 21:40:31.719761",false
3042,[OLD] SU-GECIRMEZ-LCW-OUTDOOR-AYAKKABI-LP,1,1,1,"{""componentJson"": [{""id"": 5977, ""displayOrder"": 1}]}","2024-01-23 14:45:33","2030-01-01 00:00:00",1,2,lcw-outdoor-ayakkabi,/lp,"","",95675,0,100902,false,false,0,"2026-02-17 21:40:31.802197",false
3043,[OLD] DANIS-LP	,1,1,1,"{""componentJson"": [{""id"": 5978, ""displayOrder"": 1}]}","2024-02-20 15:24:56","2030-01-01 00:00:00",1,2,lcw-danis-projesi,/proje,"","",95675,0,101432,false,false,0,"2026-02-17 21:40:31.884635",false
3044,[OLD] ECROU-LP,1,1,1,"{""componentJson"": [{""id"": 5979, ""displayOrder"": 1}]}","2024-02-02 11:22:54","2030-01-01 00:00:00",1,2,marka-ecrou-koleksiyonlar,/katalog,"","",95675,0,101597,false,false,0,"2026-02-17 21:40:31.966409",false
3045,[OLD] RAMAZAN-TARIF-1-MARMARA-BALLI-MAHMUDIYE-LP,1,1,1,"{""componentJson"": [{""id"": 5980, ""displayOrder"": 1}]}","2024-03-15 23:14:04","2030-01-01 00:00:00",1,2,marmara-balli-mahmudiye-tarifi,/proje,"","",95675,0,102408,false,false,0,"2026-02-17 21:40:32.048536",false
3046,[OLD] NEWBORN-JOURNEY-LP-9-PISIK-VE-GAZ-REHBERI-BBR,1,1,1,"{""componentJson"": [{""id"": 5981, ""displayOrder"": 1}]}","2024-05-21 14:06:09","2030-01-01 00:00:00",1,2,pisik-ve-gaz-rehberi-bbr,"","","",95675,0,103136,false,false,0,"2026-02-17 21:40:32.131651",false
3047,[OLD] EBEBEK-LP,1,1,1,"{""componentJson"": [{""id"": 5982, ""displayOrder"": 1}, {""id"": 5983, ""displayOrder"": 2}]}","2024-05-24 10:03:33","2028-05-08 09:11:00",1,2,marka-ebebek-koleksiyonu,/katalog,"","",95675,0,103434,false,false,0,"2026-02-17 21:40:32.293853",false
3048,[OLD] ODEME-LP,1,1,1,"{""componentJson"": [{""id"": 5984, ""displayOrder"": 1}]}","2024-06-14 10:17:43","2033-06-15 04:01:00",1,2,odeme,"","","",95675,0,103996,true,false,0,"2026-02-17 21:40:32.37717",false
3049,[OLD] LCWAIKIKICOM,1,1,1,"{""componentJson"": [{""id"": 5985, ""displayOrder"": 1}]}","2024-07-11 12:10:06","2049-12-31 21:00:00",1,2,lcwaikikicom,/lp,Lcwaikiki Landingpage,Lcwaikiki Landingpage,95675,0,104231,false,false,0,"2026-02-17 21:40:32.460287",false
3050,[OLD] WEB-MARKALAR-INDIRIM-GUNLERI-LP,1,1,1,"{""componentJson"": [{""id"": 5986, ""displayOrder"": 1}, {""id"": 5987, ""displayOrder"": 2}, {""id"": 5988, ""displayOrder"": 3}, {""id"": 5989, ""displayOrder"": 4}, {""id"": 5990, ""displayOrder"": 5}, {""id"": 5991, ""displayOrder"": 6}]}","2025-09-30 08:15:30","2029-12-31 21:00:00",1,2,markalar-indirim-festivali,"","","",95675,0,104232,false,false,0,"2026-02-17 21:40:32.788482",false
3051,[OLD] APP-MARKALAR-INDIRIM-GUNLERI-NT,1,1,1,"{""componentJson"": [{""id"": 5992, ""displayOrder"": 1}, {""id"": 5993, ""displayOrder"": 2}, {""id"": 5994, ""displayOrder"": 3}, {""id"": 5995, ""displayOrder"": 4}, {""id"": 5771, ""displayOrder"": 5}]}","2025-09-30 08:15:58","2029-12-31 21:00:00",1,2,markalar-indirim-festivali-nt,"","","",95675,0,104233,true,false,0,"2026-02-17 21:40:33.077978",false
3052,[OLD] APP-BTC-LP,1,1,1,"{""componentJson"": [{""id"": 5996, ""displayOrder"": 1}, {""id"": 5997, ""displayOrder"": 2}, {""id"": 5998, ""displayOrder"": 3}, {""id"": 5999, ""displayOrder"": 4}, {""id"": 6000, ""displayOrder"": 5}, {""id"": 6001, ""displayOrder"": 6}]}","2024-08-22 11:01:39","2030-01-01 00:00:00",1,2,koleje-donus-nt,/katalog,Koleje Dönüş,"Koleje dönüş burada! Kolej modası, kolej tarzını yansıtmak isteyeceğiniz giyim, ayakkabı ve aksesuarlar LC Waikiki'de! Hemen keşfet!",95675,0,104546,true,false,0,"2026-02-17 21:40:33.422654",false
3053,[OLD] APP-BTW-LP,1,1,1,"{""componentJson"": [{""id"": 6002, ""displayOrder"": 1}, {""id"": 6003, ""displayOrder"": 2}, {""id"": 6004, ""displayOrder"": 3}, {""id"": 6005, ""displayOrder"": 4}, {""id"": 6006, ""displayOrder"": 5}, {""id"": 6007, ""displayOrder"": 6}, {""id"": 6008, ""displayOrder"": 7}, {""id"": 6009, ""displayOrder"": 8}, {""id"": 6010, ""displayOrder"": 9}]}","2024-10-14 12:56:30","2030-11-27 07:00:00",1,2,ofis-stili-nt,/katalog,"Ofis Şıklığı, 2023 Ofis Stilleri","Ofis kıyafetleri burada! Ofis stilinizi tamamlayacağınız ofis giyim, aksesuar ve ayakkabı modelleri kadın ve erkek iş kıyafetleri 2023’te LC Waikiki’de!",95675,0,104585,true,false,0,"2026-02-17 21:40:33.913956",false
3054,[OLD] BEBEK-BASIC-LP,1,1,1,"{""componentJson"": [{""id"": 6011, ""displayOrder"": 1}]}","2024-09-17 19:15:15","2030-12-13 16:28:00",1,2,mobil-basic-urunler,"","","",95675,0,104774,false,false,0,"2026-02-17 21:40:33.999595",false
3055,[OLD] WEB-MODEST-LP,1,1,1,"{""componentJson"": [{""id"": 6012, ""displayOrder"": 1}, {""id"": 6013, ""displayOrder"": 2}, {""id"": 6014, ""displayOrder"": 3}, {""id"": 6015, ""displayOrder"": 4}, {""id"": 6016, ""displayOrder"": 5}]}","2024-09-27 12:57:07","2029-12-31 21:00:00",1,2,modest-koleksiyonu,/katalog,"","",95675,0,104794,false,false,0,"2026-02-17 21:40:34.277862",false
3056,[OLD] APP-MODEST-LP,1,1,1,"{""componentJson"": [{""id"": 6017, ""displayOrder"": 1}, {""id"": 6018, ""displayOrder"": 2}, {""id"": 6019, ""displayOrder"": 3}, {""id"": 6020, ""displayOrder"": 4}, {""id"": 6021, ""displayOrder"": 5}, {""id"": 6022, ""displayOrder"": 6}, {""id"": 6023, ""displayOrder"": 7}]}","2025-07-28 08:17:17","2029-12-31 21:00:00",1,2,modest-koleksiyonu-nt,/katalog,"","",95675,0,104795,true,false,0,"2026-02-17 21:40:34.64179",false
3057,[OLD] MEME-KANSERI-FARKINDALIK-AYI-LP,1,1,1,"{""componentJson"": [{""id"": 6024, ""displayOrder"": 1}]}","2024-11-11 08:02:15","2029-12-31 21:00:00",1,2,meme-kanseri-farkindalik-ayi-ekim,/katalog,"","",95675,0,104906,false,false,0,"2026-02-17 21:40:34.723308",false
3058,[OLD] KIDOKIT-LP 1MINIK ELLERLE ILK SU MACERASI,1,1,1,"{""componentJson"": [{""id"": 6025, ""displayOrder"": 1}]}","2024-10-22 21:16:52","2029-12-31 21:00:00",1,2,minik-ellerle-ilk-su-macerasi-cgr,/katalog,"","",95675,0,105118,false,false,0,"2026-02-17 21:40:34.808083",false
3059,[OLD] KIDOKIT-LP-4-MONET-VE-BEN-KUCUK-SANATCILAR,1,1,1,"{""componentJson"": [{""id"": 6026, ""displayOrder"": 1}]}","2024-10-23 07:23:13","2029-12-31 21:00:00",1,2,monet-ve-ben-kucuk-sanatcilar-cgr,/katalog,"","",95675,0,105121,false,false,0,"2026-02-17 21:40:34.895728",false
3061,[OLD] KIDOKIT-LP 6 KRESE HAZIRLIK ABAKUS EGLENCESI,1,1,1,"{""componentJson"": [{""id"": 6028, ""displayOrder"": 1}]}","2024-10-23 11:33:17","2029-12-31 21:00:00",1,2,krese-hazirlik-abakus-eglencesi-cgr,/katalog,"","",95675,0,105123,false,false,0,"2026-02-17 21:40:35.067088",false
3062,[OLD] KIDOKIT-LP 10 KOPUKLERLE EGLENEN ATLAR,1,1,1,"{""componentJson"": [{""id"": 6029, ""displayOrder"": 1}]}","2024-10-23 11:36:37","2029-12-31 21:00:00",1,2,kopuklerle-eglenen-atlar-cgr,/katalog,"","",95675,0,105127,false,false,0,"2026-02-17 21:40:35.150131",false
3063,[OLD] KIDOKIT-LP 11 NESELI RENK KARISIMLARI,1,1,1,"{""componentJson"": [{""id"": 6030, ""displayOrder"": 1}]}","2024-10-23 11:44:14","2029-12-31 21:00:00",1,2,neseli-renk-karisimlari-cgr,/katalog,"","",95675,0,105128,false,false,0,"2026-02-17 21:40:35.23349",false
3064,[OLD] KIDOKIT-LP 12 KRESE HAZIRLIK BEBEKLERE RENKLI KALEMLER,1,1,1,"{""componentJson"": [{""id"": 6031, ""displayOrder"": 1}]}","2024-10-23 11:47:32","2029-12-31 21:00:00",1,2,krese-hazirlik-bebeklere-renkli-kalemler-cgr,/katalog,"","",95675,0,105129,false,false,0,"2026-02-17 21:40:35.317952",false
3065,[OLD] KIDOKIT-LP 13 KRESE HAZIRLIK MAKARNA MATEMATIGI,1,1,1,"{""componentJson"": [{""id"": 6032, ""displayOrder"": 1}]}","2024-10-23 11:50:06","2029-12-31 21:00:00",1,2,krese-hazirlik-makarna-matematigi-cgr,/katalog,"","",95675,0,105130,false,false,0,"2026-02-17 21:40:35.420354",false
3066,[OLD] KIDOKIT-LP-26 COCUK GELISIMCI ESMA CAGATAY - OKULA UYUM SURECI,1,1,1,"{""componentJson"": [{""id"": 6033, ""displayOrder"": 1}]}","2024-11-12 11:44:41","2029-12-31 21:00:00",1,2,okula-uyum-sureci-cgr,/katalog,"","",95675,0,105143,false,false,0,"2026-02-17 21:40:35.510608",false
3067,[OLD] KIDOKIT-LP-27 FUNDA GUNGOR AKPINAR & BURCU ERDEM CAKAR - MONTESSORI FELSEFESI,1,1,1,"{""componentJson"": [{""id"": 6034, ""displayOrder"": 1}]}","2024-11-12 11:47:33","2029-12-31 21:00:00",1,2,montessori-felsefesi-cgr,/katalog,"","",95675,0,105144,false,false,0,"2026-02-17 21:40:35.601148",false
3068,[OLD] KIDOKIT-LP-30 DR.SULE OZTURK KURTOGLU - MEVSIM GECISLERINDE DIKKAT EDILMESI GEREKENLER,1,1,1,"{""componentJson"": [{""id"": 6035, ""displayOrder"": 1}]}","2024-11-12 11:54:18","2029-12-31 21:00:00",1,2,mevsim-gecislerinde-dikkat-edilmesi-gerekenler-cgr,/katalog,"","",95675,0,105147,false,false,0,"2026-02-17 21:40:35.688501",false
3069,[OLD] WEB-MARKALAR-FESTIVALI-LP,1,1,1,"{""componentJson"": [{""id"": 6036, ""displayOrder"": 1}, {""id"": 6037, ""displayOrder"": 2}, {""id"": 6038, ""displayOrder"": 3}, {""id"": 6039, ""displayOrder"": 4}, {""id"": 6040, ""displayOrder"": 5}, {""id"": 6041, ""displayOrder"": 6}, {""id"": 6042, ""displayOrder"": 7}, {""id"": 6043, ""displayOrder"": 8}, {""id"": 6044, ""displayOrder"": 9}, {""id"": 6045, ""displayOrder"": 10}, {""id"": 6046, ""displayOrder"": 11}]}","2025-09-04 07:44:00","2029-12-31 21:00:00",1,2,markalar-festivali,"","","",95675,0,105751,false,false,0,"2026-02-17 21:40:36.236864",false
3070,[OLD] APP-MARKALAR-FESTIVALI-LP	,1,1,1,"{""componentJson"": [{""id"": 6047, ""displayOrder"": 1}, {""id"": 6048, ""displayOrder"": 2}, {""id"": 6049, ""displayOrder"": 3}, {""id"": 6050, ""displayOrder"": 4}, {""id"": 6051, ""displayOrder"": 5}, {""id"": 6052, ""displayOrder"": 6}]}","2025-09-04 07:43:51","2029-12-31 21:00:00",1,2,markalar-festivali-nt,"","","",95675,0,105752,true,false,0,"2026-02-17 21:40:36.545005",false
3071,[OLD] WEB-JUNE-LP,1,1,1,"{""componentJson"": [{""id"": 6053, ""displayOrder"": 1}]}","2024-12-25 10:29:28","2029-12-31 21:00:00",1,2,marka-june-koleksiyonlar,/katalog,"","",95675,0,105920,false,false,0,"2026-02-17 21:40:36.637472",false
3072,[OLD] APP-JUNE-LP,1,1,1,"{""componentJson"": [{""id"": 6054, ""displayOrder"": 1}, {""id"": 6055, ""displayOrder"": 2}, {""id"": 6056, ""displayOrder"": 3}, {""id"": 6057, ""displayOrder"": 4}, {""id"": 6058, ""displayOrder"": 5}, {""id"": 6059, ""displayOrder"": 6}, {""id"": 6060, ""displayOrder"": 7}, {""id"": 6061, ""displayOrder"": 8}, {""id"": 6062, ""displayOrder"": 9}]}","2024-12-25 12:59:16","2029-12-31 21:00:00",1,2,marka-june-koleksiyonlar-nt,/katalog,"","",95675,0,105921,true,false,0,"2026-02-17 21:40:37.114857",false
3073,[OLD] MARKA-YORUM-YAP-KAZAN-LP,1,1,1,"{""componentJson"": [{""id"": 6063, ""displayOrder"": 1}]}","2025-02-21 08:47:10","2030-11-27 04:00:00",1,2,marka-yoruma-ozel-indirim-kampanyasi,"","","",95675,0,106558,false,false,0,"2026-02-17 21:40:37.207646",false
3074,[OLD] MODEST-LIMITED-EDITION-LP,1,1,1,"{""componentJson"": [{""id"": 6064, ""displayOrder"": 1}]}","2025-03-21 10:02:49","2029-12-31 21:00:00",1,2,modest-limited-ozel-koleksiyonu,/katalog,"","",95675,0,106991,false,false,0,"2026-02-17 21:40:37.290812",false
3075,[OLD] MODEST-LIMITED-EDITION-LP-NT,1,1,1,"{""componentJson"": [{""id"": 6065, ""displayOrder"": 1}, {""id"": 6066, ""displayOrder"": 2}, {""id"": 6067, ""displayOrder"": 3}, {""id"": 6068, ""displayOrder"": 4}, {""id"": 6069, ""displayOrder"": 5}, {""id"": 6070, ""displayOrder"": 6}]}","2025-03-21 10:02:49","2029-12-31 21:00:00",1,2,modest-limited-ozel-koleksiyonu-nt,/katalog,"","",95675,0,106992,true,false,0,"2026-02-17 21:40:37.596078",false
3076,[OLD] WEB-MARKALAR-ENGLISH-HOME-LP,1,1,1,"{""componentJson"": [{""id"": 6071, ""displayOrder"": 1}, {""id"": 6072, ""displayOrder"": 2}, {""id"": 6073, ""displayOrder"": 3}, {""id"": 6074, ""displayOrder"": 4}]}","2025-05-13 10:52:36","2096-12-31 21:00:00",1,2,marka-english-home-koleksiyonlar,/katalog,"","",95675,0,107533,false,false,0,"2026-02-17 21:40:37.814245",false
3077,[OLD] APP-MARKALAR-ENGLISH-HOME-LP,1,1,1,"{""componentJson"": [{""id"": 6075, ""displayOrder"": 1}, {""id"": 6076, ""displayOrder"": 2}, {""id"": 6077, ""displayOrder"": 3}, {""id"": 6078, ""displayOrder"": 4}]}","2025-05-13 10:52:45","2096-12-31 21:00:00",1,2,marka-english-home-koleksiyonlar-nt,/katalog,"","",95675,0,107534,true,false,0,"2026-02-17 21:40:38.079887",false
3078,[OLD] PLAJ-LP-2025,1,1,1,"{""componentJson"": [{""id"": 6079, ""displayOrder"": 1}, {""id"": 6080, ""displayOrder"": 2}, {""id"": 6081, ""displayOrder"": 3}, {""id"": 6082, ""displayOrder"": 4}]}","2025-06-20 16:13:50","2030-05-30 00:00:00",1,2,plaj,/katalog,"Plaj, Kadın - Erkek Plaj Ürünleri","Plaj ürünleri burada! Kadın plaj modası, erkek plaj modası, plaj ürünleri LC Waikiki'de! Hemen keşfet!",95675,0,107800,false,false,0,"2026-02-17 21:40:38.33028",false
3105,[OLD] YENI DOGAN KOLEKSIYONU 2017 - TR,1,1,1,"{""componentJson"": [{""id"": 6162, ""displayOrder"": 1}]}","2017-05-09 13:15:00","2030-01-01 00:00:00",1,2,yenidogan-bebek-kiyafetleri,"","Yenidoğan Kız - Erkek Bebek Takımları, Yelek Modelleri ve Fiyatları","Ailemize yeni dahil olan miniklerimizin rahatını düşünen yenidoğan kız - erkek bebek takımları, yelek modelleri ve bebek giyim ürünleri sizleri bekliyor.",95675,0,97962,false,false,0,"2026-02-17 21:40:45.236482",false
3079,[OLD] WEB-MODEST-LP-2025,1,1,1,"{""componentJson"": [{""id"": 6083, ""displayOrder"": 1}, {""id"": 6084, ""displayOrder"": 2}, {""id"": 6085, ""displayOrder"": 3}, {""id"": 6086, ""displayOrder"": 4}, {""id"": 6087, ""displayOrder"": 5}, {""id"": 6088, ""displayOrder"": 6}, {""id"": 6089, ""displayOrder"": 7}, {""id"": 6090, ""displayOrder"": 8}, {""id"": 6091, ""displayOrder"": 9}]}","2026-02-10 09:42:46.025678","2029-12-31 21:00:00",1,2,modest-koleksiyonu,/katalog,"","",95675,0,108072,false,false,0,"2026-02-17 21:40:38.76794",false
3080,[OLD] APP-MODEST-LP-2025,1,1,1,"{""componentJson"": [{""id"": 6092, ""displayOrder"": 1}, {""id"": 6093, ""displayOrder"": 2}, {""id"": 6094, ""displayOrder"": 3}, {""id"": 6095, ""displayOrder"": 4}, {""id"": 6096, ""displayOrder"": 5}, {""id"": 6097, ""displayOrder"": 6}, {""id"": 6098, ""displayOrder"": 7}, {""id"": 6099, ""displayOrder"": 8}]}","2026-02-10 09:42:32.882582","2029-12-31 21:00:00",1,2,modest-koleksiyonu-nt,/katalog,"","",95675,0,108073,true,true,0,"2026-02-17 21:40:39.17013",false
3081,[OLD] BTS-2025,1,1,1,"{""componentJson"": [{""id"": 6100, ""displayOrder"": 1}]}","2025-08-11 10:27:40","2030-01-01 00:00:00",1,2,okula-donus,/katalog,Okula Dönüş,Okula Dönüş LC Waikiki,95675,0,108557,false,false,0,"2026-02-17 21:40:39.265094",false
3082,[OLD] APP-BTS-2025,1,1,1,"{""componentJson"": [{""id"": 6101, ""displayOrder"": 1}, {""id"": 6102, ""displayOrder"": 2}, {""id"": 6103, ""displayOrder"": 3}, {""id"": 6104, ""displayOrder"": 4}, {""id"": 6105, ""displayOrder"": 5}, {""id"": 6106, ""displayOrder"": 6}, {""id"": 6107, ""displayOrder"": 7}]}","2025-08-11 10:29:11","2030-01-01 00:00:00",1,2,okula-donus-nt,/katalog,Okula Dönüş,Okula Dönüş LC Waikiki,95675,0,108558,true,false,0,"2026-02-17 21:40:39.628768",false
3083,[OLD] BTC-LP-2025,1,1,1,"{""componentJson"": [{""id"": 6108, ""displayOrder"": 1}]}","2025-09-04 07:47:50","2030-01-01 00:00:00",1,2,koleje-donus,/katalog,Koleje Dönüş,"Koleje dönüş burada! Kolej modası, kolej tarzını yansıtmak isteyeceğiniz giyim, ayakkabı ve aksesuarlar LC Waikiki'de! Hemen keşfet!",95675,0,108575,false,false,0,"2026-02-17 21:40:39.715987",false
3084,[OLD] APP-BTC-LP-2025,1,1,1,"{""componentJson"": [{""id"": 6109, ""displayOrder"": 1}]}","2025-08-15 16:13:22","2030-01-01 00:00:00",1,2,koleje-donus-nt,/katalog,Koleje Dönüş,"Koleje dönüş burada! Kolej modası, kolej tarzını yansıtmak isteyeceğiniz giyim, ayakkabı ve aksesuarlar LC Waikiki'de! Hemen keşfet!",95675,0,108576,true,false,0,"2026-02-17 21:40:39.801621",false
3085,[OLD] KUBRA-AZURE-GECIS-TEST TEMPLATE NAME,1,1,1,"{""componentJson"": [{""id"": 6110, ""displayOrder"": 1}, {""id"": 6111, ""displayOrder"": 2}]}","2025-08-04 01:26:48","2030-01-01 13:00:00",1,2,kubra-azure-gecis-test,/katalog,kubra-azure-gecis-test Meta title,kubra-azure-gecis-test Meta Desc.,95675,0,108610,false,true,0,"2026-02-17 21:40:39.955135",false
3086,[OLD] APP-MARKALAR-OKUL-ALISVERISI-NT,1,1,1,"{""componentJson"": [{""id"": 6112, ""displayOrder"": 1}, {""id"": 6113, ""displayOrder"": 2}, {""id"": 6114, ""displayOrder"": 3}]}","2025-08-13 11:03:59","2052-12-31 21:00:00",1,2,markalar-okul-alisverisi-nt,"","","",95675,0,108661,true,true,0,"2026-02-17 21:40:40.135141",false
3087,[OLD] WEB-MARKALAR-OKUL-ALISVERISI-NT,1,1,1,"{""componentJson"": [{""id"": 6115, ""displayOrder"": 1}, {""id"": 6116, ""displayOrder"": 2}, {""id"": 6117, ""displayOrder"": 3}]}","2025-08-13 11:03:51","2069-12-31 21:00:00",1,2,markalar-okul-alisverisi,"","","",95675,0,108662,false,true,0,"2026-02-17 21:40:40.31396",false
3088,[OLD] WEB-MARKALAR-EVTEKSTILI-FIRSATLARI,1,1,1,"{""componentJson"": [{""id"": 6118, ""displayOrder"": 1}, {""id"": 6119, ""displayOrder"": 2}, {""id"": 6120, ""displayOrder"": 3}, {""id"": 6121, ""displayOrder"": 4}, {""id"": 6122, ""displayOrder"": 5}, {""id"": 6123, ""displayOrder"": 6}, {""id"": 6124, ""displayOrder"": 7}]}","2025-11-25 12:19:45.032752","2092-12-31 21:00:00",1,2,markalar-evtekstili-firsatlari,"","","",95675,0,109639,false,false,0,"2026-02-17 21:40:40.695016",false
3089,[OLD] APP-MARKALAR-EVTEKSTILI-FIRSATLARI	,1,1,1,"{""componentJson"": [{""id"": 6125, ""displayOrder"": 1}, {""id"": 6126, ""displayOrder"": 2}, {""id"": 6127, ""displayOrder"": 3}, {""id"": 6128, ""displayOrder"": 4}, {""id"": 6129, ""displayOrder"": 5}, {""id"": 6130, ""displayOrder"": 6}, {""id"": 6131, ""displayOrder"": 7}, {""id"": 6132, ""displayOrder"": 8}, {""id"": 6133, ""displayOrder"": 9}, {""id"": 6134, ""displayOrder"": 10}, {""id"": 6135, ""displayOrder"": 11}, {""id"": 6136, ""displayOrder"": 12}]}","2025-10-08 06:17:42","2064-12-31 21:00:00",1,2,markalar-evtekstili-firsatlari-nt,"","",Ev Tekstil,95675,0,109640,true,false,0,"2026-02-17 21:40:41.325795",false
3090,[OLD] LCW-KADIN-LIMITLESS-KOLEKSIYONU,1,1,1,"{""componentJson"": [{""id"": 6137, ""displayOrder"": 1}]}","2026-01-24 21:42:47.925695","2030-11-27 04:00:00",1,2,limitless-kadin,/katalog,"","",0,0,122684,false,false,0,"2026-02-17 21:40:41.424372",false
3091,[OLD] LCW-KADIN-LIMITLESS-KOLEKSIYONU-NT,1,1,1,"{""componentJson"": [{""id"": 6138, ""displayOrder"": 1}]}","2026-01-22 09:15:41","2030-11-27 04:00:00",1,2,limitless-kadin-nt,/katalog,"","",0,0,122685,true,false,0,"2026-02-17 21:40:41.511978",false
3092,[OLD] LCW-ERKEK-LIMITLESS-KOLEKSIYONU,1,1,1,"{""componentJson"": [{""id"": 6139, ""displayOrder"": 1}]}","2026-01-24 21:17:45","2030-11-27 04:00:00",1,2,limitless-erkek,/katalog,"","",0,0,122686,false,false,0,"2026-02-17 21:40:41.595735",false
3093,[OLD] LCW-ERKEK-LIMITLESS-KOLEKSIYONU-NT,1,1,1,"{""componentJson"": [{""id"": 6140, ""displayOrder"": 1}]}","2026-01-22 08:49:12","2030-11-27 04:00:00",1,2,limitless-erkek-nt,/katalog,"","",0,0,122687,true,false,0,"2026-02-17 21:40:41.677646",false
3106,[OLD] 20161019-COLORS-LINE,1,1,1,"{""componentJson"": [{""id"": 6163, ""displayOrder"": 1}]}","2016-10-25 16:35:00","2030-01-01 00:00:00",1,2,sonbahar-erkek-cocuk-renkli-giyim-2016,"",Erkek Çocuk Giyim Ürünleri - LC Waikiki 2016,"Sonbaharda erkek çocukları için rengarenk mont, pantolon, tişört, bere, eldiven, atkı, çanta ve ayakkabı ürünleri lcwaikiki.com da.",95675,0,97983,false,false,0,"2026-02-17 21:40:45.323268",false
3107,[OLD] SEVGILILER-GUNU-2,1,1,1,"{""componentJson"": [{""id"": 6164, ""displayOrder"": 1}, {""id"": 6165, ""displayOrder"": 2}, {""id"": 6166, ""displayOrder"": 3}, {""id"": 6167, ""displayOrder"": 4}, {""id"": 6168, ""displayOrder"": 5}]}","2024-01-22 12:23:25","2030-02-02 13:01:41",1,2,sevgililer-gunu-hediyesi,/katalog,"","",95675,0,98034,false,false,0,"2026-02-17 21:40:45.552335",false
3108,[OLD] TAYT REHBERI,1,1,1,"{""componentJson"": [{""id"": 6169, ""displayOrder"": 1}]}","2023-03-09 13:11:49","2030-03-06 21:29:06",1,2,spor-tayt-rehberi,/katalog,Spor Tayt Rehberi,Spor tayt rehberi burada! Spor aktivitenize ve bedeninize en uygun tayt seçimi tayt rehberi ile LC Waikiki'de artık daha kolay! Hemen keşfet!,95675,0,98207,false,false,0,"2026-02-17 21:40:45.625793",false
3109,[OLD] TAYT REHBERI MOBIL,1,1,1,"{""componentJson"": [{""id"": 6170, ""displayOrder"": 1}]}","2023-03-14 18:30:34","2030-03-14 18:29:29",1,2,spor-tayt-rehberi?isMobile=1,"",Spor Tayt Rehberi,Spor tayt rehberi burada! Spor aktivitenize ve bedeninize en uygun tayt seçimi tayt rehberi ile LC Waikiki'de artık daha kolay! Hemen keşfet!,95675,0,98275,true,false,0,"2026-02-17 21:40:45.69858",false
3110,[OLD] TEST-DENEME,1,1,1,"{""componentJson"": [{""id"": 5671, ""displayOrder"": 1}, {""id"": 5673, ""displayOrder"": 2}, {""id"": 5675, ""displayOrder"": 3}, {""id"": 6171, ""displayOrder"": 4}, {""id"": 6172, ""displayOrder"": 5}, {""id"": 6173, ""displayOrder"": 6}]}","2024-11-26 22:30:44","2030-01-01 00:00:00",1,2,test-deneme-1,/katalog,"","",95675,0,98297,false,false,0,"2026-02-17 21:40:46.000076",false
3111,[OLD] SURDURULEBILIRLIK ,1,1,1,"{""componentJson"": [{""id"": 6174, ""displayOrder"": 1}]}","2023-10-31 10:23:32","2030-03-17 15:52:46",1,2,surdurulebilirlik-projeleri,/proje,"Sürdürülebilirlik, Karbon Ayak İzi Azaltma Projesi",Sürdürülebilirlik projeleri ile alışverişlerinizde karbon ayak izinizi nötrlerken BM sürdürülebilir kalkınma amaçları ile yaşamı ve doğayı korumaya destek veriyoruz.,95675,0,98298,false,false,0,"2026-02-17 21:40:46.073403",false
3115,[OLD] FRENCHTOST LP,1,1,1,"{""componentJson"": [{""id"": 6187, ""displayOrder"": 1}, {""id"": 6188, ""displayOrder"": 2}]}","2023-06-08 16:55:58","2030-04-24 15:56:03",1,2,yumurtalı-ekmek-tarifi,"",Yumurtalı Ekmek Tarifi,Yumurtalı Ekmek Tarifi FRENCHTOST ,95675,0,98611,false,false,0,"2026-02-17 21:40:46.791675",false
3116,[OLD] SICAK YAZ LP,1,1,1,"{""componentJson"": [{""id"": 6189, ""displayOrder"": 1}, {""id"": 6190, ""displayOrder"": 2}, {""id"": 6191, ""displayOrder"": 3}]}","2024-05-28 07:48:05","2033-01-01 00:00:00",1,2,yazlik-kiyafetler-urunler,/katalog,"Yazlık Kıyafetler, Yaz Kıyafetleri, Yaz Ürünleri","Yazlık kıyafetler burada! Yaz trendleri, yaz modası, tatil kıyafetleri, en güzel yazlık kıyafet modelleri 2023'te uygun fiyatları ile LC Waikiki'de! Hemen keşfet!",95675,0,98752,false,false,0,"2026-02-17 21:40:46.958776",false
3117,[OLD]  TARIFLER LP,1,1,1,"{""componentJson"": [{""id"": 6192, ""displayOrder"": 1}]}","2023-06-15 13:25:22","2030-01-01 00:00:00",1,2,yemek-tarifleri,"","Yemek Tarifleri, Kolay ve Pratik Yemek Tarifleri","Yemek tarifleri sayfamızdan menülerinize yapımı kolay, pratik ve nefis yemekler eklerken LCW Home sofra ürünleri ile sunumlarınızı tamamlayabilirsiniz! Hemen keşfet!",95675,0,98791,false,false,0,"2026-02-17 21:40:47.03044",false
3118,[OLD] COCUK-SIK-LP	,1,1,1,"{""componentJson"": [{""id"": 6193, ""displayOrder"": 1}]}","2023-05-16 11:25:50","2030-01-01 00:00:00",1,2,sik-cocuk-kiyafetleri,"",Şık Çocuk Kıyafetleri,"LC Waikiki'de şık çocuk kıyafetlerini keşfedin. Mezuniyet, kutlama ve bayram şıklığı için çocuklarınızın gardırobunu güncelleyin. İndirimli fiyatlar ve hızlı kargo avantajlarıyla alışverişin keyfini çıkarın",95675,0,98798,false,false,0,"2026-02-17 21:40:47.12072",false
3119,[OLD] YAZLIKSTILLER-LP,1,1,1,"{""componentJson"": [{""id"": 6194, ""displayOrder"": 1}]}","2023-06-02 12:24:28","2030-01-01 00:00:00",1,2,yazlik-stiller,"",Yazlık Stiller,Yazlık Stiller,95675,0,98933,false,false,0,"2026-02-17 21:40:47.19447",false
3121,[OLD] TIRAMISU-TARIFI-LP,1,1,1,"{""componentJson"": [{""id"": 6199, ""displayOrder"": 1}, {""id"": 6200, ""displayOrder"": 2}, {""id"": 5081, ""displayOrder"": 3}]}","2023-06-15 13:55:11","2030-11-27 07:00:00",1,2,tiramisu-tarifi,"","Kolay Tiramisu Tarifi, Nasıl Yapılır? (Resimli-Videolu)","Tiramisu tarifi burada! Kedi dilli tiramisu tarifi, tiramisu malzemeleri ve yapımı videolu anlatımlı, sunum ürünleri modelleri uygun fiyatları ile LC Waikiki'de! ",95675,0,99067,false,false,0,"2026-02-17 21:40:47.532764",false
3126,[OLD] TIMELESS-KADIN-LP,1,1,1,"{""componentJson"": [{""id"": 6206, ""displayOrder"": 1}, {""id"": 6207, ""displayOrder"": 2}, {""id"": 6208, ""displayOrder"": 3}, {""id"": 6209, ""displayOrder"": 4}]}","2023-09-28 16:43:32","2030-01-01 00:00:00",1,2,timeless-kadin,/katalog,LC Waikiki Timeless Koleksiyonu: Zamansız Şıklık Şehrin İçinde,LC Waikiki'nin Timeless koleksiyonu ile şehrin içinde iz bırakın. Sade ve zamansız silüetlerle mükemmel uyum sağlayan parçaları keşfedin. Şimdi alışverişe başlayın!,95675,0,100035,false,false,0,"2026-02-17 21:40:48.124025",false
3131,[OLD] TEST,1,1,1,"{""componentJson"": [{""id"": 6221, ""displayOrder"": 1}, {""id"": 6222, ""displayOrder"": 2}, {""id"": 6223, ""displayOrder"": 3}, {""id"": 6224, ""displayOrder"": 4}, {""id"": 6225, ""displayOrder"": 5}, {""id"": 6226, ""displayOrder"": 6}, {""id"": 6227, ""displayOrder"": 7}, {""id"": 6228, ""displayOrder"": 8}]}","2025-08-20 11:20:11","2030-01-05 00:00:00",1,2,test,/katalog,"","",95675,0,101118,false,false,0,"2026-02-17 21:40:49.135701",false
3132,[OLD] BENIM-ICIN-AL-INFO,1,1,1,"{""componentJson"": [{""id"": 6229, ""displayOrder"": 1}]}","2024-07-23 09:47:39","2099-01-01 00:00:00",1,2,sharedwishlist,"","","",95675,0,102113,false,false,0,"2026-02-17 21:40:49.207738",false
3133,[OLD] NEWBORN-JOURNEY-LP-1-YENIDOGANIN-ILK-GUNLERI-REHBERI-BBR,1,1,1,"{""componentJson"": [{""id"": 6230, ""displayOrder"": 1}]}","2024-12-24 12:49:25","2030-01-01 00:00:00",1,2,yenidoganin-ilk-gunleri-rehberi-bbr,"","","",95675,0,103128,false,false,0,"2026-02-17 21:40:49.281358",false
3134,[OLD] NEWBORN-JOURNEY-LP-12-YENIDOGANLARDA-SARILIK-REHBERI-BBR,1,1,1,"{""componentJson"": [{""id"": 6231, ""displayOrder"": 1}]}","2024-12-24 13:17:21","2030-01-01 00:00:00",1,2,yenidoganlarda-sarilik-rehberi-bbr,"","","",95675,0,103139,false,false,0,"2026-02-17 21:40:49.364162",false
3135,[OLD] APP-PLAJ-LP-NT,1,1,1,"{""componentJson"": [{""id"": 6232, ""displayOrder"": 1}, {""id"": 6233, ""displayOrder"": 2}, {""id"": 6234, ""displayOrder"": 3}, {""id"": 6235, ""displayOrder"": 4}, {""id"": 6236, ""displayOrder"": 5}]}","2024-05-17 09:20:55","2030-05-30 00:00:00",1,2,plaj-nt,/katalog,"Plaj, Kadın - Erkek Plaj Ürünleri","Plaj ürünleri burada! Kadın plaj modası, erkek plaj modası, plaj ürünleri LC Waikiki'de! Hemen keşfet!",95675,0,103435,true,false,0,"2026-02-17 21:40:49.607979",false
3136,[OLD] APP-SICAK-YAZ-LP,1,1,1,"{""componentJson"": [{""id"": 6237, ""displayOrder"": 1}, {""id"": 6238, ""displayOrder"": 2}, {""id"": 6239, ""displayOrder"": 3}]}","2024-05-28 07:48:58","2030-11-27 04:00:00",1,2,yazlik-kiyafetler-urunler-nt,/katalog,"Yazlık Kıyafetler, Yaz Kıyafetleri, Yaz Ürünleri","Yazlık kıyafetler burada! Yaz trendleri, yaz modası, tatil kıyafetleri, en güzel yazlık kıyafet modelleri 2023'te uygun fiyatları ile LC Waikiki'de! Hemen keşfet!",95675,0,103523,true,false,0,"2026-02-17 21:40:49.765867",false
3137,[OLD] YORUM-YAP-KAZAN-LP,1,1,1,"{""componentJson"": [{""id"": 6240, ""displayOrder"": 1}]}","2024-06-14 06:52:58","2030-11-27 04:00:00",1,2,yoruma-ozel-indirim-kampanyasi,"","","",95675,0,104011,false,false,0,"2026-02-17 21:40:49.844684",false
3153,[OLD] HOME-YENI-YIL-YILBASI-LP,1,1,1,"{""componentJson"": [{""id"": 6273, ""displayOrder"": 1}, {""id"": 6274, ""displayOrder"": 2}, {""id"": 6275, ""displayOrder"": 3}, {""id"": 6276, ""displayOrder"": 4}]}","2024-11-21 14:26:37","2030-01-02 00:00:00",1,2,yeni-yil-yilbasi-ev-yasam,/katalog,"","",95675,0,105559,false,false,0,"2026-02-17 21:40:51.977667",false
3158,[OLD] LCW-WAIWAI-AYRICALIKLARI-YENI,1,1,1,"{""componentJson"": [{""id"": 6155, ""displayOrder"": 1}]}","2025-03-05 10:46:07","2030-12-06 17:12:00",1,2,wai-wai-uyeligi,/proje,"","",95675,0,106701,false,false,0,"2026-02-17 21:40:52.985728",false
3160,[OLD] APP-YAZLIK-ELBISE-MODELLERI-LP,1,1,1,"{""componentJson"": [{""id"": 6300, ""displayOrder"": 1}, {""id"": 6301, ""displayOrder"": 2}, {""id"": 6302, ""displayOrder"": 3}, {""id"": 6303, ""displayOrder"": 4}]}","2025-05-23 13:34:04","2030-01-01 00:00:00",1,2,yazlik-elbise-modelleri-nt,/katalog,"","",95675,0,107686,true,false,0,"2026-02-17 21:40:53.417386",false
3161,[OLD] APP-PLAJ-LP-NT-2025,1,1,1,"{""componentJson"": [{""id"": 6304, ""displayOrder"": 1}, {""id"": 6305, ""displayOrder"": 2}, {""id"": 6306, ""displayOrder"": 3}, {""id"": 6307, ""displayOrder"": 4}, {""id"": 6308, ""displayOrder"": 5}]}","2025-06-20 16:11:04","2030-05-30 00:00:00",1,2,plaj-nt,/katalog,"Plaj, Kadın - Erkek Plaj Ürünleri","Plaj ürünleri burada! Kadın plaj modası, erkek plaj modası, plaj ürünleri LC Waikiki'de! Hemen keşfet!",95675,0,107801,true,false,0,"2026-02-17 21:40:53.649034",false
3162,[OLD] SAHRA SAS SECIMLERI,1,1,1,"{""componentJson"": [{""id"": 6309, ""displayOrder"": 1}]}","2025-07-09 15:14:05","2030-01-01 00:00:00",1,2,sahra-sas-secimleri,/katalog,"","",95675,0,108353,false,true,0,"2026-02-17 21:40:53.722304",false
3164,[OLD] TESTVIDEOBANNER,1,1,1,"{""componentJson"": [{""id"": 6316, ""displayOrder"": 1}, {""id"": 6317, ""displayOrder"": 2}, {""id"": 6318, ""displayOrder"": 3}, {""id"": 6319, ""displayOrder"": 4}]}","2025-09-04 09:39:35","2033-12-31 21:00:00",1,2,testvideo,/katalog,test,test,95675,0,109731,false,false,0,"2026-02-17 21:40:54.259449",false
3165,[OLD] WEB-RASIT-BAGZIBAGLI-KOLEKSIYONU,1,1,1,"{""componentJson"": [{""id"": 6320, ""displayOrder"": 1}]}","2025-09-22 13:42:17","2030-01-01 00:00:00",1,2,rasit-bagzibagli-koleksiyonu,/katalog,"","",95675,0,110424,false,false,0,"2026-02-17 21:40:54.334633",false
3166,[OLD] APP-RASIT-BAGZIBAGLI-KOLEKSIYONU,1,1,1,"{""componentJson"": [{""id"": 6321, ""displayOrder"": 1}]}","2025-09-22 13:34:42","2030-01-01 00:00:00",1,2,rasit-bagzibagli-koleksiyonu-nt,/katalog,"","",95675,0,110425,true,false,0,"2026-02-17 21:40:54.408135",false
3167,[OLD] RASIT-BAGZIBAGLI-KOLEKSIYONU-MAGAZA-LISTESI,1,1,1,"{""componentJson"": [{""id"": 6322, ""displayOrder"": 1}]}","2025-10-06 13:03:58","2030-01-01 00:00:00",1,2,rasit-bagzibagli-koleksiyonu-magaza-listesi,"","","",95675,0,110730,false,false,0,"2026-02-17 21:40:54.491738",false
3168,[OLD] WEB-TRENDLER-HEPIMIZ-ICIN-LP,1,1,1,"{""componentJson"": [{""id"": 6323, ""displayOrder"": 1}]}","2025-10-15 17:04:29","2029-12-31 21:00:00",1,2,trendler-hepimiz-icin,/katalog,"","",95675,0,111155,false,false,0,"2026-02-17 21:40:54.565999",false
3169,[OLD] APP-TRENDLER-HEPIMIZ-ICIN-LP,1,1,1,"{""componentJson"": [{""id"": 6324, ""displayOrder"": 1}]}","2025-10-15 17:09:09","2029-12-31 21:00:00",1,2,trendler-hepimiz-icin-nt,/katalog,"","",95675,0,111156,true,false,0,"2026-02-17 21:40:54.641977",false
3170,[OLD] HOME-YENI-YIL-YILBASI-LP-2025,1,1,1,"{""componentJson"": [{""id"": 6325, ""displayOrder"": 1}, {""id"": 6326, ""displayOrder"": 2}, {""id"": 6327, ""displayOrder"": 3}, {""id"": 6328, ""displayOrder"": 4}, {""id"": 6329, ""displayOrder"": 5}]}","2024-11-21 14:26:37","2030-01-02 00:00:00",1,2,yeni-yil-yilbasi-ev-yasam,/katalog,"","",95675,0,113891,false,false,0,"2026-02-17 21:40:54.884877",false
3171,[OLD] APP-HOME-YENI-YIL-YILBASI-LP-2025,1,1,1,"{""componentJson"": [{""id"": 6330, ""displayOrder"": 1}, {""id"": 6331, ""displayOrder"": 2}, {""id"": 6332, ""displayOrder"": 3}]}","2025-11-13 08:06:47","2030-01-02 00:00:00",1,2,yeni-yil-yilbasi-ev-yasam-nt,/katalog,"","",95675,0,113892,true,false,0,"2026-02-17 21:40:55.037218",false
3172,[OLD] YILBASI-YENI-YIL-KOLEKSIYONU-LP-2025,1,1,1,"{""componentJson"": [{""id"": 6333, ""displayOrder"": 1}, {""id"": 6334, ""displayOrder"": 2}, {""id"": 6335, ""displayOrder"": 3}, {""id"": 6336, ""displayOrder"": 4}, {""id"": 6337, ""displayOrder"": 5}]}","2025-12-02 13:03:44.170614","2029-12-31 21:00:00",1,2,yilbasi-yeni-yil-koleksiyonu,/katalog,"","",95675,0,113898,false,true,0,"2026-02-17 21:40:55.280676",false
3173,[OLD] APP-YILBASI-YENI-YIL-KOLEKSIYONU-LP-2025,1,1,1,"{""componentJson"": [{""id"": 6338, ""displayOrder"": 1}, {""id"": 6339, ""displayOrder"": 2}, {""id"": 6340, ""displayOrder"": 3}]}","2025-11-13 11:55:20","2029-12-31 21:00:00",1,2,yilbasi-yeni-yil-koleksiyonu-nt,/katalog,"","",95675,0,113899,true,true,0,"2026-02-17 21:40:55.444936",false
3175,[OLD] LONDRADA-YAKIN-ARKADASLARLA-BIR-HAFTA-SONU-LP,1,1,1,"{""componentJson"": [{""id"": 6343, ""displayOrder"": 1}, {""id"": 6344, ""displayOrder"": 2}]}","2026-01-23 16:22:29","2030-11-27 04:00:00",1,2,yakin-arkadaslar,/katalog,"","",0,0,116845,false,false,0,"2026-02-17 21:40:55.77184",false
3143,[OLD] KIDOKIT-LP-14-SAĞLIKLI GELIŞIM İÇIN DIŞ BAKIM OYUNU,1,1,1,"{""componentJson"": [{""id"": 6251, ""displayOrder"": 1}]}","2024-11-12 11:26:43","2029-12-31 21:00:00",1,2,saglikli-gelisim-icin-dis-bakim-oyunu-cgr,/katalog,"","",95675,0,105131,false,false,0,"2026-02-17 21:40:50.517661",false
3144,[OLD] KIDOKIT-LP-15-SAĞLIKLI-GELIŞIM İÇIN SANDVIÇ YAPMA OYUNU,1,1,1,"{""componentJson"": [{""id"": 6252, ""displayOrder"": 1}]}","2024-11-12 11:27:09","2029-12-31 21:00:00",1,2,saglikli-gelisim-icin-sandvic-yapma-oyunu-cgr,/katalog,"","",95675,0,105132,false,false,0,"2026-02-17 21:40:50.616452",false
3145,[OLD] KIDOKIT-LP 17 TAKIM RUHU ILE OYUN ZAMANI,1,1,1,"{""componentJson"": [{""id"": 6253, ""displayOrder"": 1}]}","2024-10-23 12:00:30","2029-12-31 21:00:00",1,2,takim-ruhu-ile-oyun-zamani-cgr,/katalog,"","",95675,0,105134,false,false,0,"2026-02-17 21:40:50.710364",false
3146,[OLD] KIDOKIT-LP 18 YARATICI HIKAYE YOLCULUKLARI,1,1,1,"{""componentJson"": [{""id"": 6254, ""displayOrder"": 1}]}","2024-10-23 12:05:44","2029-12-31 21:00:00",1,2,yaratici-hikaye-yolculuklari-cgr,/katalog,"","",95675,0,105135,false,false,0,"2026-02-17 21:40:50.785866",false
3147,[OLD] KIDOKIT-LP-22-SAĞLIKLI-GELIŞIM İÇIN NEFESLI TASARIMLAR OYUNU,1,1,1,"{""componentJson"": [{""id"": 6255, ""displayOrder"": 1}]}","2024-11-12 11:28:34","2029-12-31 21:00:00",1,2,saglikli-gelisim-icin-nefesli-tasarimlar-oyunu-cgr,/katalog,"","",95675,0,105139,false,false,0,"2026-02-17 21:40:50.871797",false
3148,[OLD] KIDOKIT LP 23 SAĞLIKLI GELIŞIM IÇIN KAT KAT GIYINME OYUNU,1,1,1,"{""componentJson"": [{""id"": 6256, ""displayOrder"": 1}]}","2024-11-12 11:29:44","2029-12-31 21:00:00",1,2,saglikli-gelisim-icin-kat-kat-giyinme-oyunu-cgr,/katalog,"","",95675,0,105140,false,false,0,"2026-02-17 21:40:50.960682",false
3149,[OLD] KIDOKIT-LP-25-DR.GULAY KARA - YAZIN RASTLANILAN COCUK HASTALIKLARI,1,1,1,"{""componentJson"": [{""id"": 6257, ""displayOrder"": 1}]}","2024-11-12 11:41:57","2029-12-31 21:00:00",1,2,yazin-rastlanilan-cocuk-hastaliklari-cgr,/katalog,"","",95675,0,105142,false,false,0,"2026-02-17 21:40:51.042636",false
3150,[OLD] KIDOKIT-LP-29 DR.GULAY KARA - PROBIYOTIKLERIN ONEMI,1,1,1,"{""componentJson"": [{""id"": 6258, ""displayOrder"": 1}]}","2024-11-12 11:52:07","2029-12-31 21:00:00",1,2,probiyotiklerin-onemi-cgr,/katalog,"","",95675,0,105146,false,false,0,"2026-02-17 21:40:51.117508",false
3151,[OLD] YILBASI-YENI-YIL-KOLEKSIYONU-LP,1,1,1,"{""componentJson"": [{""id"": 6259, ""displayOrder"": 1}, {""id"": 6260, ""displayOrder"": 2}, {""id"": 6261, ""displayOrder"": 3}, {""id"": 6262, ""displayOrder"": 4}, {""id"": 6263, ""displayOrder"": 5}]}","2024-11-21 18:23:45","2029-12-31 21:00:00",1,2,yilbasi-yeni-yil-koleksiyonu,/katalog,"","",95675,0,105554,false,false,0,"2026-02-17 21:40:51.378303",false
3152,[OLD] APP-YILBASI-YENI-YIL-KOLEKSIYONU-LP,1,1,1,"{""componentJson"": [{""id"": 6264, ""displayOrder"": 1}, {""id"": 6265, ""displayOrder"": 2}, {""id"": 6266, ""displayOrder"": 3}, {""id"": 6267, ""displayOrder"": 4}, {""id"": 6268, ""displayOrder"": 5}, {""id"": 6269, ""displayOrder"": 6}, {""id"": 6270, ""displayOrder"": 7}, {""id"": 6271, ""displayOrder"": 8}, {""id"": 6272, ""displayOrder"": 9}]}","2024-11-19 11:30:01","2029-12-31 21:00:00",1,2,yilbasi-yeni-yil-koleksiyonu-nt,/katalog,"","",95675,0,105558,true,false,0,"2026-02-17 21:40:51.787183",false
3154,[OLD] APP-HOME-YENI-YIL-YILBASI-LP,1,1,1,"{""componentJson"": [{""id"": 6277, ""displayOrder"": 1}, {""id"": 6278, ""displayOrder"": 2}, {""id"": 6279, ""displayOrder"": 3}, {""id"": 6280, ""displayOrder"": 4}, {""id"": 6281, ""displayOrder"": 5}, {""id"": 6282, ""displayOrder"": 6}, {""id"": 6283, ""displayOrder"": 7}, {""id"": 6284, ""displayOrder"": 8}]}","2024-11-21 14:25:07","2030-01-02 00:00:00",1,2,yeni-yil-yilbasi-ev-yasam-nt,/katalog,"","",95675,0,105560,true,false,0,"2026-02-17 21:40:52.341613",false
3155,[OLD] APP-SEVGILILER-GUNU-LP,1,1,1,"{""componentJson"": [{""id"": 6285, ""displayOrder"": 1}, {""id"": 6286, ""displayOrder"": 2}, {""id"": 6287, ""displayOrder"": 3}, {""id"": 6288, ""displayOrder"": 4}, {""id"": 6289, ""displayOrder"": 5}]}","2025-01-27 15:13:22","2030-02-02 13:01:41",1,2,sevgililer-gunu-hediyesi-nt,/katalog,"","",95675,0,106265,true,false,0,"2026-02-17 21:40:52.573477",false
3159,[OLD] YAZLIK-ELBISE-MODELLERI-LP,1,1,1,"{""componentJson"": [{""id"": 6296, ""displayOrder"": 1}, {""id"": 6297, ""displayOrder"": 2}, {""id"": 6298, ""displayOrder"": 3}, {""id"": 6299, ""displayOrder"": 4}]}","2025-05-23 13:34:04","2030-01-01 00:00:00",1,2,yazlik-elbise-modelleri,/katalog,"","",95675,0,107685,false,false,0,"2026-02-17 21:40:53.208889",false
3163,[OLD] APP-SAHRA SAS SECIMLERI,1,1,1,"{""componentJson"": [{""id"": 6310, ""displayOrder"": 1}, {""id"": 6311, ""displayOrder"": 2}, {""id"": 6312, ""displayOrder"": 3}, {""id"": 6313, ""displayOrder"": 4}, {""id"": 6314, ""displayOrder"": 5}, {""id"": 6315, ""displayOrder"": 6}]}","2025-07-09 15:21:04","2030-01-01 00:00:00",1,2,sahra-sas-secimleri-nt,/katalog,"","",95675,0,108354,true,true,0,"2026-02-17 21:40:54.038149",false
3174,[OLD] HOME-YENI-YIL-YILBASI-LP-2025-2,1,1,1,"{""componentJson"": [{""id"": 6325, ""displayOrder"": 1}, {""id"": 6326, ""displayOrder"": 2}, {""id"": 6327, ""displayOrder"": 3}, {""id"": 6341, ""displayOrder"": 4}, {""id"": 6342, ""displayOrder"": 5}]}","2025-11-18 07:18:20","2026-11-18 06:44:31",1,2,yeni-yil-yilbasi-ev-yasam,/katalog,"","",0,0,114457,false,false,0,"2026-02-17 21:40:55.65114",false
3176,[OLD] APP-LONDRADA-YAKIN-ARKADASLARLA-BIR-HAFTA-SONU-LP,1,1,1,"{""componentJson"": [{""id"": 6345, ""displayOrder"": 1}, {""id"": 6346, ""displayOrder"": 2}]}","2025-12-03 08:24:58","2030-11-27 04:00:00",1,2,yakin-arkadaslar-nt,/katalog,"","",0,0,116846,true,false,0,"2026-02-17 21:40:55.890635",false
3156,[OLD] YENIDOGAN-BEBEK-IHTIYAC-LISTESI-LP,1,1,1,"{""componentJson"": [{""id"": 6291, ""status"": true, ""displayOrder"": 1}, {""id"": 6290, ""status"": true, ""displayOrder"": 2}, {""id"": 6292, ""status"": true, ""displayOrder"": 3}, {""id"": 7545, ""status"": true, ""displayOrder"": 4}]}","2025-07-23 08:43:17","2030-01-01 00:00:00",1,2,yenidogan-bebek-ihtiyac-listesi,/katalog,"","",0,0,0,false,false,1,"2026-02-17 21:40:52.728385",false
3177,[OLD] SEVGILILER-GUNU-2026,1,1,1,"{""componentJson"": [{""id"": 6347, ""displayOrder"": 1}, {""id"": 6348, ""displayOrder"": 2}, {""id"": 6349, ""displayOrder"": 3}, {""id"": 6350, ""displayOrder"": 4}, {""id"": 6351, ""displayOrder"": 5}]}","2026-01-25 18:54:46","2030-02-02 13:01:41",1,2,sevgililer-gunu-hediyesi,/katalog,"","",95675,0,122716,false,false,0,"2026-02-17 21:40:56.129265",false
